price,tavg,tmin,tmax,prcp,wdir,wspd,pres,RON 95-III
25000.0,84.6,78.8,91.4,0.268,235.0,11.7,1005.8,21.17
25000.0,82.9,77.0,93.2,0.268,221.0,9.8,1007.5,21.17
25000.0,83.7,78.8,89.6,0.268,235.0,7.6,1007.9,21.17
32000.0,83.1,78.8,89.6,0.268,244.0,10.4,1007.7,21.17
32000.0,83.1,77.0,91.4,0.268,258.0,8.8,1008.8,21.17
32000.0,83.5,78.8,93.2,0.268,252.0,9.7,1007.8,21.17
32000.0,84.9,78.8,91.4,0.268,244.0,11.4,1007.5,21.17
32000.0,85.3,80.6,91.4,0.268,249.0,8.5,1008.7,21.17
32000.0,81.1,75.2,89.6,0.268,239.0,5.8,1009.3,21.17
32000.0,83.1,75.2,91.4,0.268,264.0,9.6,1008.3,21.17
32000.0,83.8,75.2,91.4,0.268,274.0,6.5,1006.4,21.47
32000.0,81.0,75.2,89.6,0.268,269.0,5.2,1005.7,21.47
32000.0,83.8,77.0,91.4,0.268,251.0,5.3,1010.4,21.47
32000.0,83.5,77.0,89.6,0.268,254.0,5.4,1009.5,21.47
32000.0,79.2,75.2,87.8,0.268,256.0,6.9,1008.1,21.47
32000.0,80.6,73.4,89.6,0.268,240.0,6.1,1007.0,21.47
32000.0,80.8,77.0,87.8,0.268,252.0,7.0,1006.9,21.47
32000.0,78.8,77.0,84.2,0.268,235.0,10.2,1006.2,21.47
32000.0,79.2,77.0,89.6,0.268,246.0,7.9,1008.6,21.47
32000.0,82.2,77.0,93.2,0.268,314.0,4.8,1008.6,21.47
32000.0,80.8,77.0,89.6,0.268,355.0,3.7,1008.4,21.47
32000.0,82.8,77.0,91.4,0.268,109.0,4.2,1009.3,21.77
32000.0,78.6,75.2,87.8,0.268,21.0,3.5,1010.5,21.77
32000.0,83.1,75.2,91.4,0.268,289.0,5.5,1009.2,21.77
32000.0,84.0,75.2,93.2,0.268,267.0,5.1,1008.1,21.77
32000.0,80.8,77.0,89.6,0.268,69.0,4.5,1010.2,21.77
32000.0,85.3,77.9,93.2,0.268,110.0,5.4,1009.2,22.34
32000.0,83.7,77.0,91.4,0.268,113.0,5.1,1011.2,22.34
32000.0,84.7,80.6,91.4,0.268,150.0,6.0,1010.7,22.34
32000.0,81.7,78.8,91.4,0.268,210.0,4.3,1009.6,22.34
32000.0,81.7,75.2,93.2,0.268,296.0,3.7,1009.0,22.34
32000.0,79.5,75.2,84.2,0.268,51.0,3.7,1009.3,22.34
32000.0,81.9,75.2,93.2,0.268,353.0,4.2,1011.0,22.2
32000.0,83.8,75.2,91.4,0.268,106.0,6.5,1011.4,22.2
32000.0,84.6,77.0,93.2,0.268,104.0,5.7,1011.4,22.2
32000.0,83.8,77.0,93.2,0.268,18.0,4.0,1008.9,22.2
32000.0,81.7,73.4,89.6,0.268,11.0,4.1,1008.8,22.2
32000.0,82.2,71.6,91.4,0.268,14.0,5.0,1009.6,22.2
32000.0,83.5,73.4,91.4,0.268,144.0,5.2,1009.0,22.2
32000.0,83.1,77.0,89.6,0.268,49.0,3.6,1009.9,22.2
35000.0,86.0,77.0,95.0,0.268,44.0,3.5,1008.3,21.06
35000.0,78.8,77.0,84.2,0.268,74.0,7.8,1009.0,21.06
35000.0,83.8,77.0,91.4,0.268,84.0,7.6,1008.9,21.06
35000.0,84.0,77.0,93.2,0.268,84.0,7.3,1008.5,21.06
35000.0,85.8,77.0,95.0,0.268,88.0,6.2,1009.3,21.06
35000.0,82.2,78.8,93.2,0.268,71.0,5.6,1009.0,21.06
35000.0,82.8,78.8,91.4,0.268,99.0,4.6,1007.6,21.06
35000.0,83.3,77.0,91.4,0.268,96.0,4.6,1008.4,21.06
35000.0,84.9,77.0,93.2,0.268,102.0,5.2,1009.6,21.06
35000.0,82.8,77.0,91.4,0.268,108.0,5.8,1010.4,21.06
35000.0,82.6,75.2,87.8,0.268,89.0,8.5,1010.8,21.06
35000.0,83.8,77.0,91.4,0.268,113.0,7.4,1011.1,21.06
35000.0,84.2,77.0,93.2,0.268,79.0,4.7,1010.3,19.97
35000.0,83.8,75.2,91.4,0.268,297.0,4.5,1010.6,19.97
35000.0,83.8,77.0,91.4,0.268,347.0,7.6,1010.5,19.97
35000.0,77.4,73.4,78.8,0.268,148.0,9.0,1008.2,19.97
35000.0,82.2,75.2,89.6,0.268,134.0,6.6,1011.6,19.97
25000.0,81.1,77.0,91.4,0.268,1.0,4.0,1008.8,18.14
25000.0,82.2,77.0,91.4,0.268,255.0,3.7,1008.4,18.14
40000.0,80.6,77.0,87.8,0.268,261.0,5.0,1008.2,18.14
40000.0,78.3,75.2,82.4,0.268,334.0,3.5,1008.6,18.14
40000.0,82.0,73.4,87.8,0.268,51.0,7.6,1011.9,17.6
40000.0,84.7,77.0,93.2,0.268,92.0,12.1,1012.5,17.6
40000.0,83.8,75.2,95.0,0.268,91.0,6.7,1011.5,17.6
40000.0,81.7,73.4,89.6,0.268,84.0,4.8,1012.0,17.6
40000.0,83.3,73.4,93.2,0.268,99.0,5.3,1012.0,17.6
40000.0,83.7,78.8,91.4,0.268,75.0,4.5,1010.2,17.6
40000.0,82.0,75.2,93.2,0.268,68.0,4.3,1010.2,17.6
40000.0,82.2,73.4,93.2,0.268,66.0,5.7,1010.6,17.6
42000.0,80.4,69.8,91.4,0.268,1.0,4.6,1013.5,17.6
46000.0,84.2,78.8,96.8,0.268,88.0,9.1,1014.6,17.6
46000.0,83.7,75.2,93.2,0.268,101.0,7.3,1014.4,17.6
46000.0,84.2,73.4,95.0,0.268,108.0,8.8,1012.7,17.6
46000.0,84.0,77.0,95.0,0.268,109.0,10.0,1013.3,17.6
46000.0,83.3,77.0,93.2,0.268,144.0,9.3,1011.7,17.6
46000.0,83.5,77.0,91.4,0.268,133.0,8.4,1012.6,17.6
46000.0,84.4,77.0,93.2,0.268,132.0,8.3,1013.8,17.6
46000.0,82.9,78.8,89.6,0.268,141.0,8.8,1011.4,17.6
46000.0,84.0,78.8,95.0,0.268,128.0,10.3,1010.9,17.6
46000.0,84.0,78.8,95.0,0.268,121.0,9.1,1010.5,17.6
46000.0,83.8,78.8,93.2,0.268,132.0,9.9,1009.5,17.6
46000.0,83.5,77.0,93.2,0.268,126.0,8.9,1010.1,17.6
46000.0,81.7,77.0,89.6,0.268,150.0,7.1,1009.3,18.54
46000.0,82.4,75.2,93.2,0.268,151.0,7.5,1010.0,18.54
46000.0,83.5,75.2,95.0,0.268,151.0,6.2,1010.9,18.54
46000.0,83.8,77.0,91.4,0.268,172.0,7.0,1010.5,18.54
46000.0,84.4,78.8,93.2,0.268,147.0,7.8,1010.8,18.54
46000.0,85.8,78.8,96.8,0.268,190.0,6.8,1010.7,18.54
46000.0,84.7,80.6,93.2,0.268,168.0,7.3,1011.2,18.54
46000.0,87.1,80.6,95.0,0.268,149.0,7.5,1011.7,18.54
46000.0,84.4,80.6,93.2,0.268,142.0,8.2,1012.7,18.54
46000.0,86.5,78.8,96.8,0.268,133.0,8.6,1011.9,18.54
46000.0,87.3,78.8,98.6,0.268,129.0,8.4,1010.5,18.54
46000.0,84.9,80.6,95.0,0.268,128.0,8.8,1011.1,18.54
46000.0,86.7,78.8,96.8,0.268,125.0,9.2,1011.1,20.03
46000.0,85.8,82.4,93.2,0.268,137.0,8.1,1010.9,20.03
46000.0,84.9,77.0,91.4,0.268,125.0,6.3,1011.0,20.03
46000.0,86.2,82.4,93.2,0.268,143.0,7.7,1009.3,20.03
46000.0,87.1,80.6,95.0,0.268,145.0,7.5,1009.1,20.03
46000.0,88.0,82.4,95.0,0.268,147.0,6.0,1008.8,20.03
46000.0,87.1,82.4,95.0,0.268,165.0,6.8,1008.0,20.03
46000.0,88.0,80.6,95.0,0.268,173.0,6.8,1008.0,20.03
46000.0,88.5,82.4,96.8,0.268,158.0,6.7,1008.9,20.03
46000.0,87.4,78.8,96.8,0.268,178.0,6.6,1009.1,21.23
40000.0,87.6,84.2,95.0,0.268,166.0,7.4,1008.3,21.23
40000.0,88.9,82.4,98.6,0.268,177.0,6.4,1007.3,21.23
25000.0,88.5,82.4,96.8,0.268,141.0,7.5,1006.4,21.23
25000.0,88.9,84.2,98.6,0.268,138.0,8.7,1007.4,21.23
25000.0,88.3,84.2,96.8,0.268,143.0,8.4,1007.1,21.23
25000.0,88.0,82.4,95.0,0.268,143.0,8.2,1007.0,21.23
23000.0,84.6,77.0,95.0,0.268,176.0,6.3,1008.3,22.19
23000.0,85.8,77.0,95.0,0.268,185.0,5.3,1009.2,22.19
23000.0,88.2,80.6,96.8,0.268,183.0,6.1,1009.4,22.19
20000.0,83.5,78.8,93.2,0.268,214.0,6.2,1006.1,22.19
20000.0,81.9,75.2,91.4,0.268,241.0,5.3,1007.8,22.19
20000.0,85.8,78.8,95.0,0.268,191.0,6.1,1007.7,22.19
20000.0,85.5,80.6,93.2,0.268,165.0,5.3,1008.1,22.19
20000.0,86.7,80.6,96.8,0.268,218.0,5.0,1008.6,22.19
20000.0,88.0,78.8,95.0,0.268,246.0,6.6,1008.2,21.59
20000.0,85.3,78.8,95.0,0.268,220.0,7.1,1008.2,21.59
25000.0,84.6,80.6,95.0,0.268,218.0,6.3,1008.4,21.59
25000.0,82.6,77.0,95.0,0.268,216.0,4.8,1008.6,21.59
25000.0,86.9,78.8,95.0,0.268,143.0,5.5,1007.0,21.59
25000.0,82.2,78.8,93.2,0.268,225.0,4.2,1007.5,21.21
25000.0,83.5,77.0,95.0,0.268,104.0,3.0,1007.4,21.21
25000.0,83.3,78.8,93.2,0.268,134.0,5.2,1008.2,21.21
25000.0,82.9,75.2,89.6,0.268,192.0,4.9,1009.4,21.21
25000.0,84.6,78.8,91.4,0.268,257.0,10.0,1006.7,21.21
25000.0,85.3,80.6,91.4,0.268,257.0,8.3,1007.4,21.21
25000.0,84.0,80.6,91.4,0.268,249.0,7.8,1007.4,21.21
25000.0,82.0,80.6,87.8,0.268,243.0,8.3,1007.9,20.13
25000.0,85.1,77.0,93.2,0.268,264.0,8.0,1007.8,20.13
25000.0,86.7,78.8,95.0,0.268,290.0,7.3,1007.0,20.13
25000.0,86.7,80.6,95.0,0.268,271.0,5.7,1006.3,20.13
25000.0,83.7,78.8,95.0,0.268,271.0,5.0,1005.6,20.13
25000.0,82.2,75.2,91.4,0.268,197.0,7.1,1007.9,20.13
25000.0,84.4,78.8,93.2,0.268,233.0,5.8,1008.5,20.13
25000.0,84.4,78.8,93.2,0.268,246.0,8.6,1007.9,20.13
25000.0,85.3,78.8,91.4,0.268,253.0,10.5,1006.7,20.13
25000.0,82.9,78.8,91.4,0.268,241.0,10.7,1005.9,20.51
25000.0,78.1,75.2,82.4,0.268,245.0,10.8,1007.4,20.51
25000.0,80.2,73.4,87.8,0.268,234.0,6.6,1009.0,20.51
25000.0,83.7,77.0,91.4,0.268,260.0,6.5,1007.9,20.51
25000.0,84.7,78.8,93.2,0.268,224.0,7.6,1008.7,20.51
25000.0,86.2,78.8,93.2,0.268,248.0,8.6,1008.6,20.51
25000.0,87.3,80.6,95.0,0.268,261.0,9.0,1009.8,20.51
25000.0,86.7,80.6,93.2,0.268,248.0,8.4,1009.2,20.51
25000.0,84.7,80.6,95.0,0.268,258.0,8.3,1005.4,20.51
25000.0,79.9,75.2,87.8,0.268,247.0,5.6,1004.8,21.23
25000.0,83.5,77.0,89.6,0.268,245.0,8.9,1005.0,21.23
25000.0,82.8,78.8,89.6,0.268,244.0,9.0,1005.9,21.23
25000.0,83.1,78.8,93.2,0.268,283.0,6.1,1007.2,21.23
25000.0,83.7,77.0,93.2,0.268,279.0,6.0,1006.8,21.23
25000.0,82.8,75.2,93.2,0.268,282.0,6.5,1007.7,21.23
25000.0,79.9,75.2,89.6,0.268,271.0,6.8,1010.1,21.23
25000.0,82.6,77.0,93.2,0.268,310.0,7.0,1008.7,21.23
25000.0,80.4,73.4,91.4,0.268,249.0,7.6,1008.1,21.23
25000.0,83.7,77.0,91.4,0.268,253.0,8.6,1006.6,21.23
25000.0,82.9,75.2,93.2,0.268,252.0,10.8,1005.6,21.23
25000.0,82.6,78.8,91.4,0.268,250.0,11.7,1006.9,20.91
25000.0,79.5,77.0,86.0,0.268,246.0,11.8,1007.6,20.91
25000.0,80.8,77.0,87.8,0.268,246.0,10.9,1005.9,20.91
25000.0,78.4,75.2,86.0,0.268,257.0,9.9,1006.2,20.91
25000.0,79.5,75.2,84.2,0.268,256.0,8.1,1005.3,20.91
25000.0,79.9,75.2,86.0,0.268,250.0,10.2,1004.6,20.91
25000.0,79.5,75.2,84.2,0.268,244.0,10.8,1003.8,20.91
25000.0,84.6,78.8,93.2,0.268,232.0,8.0,1007.8,20.91
25000.0,84.2,78.8,89.6,0.268,255.0,8.5,1008.5,20.91
25000.0,85.5,78.8,93.2,0.268,260.0,8.6,1008.0,20.91
25000.0,85.3,80.6,93.2,0.268,243.0,12.0,1007.9,20.91
25000.0,83.7,78.8,91.4,0.268,218.0,11.1,1008.1,20.4
25000.0,85.6,78.8,95.0,0.268,251.0,9.1,1007.7,20.4
25000.0,83.8,78.8,91.4,0.268,231.0,9.5,1006.7,20.4
25000.0,81.9,78.8,87.8,0.268,237.0,7.6,1008.8,20.4
25000.0,83.3,77.0,91.4,0.268,251.0,8.5,1008.8,20.4
25000.0,85.6,78.8,93.2,0.268,269.0,7.3,1011.2,20.23
25000.0,85.5,78.8,93.2,0.268,300.0,7.1,1009.7,20.23
25000.0,79.5,77.0,86.0,0.268,318.0,7.0,1007.8,20.23
25000.0,80.4,75.2,87.8,0.268,231.0,6.2,1006.5,20.14
25000.0,81.5,78.8,86.0,0.268,242.0,9.4,1007.1,20.14
25000.0,78.8,77.0,84.2,0.268,236.0,9.2,1008.5,20.14
25000.0,80.8,77.0,87.8,0.268,243.0,7.5,1009.9,20.14
25000.0,81.1,77.0,87.8,0.268,243.0,4.5,1009.3,20.14
25000.0,81.3,75.2,91.4,0.268,75.0,4.0,1011.6,20.14
25000.0,85.3,75.2,91.4,0.268,75.0,3.9,1010.9,20.14
25000.0,85.5,78.8,95.0,0.268,55.0,4.5,1011.1,20.14
25000.0,81.0,73.4,93.2,0.268,55.0,2.9,1011.8,20.14
25000.0,82.2,75.2,93.2,0.268,21.0,4.5,1011.4,20.14
30000.0,81.9,75.2,89.6,0.268,198.0,3.9,1010.4,21.06
30000.0,81.3,77.0,89.6,0.268,254.0,3.5,1010.5,21.06
35000.0,84.2,73.4,89.6,0.268,88.0,4.1,1009.6,21.06
35000.0,84.7,77.0,91.4,0.268,108.0,5.5,1009.8,21.06
45000.0,82.9,75.2,91.4,0.268,79.0,3.9,1010.0,21.06
45000.0,84.6,77.0,91.4,0.268,79.0,4.5,1009.3,21.06
45000.0,83.7,75.2,93.2,0.268,79.0,4.8,1010.2,21.06
25000.0,84.6,77.0,93.2,0.268,87.0,6.1,1009.7,21.06
25000.0,83.5,77.0,95.0,0.268,45.0,4.5,1009.6,20.79
25000.0,83.8,77.0,93.2,0.268,62.0,4.7,1009.3,20.79
25000.0,83.5,77.0,89.6,0.268,138.0,3.2,1008.5,20.79
25000.0,84.9,78.8,91.4,0.268,138.0,4.0,1007.6,20.79
25000.0,84.9,80.6,93.2,0.268,108.0,5.6,1008.8,20.79
25000.0,82.8,75.2,93.2,0.268,93.0,4.3,1008.7,20.79
25000.0,84.7,75.2,93.2,0.268,22.0,6.5,1008.5,20.79
25000.0,85.3,78.8,93.2,0.268,340.0,5.8,1006.8,20.79
25000.0,80.4,77.0,86.0,0.268,118.0,6.8,1006.8,20.44
25000.0,82.8,73.4,93.2,0.268,21.0,5.7,1008.1,20.44
25000.0,80.8,77.0,86.0,0.268,150.0,3.9,1007.8,20.44
25000.0,82.2,77.0,89.6,0.268,61.0,3.0,1009.0,20.44
25000.0,82.0,77.0,91.4,0.268,345.0,3.1,1010.4,20.44
30000.0,82.2,75.2,91.4,0.268,51.0,3.6,1009.9,20.79
30000.0,81.7,73.4,89.6,0.268,346.0,3.0,1010.6,20.79
30000.0,82.9,77.0,91.4,0.268,15.0,3.5,1010.3,20.79
28000.0,80.4,71.6,91.4,0.268,357.0,3.8,1012.1,21.07
28000.0,83.8,75.2,91.4,0.268,89.0,6.5,1010.0,20.88
28000.0,83.5,73.4,91.4,0.268,91.0,4.8,1010.5,20.88
28000.0,83.3,77.0,93.2,0.268,98.0,5.0,1011.0,20.88
28000.0,82.2,75.2,89.6,0.268,102.0,5.0,1010.9,20.88
28000.0,80.8,75.2,89.6,0.268,143.0,5.3,1010.1,20.88
28000.0,81.7,71.6,89.6,0.268,141.0,4.5,1010.5,20.88
28000.0,80.8,75.2,87.8,0.268,162.0,4.7,1011.0,20.88
26000.0,83.7,75.2,95.0,0.268,104.0,5.3,1009.2,20.99
35000.0,82.2,71.6,93.2,0.268,90.0,5.8,1010.9,20.91
35000.0,84.0,73.4,93.2,0.268,114.0,5.3,1012.4,20.91
25000.0,80.8,73.4,87.8,0.268,110.0,5.0,1011.8,20.12
25000.0,81.1,69.8,91.4,0.268,100.0,5.8,1012.8,20.12
25000.0,81.9,71.6,95.0,0.268,102.0,7.3,1011.6,20.12
25000.0,81.3,71.6,93.2,0.268,98.0,6.3,1011.3,20.12
25000.0,81.1,71.6,89.6,0.268,111.0,5.9,1012.3,20.12
25000.0,81.7,73.4,95.0,0.268,105.0,6.8,1012.5,20.12
25000.0,82.8,73.4,91.4,0.268,103.0,4.8,1012.5,20.12
25000.0,85.5,73.4,95.0,0.268,103.0,8.1,1012.8,20.12
25000.0,84.9,78.8,95.0,0.268,122.0,10.2,1012.5,20.12
25000.0,83.8,78.8,95.0,0.268,138.0,9.1,1011.5,20.12
25000.0,82.0,77.0,89.6,0.268,154.0,7.6,1010.3,19.38
25000.0,82.9,75.2,96.8,0.268,100.0,7.5,1012.8,19.38
23000.0,82.6,77.0,91.4,0.268,86.0,4.3,1012.9,19.38
23000.0,82.0,71.6,95.0,0.268,77.0,5.0,1013.1,19.38
23000.0,83.5,73.4,93.2,0.268,5.0,4.2,1013.0,19.38
23000.0,83.7,73.4,95.0,0.268,42.0,6.5,1014.1,19.38
23000.0,82.9,71.6,95.0,0.268,74.0,4.7,1012.1,19.38
23000.0,84.0,73.4,93.2,0.268,104.0,5.4,1010.8,19.38
23000.0,84.4,75.2,96.8,0.268,104.0,7.8,1011.0,19.38
23000.0,84.0,75.2,95.0,0.268,116.0,7.9,1010.2,19.38
23000.0,83.7,73.4,95.0,0.268,102.0,6.2,1009.8,19.38
25000.0,85.5,78.8,96.8,0.268,132.0,9.1,1009.7,19.12
25000.0,84.6,78.8,95.0,0.268,114.0,7.5,1009.8,19.12
25000.0,84.0,78.8,93.2,0.268,133.0,8.0,1010.0,19.12
25000.0,84.4,78.8,93.2,0.268,137.0,9.2,1010.6,19.12
28000.0,85.3,80.6,95.0,0.268,187.0,6.8,1007.9,19.12
28000.0,85.8,80.6,95.0,0.268,167.0,6.7,1008.2,19.12
28000.0,84.2,80.6,91.4,0.268,147.0,8.3,1010.6,19.12
28000.0,86.4,78.8,96.8,0.268,137.0,9.1,1011.2,19.12
28000.0,84.6,78.8,93.2,0.268,152.0,8.1,1011.5,19.12
28000.0,86.5,78.8,98.6,0.268,113.0,8.0,1011.1,16.81
22000.0,85.8,78.8,96.8,0.268,128.0,8.8,1011.5,16.81
22000.0,85.3,78.8,95.0,0.268,144.0,8.6,1010.4,16.81
22000.0,85.3,80.6,95.0,0.268,146.0,8.6,1010.3,16.81
22000.0,84.7,78.8,93.2,0.268,144.0,9.6,1011.3,16.81
22000.0,84.6,80.6,93.2,0.268,143.0,8.3,1010.0,16.81
24000.0,84.9,78.8,93.2,0.268,139.0,8.9,1009.4,16.81
24000.0,85.5,80.6,95.0,0.268,137.0,10.0,1008.3,16.81
24000.0,85.5,80.6,93.2,0.268,140.0,9.4,1009.4,16.81
24000.0,84.9,78.8,95.0,0.268,144.0,7.7,1009.8,16.81
26000.0,86.4,80.6,95.0,0.268,146.0,7.8,1008.8,12.56
26000.0,87.1,80.6,95.0,0.268,149.0,6.5,1009.1,12.56
26000.0,86.7,80.6,95.0,0.268,145.0,8.5,1008.9,12.56
26000.0,87.1,80.6,96.8,0.268,136.0,9.1,1009.6,12.56
22000.0,88.0,82.4,98.6,0.268,132.0,10.1,1010.0,12.56
22000.0,87.3,80.6,95.0,0.268,139.0,9.3,1009.8,12.56
22000.0,86.0,82.4,93.2,0.268,149.0,8.0,1009.7,12.56
22000.0,85.6,80.6,93.2,0.268,144.0,7.0,1010.2,12.56
22000.0,85.3,78.8,95.0,0.268,109.0,8.0,1010.6,12.56
22000.0,84.6,78.8,95.0,0.268,129.0,7.6,1011.4,12.56
22000.0,81.5,78.8,87.8,0.268,71.0,4.5,1010.3,11.93
22000.0,83.5,78.8,93.2,0.268,46.0,3.9,1010.7,11.93
22000.0,84.7,77.0,95.0,0.268,4.0,4.1,1010.6,11.93
22000.0,86.4,78.8,95.0,0.268,132.0,8.7,1009.7,11.93
22000.0,85.8,80.6,95.0,0.268,137.0,9.2,1010.2,11.93
22000.0,87.1,82.4,96.8,0.268,145.0,8.1,1009.8,11.93
22000.0,87.6,80.6,98.6,0.268,139.0,8.3,1008.8,11.93
22000.0,88.0,80.6,95.0,0.268,145.0,7.5,1008.9,11.93
22000.0,89.6,84.2,98.6,0.268,139.0,9.1,1008.6,11.93
22000.0,85.5,82.4,98.6,0.268,78.0,5.8,1009.0,11.93
22000.0,84.7,77.0,95.0,0.268,62.0,4.2,1010.2,11.93
22000.0,85.6,78.8,96.8,0.268,62.0,5.0,1009.7,11.63
22000.0,87.8,78.8,96.8,0.268,117.0,6.2,1009.1,11.63
22000.0,88.0,82.4,95.0,0.268,143.0,6.5,1008.5,11.63
22000.0,88.5,84.2,96.8,0.268,161.0,6.5,1007.6,11.63
22000.0,89.1,84.2,96.8,0.268,160.0,6.9,1007.4,11.63
22000.0,88.9,82.4,95.0,0.268,148.0,8.0,1006.8,11.63
22000.0,88.9,84.2,96.8,0.268,159.0,6.3,1007.1,11.63
22000.0,89.2,86.0,96.8,0.268,159.0,7.0,1008.3,11.63
22000.0,89.4,84.2,98.6,0.268,138.0,5.9,1008.0,11.63
20000.0,89.6,84.2,98.6,0.268,143.0,8.0,1007.8,12.23
20000.0,89.4,84.2,98.6,0.268,125.0,8.0,1007.6,12.23
22000.0,88.5,84.2,96.8,0.268,146.0,7.3,1005.5,12.23
22000.0,89.4,82.4,98.6,0.268,216.0,6.8,1005.2,12.23
22000.0,86.5,77.0,100.4,0.268,206.0,7.1,1005.6,12.23
22000.0,83.8,80.6,91.4,0.268,185.0,4.7,1006.7,12.23
22000.0,89.1,78.8,96.8,0.268,236.0,5.4,1006.8,12.23
22000.0,87.6,82.4,96.8,0.268,199.0,6.5,1006.3,12.23
20000.0,83.1,78.8,95.0,0.268,184.0,2.9,1010.3,12.23
20000.0,88.9,78.8,96.8,0.268,227.0,5.1,1009.8,12.23
20000.0,85.8,73.4,95.0,0.268,246.0,4.2,1009.3,12.23
20000.0,84.4,80.6,93.2,0.268,207.0,3.6,1009.2,13.12
20000.0,84.4,78.8,93.2,0.268,190.0,4.2,1009.6,13.12
20000.0,84.4,75.2,96.8,0.268,300.0,4.8,1010.0,13.12
20000.0,82.2,75.2,91.4,0.268,206.0,4.3,1009.6,13.12
20000.0,83.7,77.0,95.0,0.268,186.0,3.9,1008.1,13.12
20000.0,81.3,77.0,91.4,0.268,270.0,3.4,1008.4,13.12
20000.0,83.7,77.0,91.4,0.268,230.0,4.7,1008.5,13.12
20000.0,88.0,78.8,95.0,0.268,255.0,6.7,1006.7,13.12
20000.0,85.5,75.2,93.2,0.268,223.0,6.0,1007.1,13.12
20000.0,80.1,77.0,89.6,0.268,232.0,5.7,1007.9,13.12
20000.0,84.0,77.0,89.6,0.268,290.0,4.3,1006.7,13.12
20000.0,86.0,77.0,93.2,0.268,256.0,6.7,1004.7,14.08
20000.0,81.7,77.0,91.4,0.268,193.0,4.8,1009.0,14.08
18000.0,82.4,75.2,91.4,0.268,195.0,3.7,1008.8,14.08
18000.0,82.2,77.0,93.2,0.268,354.0,3.3,1008.3,14.08
18000.0,86.5,78.8,95.0,0.268,316.0,5.3,1007.8,14.08
18000.0,85.5,80.6,93.2,0.268,247.0,4.2,1007.6,14.08
20000.0,84.7,77.0,93.2,0.268,185.0,3.7,1006.5,14.08
20000.0,86.7,78.8,95.0,0.268,228.0,3.0,1007.1,14.08
20000.0,83.5,77.0,95.0,0.268,239.0,4.5,1007.3,14.08
20000.0,80.4,77.0,89.6,0.268,254.0,4.5,1007.3,14.08
20000.0,82.6,77.0,93.2,0.268,249.0,4.0,1007.4,14.08
20000.0,79.0,75.2,86.0,0.268,241.0,4.5,1007.9,14.97
20000.0,80.4,77.0,87.8,0.268,254.0,4.3,1007.6,14.97
20000.0,82.9,77.0,89.6,0.268,281.0,5.8,1006.5,14.97
20000.0,81.9,75.2,89.6,0.268,244.0,8.7,1006.0,14.97
20000.0,81.3,77.0,84.2,0.268,229.0,6.3,1007.9,14.97
20000.0,82.6,78.8,86.0,0.268,170.0,4.4,1006.3,14.97
20000.0,85.3,80.6,91.4,0.268,164.0,6.4,1008.3,14.97
20000.0,79.9,75.2,87.8,0.268,182.0,3.0,1008.5,14.97
20000.0,85.6,75.2,93.2,0.268,263.0,3.6,1006.3,14.97
20000.0,83.8,80.6,93.2,0.268,225.0,5.1,1007.2,14.97
20000.0,81.5,77.0,89.6,0.268,236.0,5.2,1007.0,14.97
20000.0,84.7,75.2,96.8,0.268,319.0,4.7,1006.6,14.97
20000.0,85.8,78.8,93.2,0.268,174.0,5.3,1007.1,14.97
20000.0,82.0,75.2,91.4,0.268,237.0,3.4,1007.1,14.97
20000.0,82.4,77.0,89.6,0.268,137.0,3.5,1007.8,14.97
20000.0,86.4,78.8,93.2,0.268,188.0,3.4,1007.4,14.97
20000.0,81.1,73.4,94.5,0.268,188.0,4.5,1007.8,14.97
20000.0,80.2,75.2,91.4,0.268,238.0,3.8,1008.0,14.97
20000.0,85.6,78.8,95.0,0.268,212.0,4.0,1006.5,14.97
20000.0,82.6,75.2,91.4,0.268,250.0,4.5,1007.0,14.97
17500.0,81.3,75.2,87.8,0.268,246.0,7.8,1007.8,14.97
17500.0,86.4,80.6,91.4,0.268,251.0,10.2,1007.4,14.97
17500.0,81.7,78.8,87.8,0.268,220.0,6.6,1008.4,14.92
17500.0,80.4,77.0,87.8,0.268,205.0,5.0,1008.8,14.92
17500.0,81.3,77.0,89.6,0.268,201.0,3.5,1008.4,14.92
17500.0,84.6,77.0,91.4,0.268,281.0,5.6,1006.7,14.92
17500.0,84.6,78.8,93.2,0.268,278.0,5.3,1006.1,14.92
17500.0,81.1,77.0,89.6,0.268,259.0,7.1,1006.6,14.92
17500.0,85.6,78.8,93.2,0.268,249.0,5.8,1007.7,14.92
17500.0,84.0,78.8,93.2,0.268,239.0,4.5,1008.8,14.92
17500.0,86.9,78.8,95.0,0.268,255.0,5.2,1007.8,14.92
17500.0,87.1,80.6,95.0,0.268,250.0,8.6,1007.0,14.92
17500.0,86.5,80.6,93.2,0.268,252.0,9.9,1005.8,15.11
17500.0,83.7,78.8,95.0,0.268,267.0,4.7,1006.3,15.11
17500.0,81.0,77.0,89.6,0.268,320.0,3.8,1006.9,15.11
17500.0,85.3,77.0,91.4,0.268,290.0,3.6,1007.4,15.11
17500.0,84.4,75.2,93.2,0.268,270.0,5.7,1007.3,15.11
17500.0,85.5,78.8,91.4,0.268,244.0,4.7,1008.3,15.11
17500.0,82.8,75.2,93.2,0.268,299.0,4.1,1006.5,15.11
19750.0,82.6,77.0,93.2,0.268,316.0,3.1,1007.3,14.98
17500.0,79.2,75.2,86.0,0.268,311.0,3.7,1008.5,14.98
17500.0,81.9,75.2,87.8,0.268,294.0,4.7,1008.2,14.98
17500.0,81.1,73.4,89.6,0.268,176.0,4.0,1008.6,14.98
17500.0,82.2,77.0,91.4,0.268,325.0,3.2,1009.6,14.98
17500.0,81.9,75.2,91.4,0.268,325.0,6.0,1008.3,14.98
17500.0,81.1,77.0,87.8,0.268,219.0,6.5,1007.0,14.98
17500.0,80.8,77.0,86.0,0.268,260.0,5.7,1008.1,14.98
17500.0,82.0,77.0,86.0,0.268,307.0,4.2,1006.6,14.98
17500.0,78.4,77.0,82.4,0.268,184.0,4.7,1004.8,14.98
17500.0,81.7,77.0,89.6,0.268,184.0,4.3,1005.0,14.98
17500.0,79.0,77.0,86.0,0.268,184.0,3.4,1006.2,14.98
17500.0,80.8,77.0,87.8,0.268,278.0,6.2,1003.5,15.12
17500.0,80.2,77.0,86.0,0.268,260.0,6.3,1004.2,15.12
17500.0,78.4,77.0,80.6,0.268,217.0,5.2,1005.2,15.12
17500.0,79.9,77.0,87.8,0.268,261.0,6.1,1005.3,15.12
17500.0,82.6,77.0,87.8,0.268,262.0,4.3,1007.7,15.12
17500.0,83.3,77.0,89.6,0.268,316.0,5.0,1007.5,15.12
17500.0,82.0,78.8,87.8,0.268,322.0,5.1,1006.9,15.12
17500.0,84.4,77.0,91.4,0.268,322.0,3.7,1006.8,15.12
17500.0,82.8,78.8,89.6,0.268,287.0,5.0,1008.0,15.12
17500.0,82.8,77.0,89.6,0.268,293.0,5.2,1008.2,15.12
17500.0,81.5,77.0,87.8,0.268,315.0,7.6,1006.3,14.94
17500.0,80.8,78.8,84.2,0.268,279.0,8.1,1005.3,14.94
17500.0,80.8,77.0,91.4,0.268,219.0,6.8,1008.2,14.94
17500.0,82.2,77.0,89.6,0.268,310.0,4.2,1009.6,14.94
17500.0,83.8,77.0,91.4,0.268,36.0,3.9,1010.1,14.94
17500.0,81.7,78.8,89.6,0.268,262.0,5.2,1010.0,14.94
17500.0,84.7,77.0,93.2,0.268,302.0,3.9,1009.5,14.94
17500.0,81.1,78.8,86.0,0.268,316.0,4.4,1009.9,14.94
17500.0,81.3,73.4,87.8,0.268,359.0,5.5,1008.3,14.94
17500.0,78.1,77.0,84.2,0.268,323.0,10.1,1007.3,14.94
17500.0,78.6,71.6,86.0,0.268,12.0,4.6,1009.5,14.7
17500.0,81.1,73.4,91.4,0.268,12.0,3.9,1010.3,14.7
17500.0,81.1,75.2,87.8,0.268,317.0,3.8,1008.6,14.7
18500.0,82.9,75.2,95.0,0.268,14.0,3.6,1009.7,14.7
18500.0,84.9,77.0,93.2,0.268,76.0,3.6,1008.3,14.7
18500.0,83.7,77.0,91.4,0.268,35.0,3.6,1007.9,14.7
18500.0,83.3,78.8,91.4,0.268,110.0,4.7,1007.9,14.7
18500.0,83.5,78.8,91.4,0.268,92.0,5.5,1008.4,14.7
18500.0,81.7,77.0,91.4,0.268,343.0,3.5,1009.6,14.7
18500.0,82.8,75.2,91.4,0.268,39.0,3.5,1009.5,14.7
18500.0,83.3,77.0,91.4,0.268,37.0,3.6,1009.1,14.7
18500.0,83.1,78.8,89.6,0.268,56.0,3.7,1010.1,15.35
18500.0,82.6,77.0,91.4,0.268,28.0,4.2,1010.1,15.35
18500.0,81.1,75.2,87.8,0.268,33.0,4.1,1009.2,15.35
18500.0,81.9,77.0,87.8,0.268,54.0,5.2,1010.0,15.35
18500.0,82.2,75.2,91.4,0.268,57.0,4.2,1009.6,15.35
18500.0,81.3,71.6,91.4,0.268,23.0,4.7,1009.5,15.35
18500.0,80.2,71.6,89.6,0.268,25.0,6.0,1009.5,15.35
20500.0,81.0,75.2,87.8,0.268,14.0,5.0,1010.5,15.35
20500.0,82.0,73.4,89.6,0.268,33.0,5.9,1010.3,15.35
20500.0,81.7,77.0,87.8,0.268,5.0,6.0,1009.0,15.35
20500.0,80.2,77.0,87.8,0.268,349.0,4.0,1008.8,15.35
20500.0,81.9,75.2,87.8,0.268,325.0,3.0,1009.2,16.0
20500.0,82.8,77.0,93.2,0.268,70.0,4.1,1008.7,16.0
20500.0,82.2,77.0,91.4,0.268,42.0,2.7,1010.0,16.0
20500.0,82.9,75.2,91.4,0.268,42.0,3.3,1010.1,16.0
20500.0,83.1,77.0,91.4,0.268,15.0,3.6,1009.3,16.0
20500.0,79.9,71.6,87.8,0.268,9.0,10.8,1008.9,16.0
20500.0,77.2,73.4,82.4,0.268,342.0,8.2,1008.1,16.0
20500.0,78.4,73.4,87.8,0.268,329.0,6.6,1007.3,16.0
20500.0,82.0,75.2,91.4,0.268,297.0,3.9,1008.3,16.47
20500.0,78.8,75.2,84.2,0.268,25.0,8.1,1010.1,16.47
20500.0,82.0,75.2,91.4,0.268,39.0,4.8,1009.5,16.47
20500.0,82.6,75.2,89.6,0.268,71.0,4.5,1008.9,16.47
20500.0,82.6,75.2,93.2,0.268,57.0,4.4,1008.3,16.47
20500.0,81.7,75.2,91.4,0.268,355.0,3.7,1008.1,16.47
20500.0,79.3,71.6,89.6,0.268,347.0,4.4,1010.5,16.93
20500.0,75.9,69.8,87.8,0.268,11.0,6.5,1011.3,16.93
20500.0,74.7,66.2,82.4,0.268,323.0,4.5,1011.6,16.93
25000.0,76.8,64.4,86.0,0.268,230.0,3.8,1011.1,16.93
25000.0,78.1,69.8,87.8,0.268,97.0,4.5,1009.6,16.93
25000.0,78.1,69.8,87.8,0.268,29.0,6.3,1011.5,16.93
25000.0,75.9,68.0,82.4,0.268,317.0,4.2,1011.3,16.93
25000.0,80.2,71.6,87.8,0.268,280.0,3.8,1010.5,16.93
25000.0,81.0,75.2,89.6,0.268,236.0,5.2,1009.8,16.93
25000.0,79.5,75.2,86.0,0.268,211.0,5.5,1009.6,16.93
25000.0,81.0,75.2,89.6,0.268,92.0,4.3,1010.0,16.93
25000.0,82.0,77.0,91.4,0.268,90.0,4.3,1009.2,17.27
25000.0,80.4,75.2,91.4,0.268,64.0,4.8,1010.6,17.27
25000.0,79.9,73.4,87.8,0.268,170.0,4.2,1011.7,17.27
25000.0,79.5,69.8,87.8,0.268,356.0,3.4,1013.3,17.27
27000.0,83.8,69.8,91.4,0.268,35.0,5.2,1013.1,17.27
27000.0,78.3,73.4,87.8,0.268,158.0,6.7,1011.3,17.27
27000.0,80.1,71.6,89.6,0.268,107.0,5.6,1010.2,17.27
27000.0,80.2,75.2,89.6,0.268,170.0,6.4,1009.2,17.27
27000.0,81.1,73.4,89.6,0.268,174.0,5.6,1007.8,18.08
27000.0,82.4,77.0,91.4,0.268,166.0,6.6,1006.6,18.08
27000.0,84.4,77.0,93.2,0.268,140.0,8.9,1011.5,18.08
27000.0,83.7,77.0,93.2,0.268,138.0,8.2,1011.3,18.08
27000.0,83.5,75.2,96.8,0.268,131.0,10.5,1011.4,18.08
27000.0,84.6,77.0,95.0,0.268,115.0,6.3,1011.6,18.08
27000.0,84.7,77.0,95.0,0.268,99.0,5.8,1011.0,18.08
27000.0,85.5,77.0,95.0,0.268,101.0,7.6,1010.9,18.08
27000.0,86.2,78.8,95.0,0.268,120.0,6.4,1011.3,18.88
27000.0,82.9,77.0,93.2,0.268,148.0,6.3,1009.3,18.88
27000.0,82.2,77.0,89.6,0.268,149.0,8.0,1009.1,18.88
27000.0,82.6,77.0,91.4,0.268,147.0,7.5,1009.1,18.88
27000.0,83.7,78.8,89.6,0.268,150.0,7.8,1008.9,18.88
27000.0,85.3,78.8,93.2,0.268,154.0,7.5,1007.9,18.88
27000.0,86.7,78.8,96.8,0.268,75.0,5.7,1009.4,18.88
27000.0,86.5,78.8,95.0,0.268,58.0,6.0,1009.3,18.88
27000.0,87.3,80.6,95.0,0.268,108.0,7.5,1008.6,18.88
27000.0,86.5,80.6,96.8,0.268,112.0,7.0,1008.6,18.88
27000.0,85.8,78.8,98.1,0.268,119.0,9.4,1008.3,18.88
27000.0,85.5,80.6,95.0,0.268,158.0,6.3,1007.7,19.04
27000.0,85.6,80.6,96.8,0.268,192.0,6.8,1006.5,19.04
27000.0,86.4,80.6,95.0,0.268,196.0,6.8,1005.5,19.04
27000.0,86.7,82.4,98.6,0.268,207.0,6.5,1006.4,19.04
27000.0,85.5,78.8,93.2,0.268,120.0,6.4,1009.5,19.04
27000.0,86.7,78.8,95.0,0.268,120.0,8.2,1010.0,19.04
27000.0,86.7,78.8,96.8,0.268,115.0,6.5,1010.0,19.04
27000.0,83.7,80.6,91.4,0.268,121.0,6.5,1009.4,19.04
27000.0,83.5,78.8,87.8,0.268,156.0,6.3,1009.5,19.04
27000.0,84.9,78.8,95.0,0.268,124.0,7.1,1011.6,18.97
27000.0,85.8,80.6,93.2,0.268,144.0,7.9,1010.9,18.97
27000.0,84.6,82.4,95.0,0.268,169.0,6.2,1010.3,18.97
27000.0,84.9,75.2,95.0,0.268,200.0,4.8,1009.4,18.97
27000.0,82.2,71.6,93.2,0.268,189.0,7.0,1009.5,18.97
27000.0,83.1,78.8,91.4,0.268,203.0,4.8,1009.5,18.97
27000.0,86.2,78.8,93.2,0.268,228.0,4.7,1009.0,18.97
27000.0,81.9,75.2,89.6,0.268,239.0,5.0,1009.0,18.97
27000.0,82.8,77.0,91.4,0.268,258.0,5.2,1008.1,18.97
27000.0,87.1,80.6,95.0,0.268,199.0,6.3,1008.6,18.97
27000.0,85.5,80.6,93.2,0.268,168.0,5.8,1010.0,19.16
27000.0,86.2,80.6,93.2,0.268,127.0,7.3,1010.9,19.16
27000.0,86.4,82.4,95.0,0.268,121.0,7.2,1010.2,19.16
27000.0,88.5,80.6,96.8,0.268,106.0,6.5,1007.3,19.16
27000.0,86.4,77.0,93.2,0.268,32.0,5.9,1010.0,19.16
27000.0,87.6,82.4,93.2,0.268,147.0,7.1,1007.7,19.16
27000.0,88.0,82.4,95.0,0.268,154.0,6.6,1007.3,19.16
27000.0,87.6,82.4,95.0,0.268,146.0,4.9,1006.8,19.53
27000.0,88.3,84.2,96.8,0.268,129.0,5.6,1006.1,19.53
27000.0,87.1,84.2,93.2,0.268,143.0,6.7,1006.3,19.53
27000.0,83.8,78.8,93.2,0.268,152.0,5.2,1007.6,19.53
27000.0,85.3,78.8,93.2,0.268,181.0,4.8,1008.3,19.53
27000.0,84.0,80.6,95.0,0.268,216.0,4.0,1007.6,19.53
27000.0,88.3,78.8,95.0,0.268,198.0,4.2,1007.6,19.53
27000.0,82.4,77.0,93.2,0.268,218.0,4.8,1007.7,19.53
27000.0,80.8,77.0,86.0,0.268,293.0,5.4,1007.3,19.53
27000.0,76.6,73.4,82.4,0.268,260.0,3.5,1008.1,19.53
27000.0,81.3,75.2,86.0,0.268,241.0,5.2,1007.8,19.53
27000.0,81.3,77.0,87.8,0.268,203.0,3.7,1008.3,19.53
27000.0,84.9,78.8,91.4,0.268,195.0,3.9,1009.5,19.53
27000.0,87.6,80.6,93.2,0.268,264.0,7.8,1006.4,19.53
27000.0,85.6,82.4,93.2,0.268,240.0,6.2,1006.7,19.53
27000.0,83.1,75.2,93.2,0.268,227.0,5.7,1007.3,19.53
27000.0,86.7,78.8,95.0,0.268,254.0,5.2,1008.0,19.53
27000.0,87.8,80.6,95.0,0.268,245.0,6.8,1007.7,19.53
27000.0,82.6,75.2,91.4,0.268,235.0,10.5,1008.3,19.53
27000.0,79.0,75.2,84.2,0.268,235.0,5.7,1009.3,19.53
27000.0,82.9,77.0,89.6,0.268,237.0,6.2,1008.1,19.53
27000.0,82.4,78.8,89.6,0.268,261.0,8.5,1006.9,19.53
27000.0,82.6,77.0,89.6,0.268,272.0,8.2,1005.9,20.16
27000.0,83.8,80.6,93.2,0.268,249.0,8.9,1008.3,20.16
27000.0,81.3,77.0,89.6,0.268,250.0,5.8,1007.8,20.16
27000.0,84.7,78.8,91.4,0.268,262.0,5.9,1009.1,20.16
2700.0,84.7,77.0,95.0,0.268,276.0,4.5,1009.6,20.16
27000.0,86.4,78.8,93.2,0.268,269.0,5.5,1009.8,20.16
27000.0,84.0,77.0,89.6,0.268,241.0,9.0,1007.6,20.16
27000.0,82.4,77.0,89.6,0.268,233.0,9.1,1008.7,20.16
27000.0,82.6,77.0,89.6,0.268,243.0,7.3,1009.3,20.16
27000.0,85.5,78.8,91.4,0.268,254.0,6.0,1008.0,20.16
27000.0,84.6,78.8,93.2,0.268,226.0,7.1,1007.5,20.16
27000.0,86.7,80.6,95.0,0.268,241.0,8.6,1008.8,20.91
27000.0,86.7,80.6,95.0,0.268,226.0,6.2,1007.9,20.91
27000.0,84.9,80.6,93.2,0.268,233.0,7.1,1008.4,20.91
27000.0,86.5,80.6,95.0,0.268,225.0,7.5,1008.5,20.91
26000.0,87.6,82.4,95.0,0.268,238.0,7.6,1008.5,20.91
27000.0,80.8,77.0,87.8,0.268,228.0,4.7,1006.0,20.91
27000.0,81.7,77.0,87.8,0.268,241.0,7.1,1005.8,20.91
27000.0,81.9,77.0,93.2,0.268,233.0,7.6,1007.1,20.91
27000.0,81.1,77.0,87.8,0.268,239.0,7.0,1007.6,20.91
27000.0,82.6,77.0,87.8,0.268,212.0,7.7,1007.2,20.91
27000.0,84.7,78.8,95.0,0.268,140.0,5.4,1008.5,21.78
27000.0,84.4,77.0,93.2,0.268,139.0,4.2,1007.5,21.78
27000.0,82.4,77.0,91.4,0.268,203.0,4.6,1006.9,21.78
27000.0,80.2,77.0,89.6,0.268,261.0,5.1,1008.3,21.78
27000.0,84.6,75.2,93.2,0.268,291.0,6.0,1009.3,21.78
27000.0,79.5,71.6,91.4,0.268,266.0,7.1,1007.6,21.78
27000.0,81.0,73.4,89.6,0.268,240.0,9.4,1007.7,21.78
27000.0,81.0,73.4,86.0,0.268,245.0,8.9,1006.9,21.78
27000.0,84.2,78.8,91.4,0.268,248.0,11.7,1006.8,21.78
27000.0,81.1,77.0,91.4,0.268,250.0,11.4,1006.0,21.68
27000.0,81.7,77.0,87.8,0.268,257.0,11.3,1005.8,21.68
27000.0,79.5,77.0,89.6,0.268,242.0,9.2,1006.9,21.68
27000.0,83.7,77.0,89.6,0.268,250.0,10.1,1007.7,21.68
27000.0,83.8,78.8,89.6,0.268,249.0,12.6,1007.0,21.68
27000.0,84.9,80.6,89.6,0.268,250.0,14.2,1007.6,21.68
27000.0,83.8,80.6,91.4,0.268,253.0,12.4,1008.2,21.68
27000.0,84.0,80.6,91.4,0.268,242.0,14.0,1008.0,21.68
27000.0,84.9,80.6,91.4,0.268,248.0,12.4,1008.5,21.68
27000.0,86.5,80.6,93.2,0.268,254.0,8.7,1007.2,21.68
27000.0,83.7,78.8,95.0,0.268,219.0,7.6,1007.0,21.68
27000.0,81.9,78.8,89.6,0.268,210.0,5.8,1009.2,21.68
27000.0,82.8,77.0,87.8,0.268,214.0,4.8,1010.8,21.68
27000.0,82.8,78.8,93.2,0.268,253.0,5.5,1009.2,21.68
27000.0,83.5,77.0,95.0,0.268,312.0,4.0,1011.5,21.68
27000.0,81.5,73.4,93.2,0.268,301.0,3.7,1010.7,21.68
27000.0,82.2,73.4,93.2,0.268,244.0,3.5,1008.4,21.68
27000.0,83.5,75.2,95.0,0.268,284.0,3.8,1008.3,21.68
27000.0,81.7,75.2,91.4,0.268,164.0,3.2,1009.1,21.68
27000.0,81.7,77.0,89.6,0.268,162.0,5.7,1007.9,21.68
27000.0,80.6,75.2,87.8,0.268,205.0,5.3,1007.2,21.68
17500.0,81.3,77.0,87.8,0.268,225.0,6.4,1007.5,21.68
27000.0,80.1,77.0,87.8,0.268,182.0,5.7,1008.0,21.13
27000.0,84.0,77.0,91.4,0.268,268.0,4.0,1007.5,21.13
27000.0,81.1,73.4,91.4,0.268,248.0,3.5,1008.1,21.13
27000.0,81.9,77.0,93.2,0.268,181.0,2.6,1008.8,21.13
27000.0,83.1,77.0,91.4,0.268,191.0,4.1,1008.5,21.13
27000.0,82.2,75.2,89.6,0.268,274.0,4.3,1008.9,21.13
27000.0,82.8,77.0,91.4,0.268,272.0,4.0,1007.9,21.13
22000.0,82.0,78.8,89.6,0.268,223.0,8.7,1006.5,21.13
22000.0,80.4,77.0,89.6,0.268,220.0,9.3,1007.8,21.13
22000.0,81.3,77.0,86.0,0.268,240.0,8.0,1008.3,21.39
22000.0,80.4,77.0,89.6,0.268,257.0,7.2,1005.8,21.39
22000.0,79.9,75.2,86.0,0.268,235.0,4.1,1008.0,21.39
22000.0,82.2,77.0,87.8,0.268,208.0,5.1,1009.9,21.39
22000.0,81.9,77.0,89.6,0.268,287.0,2.5,1009.5,21.39
22000.0,81.7,77.0,91.4,0.268,172.0,2.4,1009.1,21.39
22000.0,81.3,75.2,89.6,0.268,248.0,6.4,1008.4,21.39
22000.0,80.8,77.0,89.6,0.268,199.0,4.3,1008.3,21.39
22000.0,81.3,77.0,89.6,0.268,234.0,6.0,1008.2,21.39
22000.0,82.6,77.0,89.6,0.268,298.0,4.8,1008.5,21.39
22000.0,80.6,75.2,91.4,0.268,227.0,5.9,1008.4,21.39
22000.0,85.1,75.2,91.4,0.268,122.0,4.5,1007.9,21.94
22000.0,83.8,78.8,93.2,0.268,79.0,3.6,1008.1,21.94
22000.0,83.5,78.8,91.4,0.268,259.0,3.5,1007.7,21.94
22000.0,81.9,77.0,89.6,0.268,229.0,3.5,1008.7,21.94
22000.0,81.1,77.0,89.6,0.268,305.0,3.5,1009.3,21.94
22000.0,82.0,77.0,89.6,0.268,331.0,2.7,1006.9,21.94
22000.0,81.3,75.2,89.6,0.268,232.0,3.9,1005.8,21.94
22000.0,80.2,77.0,84.2,0.268,262.0,3.5,1004.7,21.94
22000.0,80.2,75.2,86.0,0.268,274.0,5.2,1003.9,21.94
22000.0,82.8,77.0,87.8,0.268,258.0,9.1,1004.6,21.94
22000.0,79.5,75.2,86.0,0.268,253.0,8.5,1005.4,22.87
22000.0,81.9,77.0,87.8,0.268,257.0,10.5,1005.2,22.87
22000.0,83.5,78.8,89.6,0.268,260.0,10.6,1004.0,22.87
22000.0,83.8,80.6,89.6,0.268,230.0,8.5,1005.3,22.87
22000.0,82.0,77.0,93.2,0.268,268.0,5.3,1006.4,22.87
22000.0,83.8,78.8,89.6,0.268,142.0,4.3,1010.0,22.87
22000.0,84.4,78.8,91.4,0.268,150.0,5.0,1012.3,22.87
22000.0,80.2,77.0,89.6,0.268,314.0,2.9,1012.3,22.87
22000.0,82.0,77.0,89.6,0.268,89.0,4.0,1011.8,22.87
22000.0,82.6,77.0,89.6,0.268,17.0,5.5,1008.3,24.33
22000.0,79.0,75.2,84.2,0.268,323.0,5.4,1008.7,24.33
22000.0,84.4,75.2,91.4,0.268,120.0,5.8,1010.3,24.33
22000.0,83.8,78.8,95.0,0.268,112.0,5.4,1011.5,24.33
22000.0,84.7,77.0,93.2,0.268,85.0,3.9,1010.8,24.33
22000.0,85.1,77.0,93.2,0.268,81.0,3.2,1009.8,24.33
22000.0,83.8,77.0,91.4,0.268,90.0,5.2,1008.6,24.33
22000.0,82.6,77.0,89.6,0.268,22.0,2.7,1009.0,24.33
22000.0,83.5,77.0,91.4,0.268,27.0,5.7,1009.0,24.99
22000.0,79.9,77.0,87.8,0.268,20.0,3.6,1009.3,24.99
22000.0,82.6,75.2,93.2,0.268,22.0,3.9,1009.3,24.99
22000.0,82.2,75.2,89.6,0.268,69.0,4.5,1008.5,24.99
22000.0,81.9,77.0,89.6,0.268,56.0,4.2,1008.8,24.99
22000.0,82.2,77.0,93.2,0.268,17.0,2.7,1009.0,24.99
22000.0,82.0,77.0,89.6,0.268,32.0,3.1,1008.3,24.99
22000.0,83.5,77.0,91.4,0.268,322.0,3.9,1007.2,24.99
22000.0,81.3,75.2,91.4,0.268,1.0,2.0,1009.0,24.99
22000.0,84.0,75.2,93.2,0.268,33.0,2.6,1009.6,24.99
22000.0,82.0,77.0,89.6,0.268,23.0,4.4,1009.9,23.9
22000.0,82.2,75.2,89.6,0.268,20.0,5.2,1009.3,23.9
22000.0,80.4,77.0,86.0,0.268,47.0,3.7,1007.8,23.9
22000.0,78.3,77.0,84.2,0.268,77.0,5.4,1009.2,23.9
22000.0,79.9,75.2,87.8,0.268,24.0,4.8,1010.3,23.9
22000.0,79.3,71.6,87.8,0.268,3.0,3.9,1011.5,23.9
22000.0,80.1,69.8,87.8,0.268,2.0,4.5,1011.3,23.9
22000.0,79.2,71.6,87.8,0.268,354.0,3.9,1012.0,23.9
22000.0,82.6,69.8,89.6,0.268,13.0,2.9,1012.0,23.9
22000.0,80.2,77.0,87.8,0.268,12.0,3.1,1012.3,23.9
22000.0,80.8,71.6,91.4,0.268,30.0,4.3,1012.0,22.8
22000.0,81.9,73.4,89.6,0.268,43.0,4.7,1009.4,22.8
22000.0,84.0,75.2,93.2,0.268,34.0,4.3,1009.0,22.8
22000.0,83.8,78.8,89.6,0.268,40.0,2.9,1009.5,22.8
22000.0,80.1,73.4,87.8,0.268,331.0,4.8,1011.9,22.8
22000.0,82.0,73.4,91.4,0.268,126.0,4.8,1011.9,22.8
22000.0,79.9,77.0,87.8,0.268,95.0,3.9,1011.4,22.8
22000.0,81.0,77.0,89.6,0.268,30.0,3.9,1011.0,22.8
22000.0,79.0,73.4,89.6,0.268,5.0,3.7,1011.2,22.8
22000.0,81.1,75.2,91.4,0.268,345.0,3.2,1012.8,23.29
22000.0,80.2,73.4,87.8,0.268,32.0,3.2,1012.2,23.29
22000.0,81.7,75.2,89.6,0.268,16.0,4.3,1012.3,23.29
22000.0,82.2,75.2,91.4,0.268,48.0,7.2,1013.4,23.29
22000.0,81.3,73.4,91.4,0.268,38.0,5.9,1013.3,23.29
22000.0,81.0,75.2,89.6,0.268,40.0,4.0,1011.5,23.29
22000.0,82.2,75.2,89.6,0.268,94.0,4.0,1011.4,23.29
22000.0,81.5,75.2,87.8,0.268,54.0,2.9,1011.8,23.29
22000.0,82.4,78.8,91.4,0.268,34.0,3.7,1012.3,23.29
22000.0,81.3,75.2,93.2,0.268,98.0,5.0,1012.5,23.87
22000.0,80.2,71.6,91.4,0.268,66.0,4.6,1013.2,23.87
22000.0,81.3,75.2,89.6,0.268,112.0,3.7,1012.4,23.87
22000.0,81.5,73.4,91.4,0.268,71.0,3.7,1011.6,23.87
22000.0,84.4,78.8,93.2,0.268,146.0,9.1,1008.7,25.32
22000.0,81.7,77.0,93.2,0.268,149.0,5.1,1010.5,26.28
22000.0,81.7,75.2,91.4,0.268,359.0,3.5,1012.3,26.28
22000.0,85.3,77.0,95.0,0.268,96.0,6.1,1009.5,26.83
22000.0,84.7,78.8,95.0,0.268,113.0,7.4,1009.6,26.83
22000.0,85.3,77.0,96.8,0.268,111.0,5.3,1009.3,26.83
22000.0,82.9,77.0,93.2,0.268,96.0,6.8,1009.0,26.83
22000.0,81.7,77.0,87.8,0.268,148.0,5.0,1008.8,26.83
22000.0,84.0,77.0,93.2,0.268,282.0,4.7,1007.5,29.82
22000.0,85.1,80.6,95.0,0.268,137.0,8.3,1007.9,29.82
22000.0,85.5,80.6,95.0,0.268,147.0,8.1,1007.4,29.82
22000.0,85.1,78.8,93.2,0.268,148.0,7.0,1007.2,29.82
22000.0,84.9,78.8,93.2,0.268,157.0,6.5,1007.4,29.82
22000.0,84.9,80.6,93.2,0.268,139.0,8.8,1009.5,29.82
22000.0,82.8,78.8,91.4,0.268,127.0,7.6,1010.2,29.82
22000.0,85.3,77.0,95.0,0.268,135.0,6.2,1009.6,29.82
22000.0,86.2,80.6,95.0,0.268,146.0,8.0,1009.2,29.82
22000.0,84.0,75.2,93.2,0.268,307.0,6.1,1008.2,29.82
22000.0,82.8,77.0,91.4,0.268,206.0,4.3,1008.0,29.82
22000.0,82.0,75.2,93.2,0.268,11.0,4.8,1011.9,28.15
22000.0,84.0,77.0,93.2,0.268,295.0,3.7,1010.9,28.15
22000.0,83.8,77.0,91.4,0.268,1.0,4.5,1010.0,28.15
22000.0,85.3,77.0,93.2,0.268,302.0,5.5,1009.6,28.15
22000.0,85.3,78.8,91.4,0.268,174.0,6.4,1007.8,27.31
22000.0,86.4,80.6,95.0,0.268,218.0,6.5,1006.5,27.31
22000.0,85.6,80.6,95.0,0.268,221.0,6.5,1006.5,27.31
22000.0,85.8,82.4,91.4,0.268,131.0,8.4,1008.9,27.31
22000.0,85.8,78.8,93.2,0.268,134.0,5.2,1009.7,27.31
22000.0,85.5,78.8,95.0,0.268,100.0,5.7,1009.3,27.31
22000.0,86.7,80.6,95.0,0.268,125.0,8.6,1008.7,27.99
22000.0,87.1,80.6,95.0,0.268,137.0,8.6,1009.2,27.99
22000.0,87.3,82.4,93.2,0.268,156.0,7.4,1007.2,27.99
40000.0,86.5,78.8,95.0,0.268,172.0,5.8,1007.2,27.99
40000.0,89.1,80.6,96.8,0.268,52.0,4.3,1006.6,27.99
40000.0,87.6,84.2,95.0,0.268,154.0,8.0,1007.0,27.99
40000.0,78.4,73.4,84.2,0.268,254.0,4.8,1007.5,27.99
35000.0,80.4,77.0,91.4,0.268,341.0,4.7,1009.0,28.43
35000.0,82.8,75.2,89.6,0.268,119.0,5.2,1007.4,28.43
35000.0,85.8,77.0,93.2,0.268,109.0,6.3,1007.1,28.43
35000.0,86.5,80.6,95.0,0.268,128.0,9.7,1007.8,28.43
35000.0,85.5,80.6,95.0,0.268,122.0,6.8,1008.0,28.43
35000.0,86.4,80.6,95.0,0.268,159.0,5.5,1007.8,29.98
35000.0,83.5,80.6,89.6,0.268,221.0,4.8,1008.4,29.98
35000.0,84.0,77.0,91.4,0.268,209.0,5.2,1008.9,29.98
35000.0,81.0,78.8,86.0,0.268,164.0,3.9,1009.5,29.98
35000.0,81.7,77.0,91.4,0.268,242.0,3.2,1010.0,29.98
40000.0,82.8,73.4,91.4,0.268,283.0,7.6,1006.5,30.65
40000.0,86.5,78.8,93.2,0.74,230.0,5.0,1005.5,30.65
40000.0,85.5,78.8,95.0,0.228,265.0,7.8,1006.7,31.57
40000.0,86.5,80.6,93.2,0.185,280.0,5.4,1006.9,31.57
40000.0,88.0,80.6,95.0,0.272,312.0,4.8,1007.3,31.57
40000.0,86.7,75.2,96.8,0.106,286.0,4.8,1006.8,31.57
40000.0,85.8,78.8,93.2,0.543,287.0,4.8,1007.5,31.57
40000.0,84.7,77.0,91.4,0.118,212.0,4.6,1008.1,32.37
40000.0,86.5,78.8,93.2,0.15,206.0,5.3,1008.0,32.37
40000.0,86.4,78.8,93.2,0.402,204.0,3.7,1009.2,32.37
40000.0,84.7,80.6,91.4,0.37,217.0,3.9,1009.0,32.37
40000.0,83.1,77.0,93.2,0.22,206.0,4.5,1006.3,32.37
40000.0,80.4,77.0,91.4,0.453,209.0,4.7,1008.8,32.87
40000.0,81.1,75.2,89.6,0.291,200.0,4.7,1007.6,32.87
40000.0,84.6,78.8,93.2,0.114,248.0,4.2,1008.0,32.87
35000.0,81.3,77.0,89.6,0.563,261.0,6.4,1006.9,32.76
35000.0,81.3,77.0,87.8,0.335,266.0,10.3,1004.1,29.67
35000.0,81.9,77.0,87.8,0.15,258.0,8.1,1004.8,29.67
35000.0,81.7,77.0,89.6,0.339,256.0,7.1,1006.2,29.67
35000.0,83.7,78.8,91.4,0.449,261.0,6.7,1007.0,29.67
35000.0,81.0,77.0,89.6,0.496,258.0,6.1,1006.0,29.67
35000.0,78.4,77.0,86.0,0.976,190.0,5.3,1006.9,29.67
35000.0,78.1,77.0,84.2,0.752,169.0,4.2,1009.5,26.07
35000.0,84.2,75.2,95.0,0.0,46.0,4.1,1009.9,26.07
35000.0,85.6,78.8,95.0,0.354,121.0,6.1,1007.5,26.07
35000.0,82.2,77.0,89.6,0.079,119.0,4.3,1008.0,26.07
35000.0,83.1,77.0,89.6,0.193,194.0,4.2,1007.5,26.07
35000.0,82.8,77.0,91.4,0.138,260.0,3.9,1007.5,26.07
35000.0,85.5,77.0,95.0,0.035,251.0,5.8,1006.8,26.07
35000.0,82.0,77.0,91.4,0.72,199.0,5.2,1006.3,25.6
35000.0,82.9,78.8,89.6,0.547,237.0,5.4,1007.3,25.6
35000.0,82.2,78.8,91.4,0.819,270.0,5.8,1008.4,25.6
35000.0,81.1,77.0,87.8,0.256,271.0,4.4,1008.2,25.6
35000.0,82.6,77.0,89.6,0.823,292.0,5.8,1007.6,25.6
35000.0,79.7,75.2,86.0,0.74,262.0,8.4,1006.6,25.6
35000.0,82.0,77.0,89.6,0.543,267.0,9.2,1006.0,25.6
35000.0,83.7,78.8,89.6,0.268,253.0,12.1,1005.9,25.6
35000.0,78.6,77.0,86.0,0.185,235.0,8.1,1007.6,24.66
35000.0,80.2,73.4,89.6,0.307,224.0,6.5,1007.8,24.66
35000.0,80.6,77.0,89.6,0.276,218.0,4.8,1007.8,24.66
35000.0,82.2,78.8,89.6,0.169,232.0,6.1,1008.1,24.66
35000.0,84.4,78.8,91.4,0.354,256.0,6.5,1007.5,24.66
35000.0,84.4,78.8,95.0,0.067,237.0,6.2,1007.5,24.66
35000.0,84.2,77.0,91.4,0.28,253.0,6.4,1007.3,24.66
35000.0,82.9,77.0,91.4,0.22,259.0,5.0,1006.5,24.66
35000.0,79.3,77.0,84.2,0.457,263.0,4.7,1008.7,24.23
35000.0,81.3,77.0,87.8,0.598,239.0,8.7,1010.2,24.23
35000.0,85.3,77.0,93.2,0.134,243.0,4.8,1009.8,24.23
35000.0,80.8,77.0,91.4,0.256,126.0,3.6,1008.5,23.21
35000.0,83.8,77.0,91.4,0.374,190.0,4.3,1009.2,23.21
35000.0,82.2,77.0,89.6,0.374,241.0,8.5,1010.3,23.21
35000.0,82.8,77.0,89.6,0.37,252.0,7.3,1007.5,23.21
35000.0,81.5,75.2,89.6,0.642,276.0,5.1,1008.5,23.21
35000.0,82.0,77.0,87.8,0.492,269.0,5.8,1007.4,23.21
35000.0,83.5,77.0,91.4,0.327,238.0,6.6,1006.8,22.58
35000.0,82.0,78.8,89.6,0.315,229.0,8.1,1007.8,22.58
35000.0,82.8,77.0,91.4,0.106,241.0,5.8,1008.2,22.58
35000.0,78.4,75.2,87.8,0.752,318.0,5.3,1008.3,22.58
35000.0,79.7,73.4,86.0,0.508,288.0,6.8,1005.7,22.58
35000.0,79.9,77.0,87.8,0.492,249.0,12.7,1002.9,22.58
35000.0,79.3,75.2,86.0,0.106,217.0,8.6,1005.6,22.58
35000.0,81.9,77.0,87.8,0.102,229.0,6.3,1008.1,22.58
35000.0,83.1,77.0,89.6,0.146,125.0,6.5,1008.2,21.44
35000.0,83.1,77.0,89.6,0.047,76.0,6.1,1009.1,21.44
35000.0,83.5,77.0,91.4,1.248,127.0,6.4,1009.6,21.44
35000.0,81.1,77.0,87.8,0.134,132.0,5.2,1010.4,21.44
35000.0,82.9,77.0,93.2,0.409,74.0,3.9,1009.5,21.44
35000.0,80.6,75.2,89.6,0.425,17.0,4.2,1011.0,21.44
35000.0,80.8,75.2,87.8,0.193,305.0,3.6,1010.3,22.0
35000.0,83.8,77.0,91.4,0.008,332.0,6.1,1007.5,22.0
35000.0,80.4,77.0,87.8,0.0,328.0,5.8,1006.4,22.0
35000.0,84.6,75.2,91.4,0.142,306.0,5.3,1009.1,22.0
35000.0,82.9,77.0,93.2,0.492,76.0,4.8,1008.5,22.0
35000.0,78.3,75.2,84.2,0.764,159.0,5.2,1008.8,22.0
35000.0,80.2,75.2,84.2,0.508,125.0,6.9,1010.3,22.0
35000.0,84.0,77.0,91.4,0.441,131.0,5.2,1010.8,22.34
35000.0,82.8,73.4,95.0,0.445,300.0,3.9,1009.4,22.34
35000.0,81.9,75.2,89.6,0.24,260.0,5.3,1009.6,22.34
35000.0,83.8,77.0,89.6,0.283,147.0,4.2,1009.0,22.34
35000.0,80.1,77.0,89.6,0.224,333.0,4.8,1008.7,22.34
35000.0,81.3,77.0,86.0,0.307,288.0,3.3,1007.3,22.34
35000.0,84.0,75.2,93.2,0.0,4.0,5.6,1007.8,22.34
35000.0,82.2,77.0,89.6,0.008,7.0,5.1,1008.7,22.75
35000.0,81.7,77.0,87.8,0.083,111.0,3.7,1009.6,22.75
35000.0,78.1,75.2,84.2,0.878,83.0,4.2,1010.4,22.75
35000.0,82.0,75.2,91.4,0.0,291.0,3.1,1011.2,22.75
35000.0,83.5,77.0,91.4,0.0,3.0,3.8,1010.5,22.75
35000.0,84.4,77.0,91.4,0.024,28.0,3.1,1010.3,22.75
25000.0,82.9,77.0,91.4,0.327,88.0,5.0,1009.2,23.86
25000.0,82.9,77.0,91.4,0.28,104.0,4.7,1009.2,23.86
25000.0,82.6,75.2,93.2,0.024,40.0,4.6,1008.3,23.86
25000.0,83.5,77.0,91.4,0.425,67.0,3.6,1008.0,23.86
25000.0,82.9,78.8,91.4,0.366,304.0,5.0,1008.6,23.86
25000.0,79.9,75.2,84.2,0.52,323.0,3.2,1005.3,23.78
25000.0,78.8,77.0,84.2,0.287,305.0,3.0,1006.2,23.78
25000.0,79.3,77.0,86.0,0.272,143.0,6.2,1007.8,23.78
25000.0,80.4,77.0,86.0,0.228,123.0,8.5,1009.6,23.78
25000.0,82.6,77.0,89.6,0.354,133.0,7.4,1010.6,23.78
25000.0,84.0,78.8,91.4,0.319,128.0,7.0,1009.4,23.78
25000.0,83.7,78.8,91.4,0.067,123.0,6.4,1009.5,23.78
25000.0,83.5,77.0,91.4,0.075,93.0,4.5,1009.5,22.7
25000.0,84.0,75.2,91.4,0.0,44.0,3.1,1008.4,22.7
25000.0,80.4,70.9,89.6,0.0,329.0,4.5,1010.5,21.2
25000.0,79.9,73.4,86.0,0.0,344.0,3.3,1010.8,21.2
25000.0,79.7,71.6,89.6,0.0,17.0,5.5,1009.0,21.2
25000.0,81.5,71.6,89.6,0.0,318.0,4.0,1008.4,21.2
25000.0,77.7,69.8,89.6,0.0,54.0,6.0,1010.2,20.7
25000.0,78.4,68.0,87.8,0.0,23.0,4.3,1013.8,20.7
25000.0,77.4,71.6,84.2,0.0,325.0,2.9,1013.7,20.7
25000.0,82.8,75.2,91.4,0.039,28.0,6.0,1012.3,22.15
25000.0,79.9,77.0,87.8,0.929,58.0,4.8,1011.7,22.15
25000.0,79.7,75.2,84.2,0.638,104.0,7.6,1011.2,22.15
25000.0,82.6,77.0,93.2,0.008,128.0,5.5,1010.4,22.15
25000.0,81.3,73.4,89.6,0.004,8.0,4.5,1011.1,22.15
25000.0,77.7,69.8,86.0,0.0,317.0,5.8,1011.8,23.14
20000.0,81.9,69.8,91.4,0.0,223.0,4.5,1010.1,23.14
20000.0,81.7,75.2,87.8,0.016,271.0,4.5,1009.5,23.14
20000.0,82.0,75.2,89.6,0.098,104.0,4.7,1009.8,23.14
20000.0,84.6,77.0,93.2,0.0,114.0,7.7,1010.3,23.14
20000.0,84.4,77.0,93.2,0.0,128.0,7.7,1009.5,23.14
20000.0,83.5,78.8,93.2,0.024,142.0,8.6,1009.8,23.14
20000.0,84.6,77.0,95.0,0.016,127.0,4.7,1009.6,23.14
20000.0,84.9,78.8,95.0,0.02,126.0,8.9,1009.5,23.14
20000.0,84.6,78.8,95.0,0.0,129.0,8.8,1009.9,23.14
13000.0,82.9,78.8,91.4,0.0,169.0,7.7,1010.6,23.76
13000.0,82.4,77.0,91.4,0.0,148.0,6.0,1010.4,23.76
13000.0,82.6,77.0,93.2,0.0,109.0,5.5,1010.8,23.76
13000.0,83.8,73.4,93.2,0.024,97.0,5.4,1011.5,23.76
13000.0,81.3,75.2,91.4,0.0,316.0,4.5,1010.9,23.76
13000.0,82.0,73.4,93.2,0.0,27.0,4.6,1011.8,23.44
11000.0,81.9,73.4,91.4,0.035,2.0,4.5,1011.8,23.44
11000.0,81.7,75.2,93.2,0.0,86.0,5.4,1010.9,23.44
11000.0,82.8,71.6,93.2,0.0,42.0,5.2,1014.5,23.44
11000.0,83.8,75.2,93.2,0.0,68.0,4.9,1013.3,23.44
11000.0,83.8,77.0,95.0,0.0,131.0,4.8,1013.4,23.32
11000.0,80.2,73.4,91.4,0.0,4.0,5.7,1014.5,23.32
11000.0,80.8,69.8,93.2,0.0,97.0,5.3,1013.7,23.32
11000.0,81.1,71.6,91.4,0.0,118.0,4.9,1013.6,23.32
11000.0,81.1,73.4,91.4,0.0,118.0,6.3,1012.5,23.32
11000.0,80.8,71.6,91.4,0.0,131.0,5.9,1011.8,23.32
11000.0,81.9,73.4,91.4,0.0,84.0,5.2,1011.9,23.81
11000.0,81.3,73.4,91.9,0.0,107.0,7.7,1011.0,23.81
11000.0,83.7,70.9,95.0,0.0,118.0,7.2,1011.9,23.81
11000.0,83.5,75.2,95.0,0.0,129.0,6.9,1011.6,23.81
11000.0,84.7,78.8,93.2,0.008,160.0,7.5,1009.7,23.81
22000.0,84.4,78.8,95.0,0.0,158.0,7.1,1009.3,23.03
22000.0,84.2,78.8,95.0,0.0,153.0,7.4,1008.2,23.03
22000.0,84.9,78.8,91.4,0.0,170.0,6.7,1008.5,23.03
22000.0,84.9,78.8,95.0,0.0,169.0,7.1,1009.0,23.03
22000.0,85.3,80.6,93.2,0.0,155.0,7.9,1009.6,23.03
22000.0,86.2,80.6,96.8,0.051,141.0,10.7,1010.3,23.03
22000.0,86.4,78.8,96.8,0.004,127.0,7.6,1010.5,23.03
22000.0,84.9,80.6,93.2,0.043,155.0,8.0,1009.3,23.03
22000.0,84.6,80.6,91.4,0.016,161.0,8.1,1009.7,23.03
22000.0,84.6,78.8,93.2,0.303,158.0,5.5,1008.8,23.12
22000.0,86.4,80.6,95.0,0.008,184.0,7.5,1008.6,23.12
22000.0,86.9,78.8,95.0,0.004,169.0,6.2,1009.0,23.12
22000.0,86.7,82.4,95.0,0.0,165.0,8.6,1010.5,23.12
22000.0,86.4,78.8,93.2,0.114,162.0,5.0,1010.3,23.12
22000.0,86.4,82.4,93.2,0.028,155.0,7.0,1009.8,24.24
22000.0,86.4,82.4,95.0,0.098,170.0,6.3,1008.8,24.24
22000.0,88.0,82.4,95.0,0.035,174.0,6.0,1008.6,24.24
22000.0,87.8,84.2,95.0,0.118,170.0,6.5,1008.2,24.24
22000.0,86.5,80.6,93.2,0.039,151.0,7.5,1009.5,24.24
22000.0,86.5,82.4,93.2,0.0,159.0,7.4,1009.7,24.24
22000.0,87.1,82.4,93.2,0.0,185.0,6.4,1007.1,24.24
22000.0,87.4,82.4,96.8,0.031,215.0,7.8,1005.4,24.24
22000.0,88.2,82.4,96.8,0.067,202.0,8.0,1005.7,23.63
22000.0,87.8,80.6,98.6,0.031,119.0,6.1,1009.6,23.63
22000.0,88.9,82.4,98.6,0.004,135.0,8.6,1007.9,23.63
22000.0,87.8,82.4,95.0,0.0,121.0,6.6,1008.3,23.63
22000.0,88.7,82.4,96.8,0.059,123.0,7.3,1008.3,23.63
22000.0,88.3,84.2,96.8,0.008,159.0,8.8,1007.8,22.32
22000.0,88.9,82.4,95.0,0.016,205.0,6.6,1005.7,22.32
22000.0,83.7,77.0,95.0,0.039,221.0,7.4,1006.5,22.32
22000.0,87.4,78.8,96.8,0.264,142.0,5.5,1008.3,22.32
22000.0,86.2,82.4,91.4,0.13,155.0,5.5,1009.8,21.0
22000.0,85.3,80.6,93.2,0.161,131.0,6.3,1010.2,21.0
22000.0,87.1,80.6,96.8,0.075,222.0,5.0,1010.3,21.0
22000.0,89.4,82.4,96.8,0.252,246.0,7.8,1007.8,21.0
22000.0,84.4,77.0,95.0,0.457,223.0,5.8,1010.1,21.49
22000.0,86.7,80.6,95.0,0.516,231.0,6.7,1009.3,21.49
22000.0,87.1,82.4,95.0,0.406,232.0,8.3,1009.2,21.49
22000.0,86.4,82.4,93.2,0.358,228.0,6.6,1009.6,21.49
22000.0,82.0,78.8,91.4,0.469,229.0,6.6,1009.3,21.49
22000.0,83.8,80.6,93.2,0.398,223.0,6.0,1007.5,21.49
22000.0,85.3,80.6,93.2,0.114,236.0,8.1,1007.6,21.49
22000.0,86.2,80.6,93.2,0.409,252.0,11.6,1006.6,22.01
22000.0,86.7,82.4,93.2,0.126,246.0,10.1,1007.5,22.01
22000.0,82.0,77.0,91.4,1.098,306.0,5.9,1006.8,22.01
22000.0,82.6,78.8,89.6,0.807,259.0,6.6,1007.3,22.01
22000.0,83.5,78.8,87.8,0.472,235.0,8.1,1008.7,22.01
22000.0,83.8,78.8,87.8,0.421,252.0,8.2,1008.7,22.01
22000.0,83.5,78.8,89.6,0.205,260.0,7.8,1007.8,22.01
22000.0,82.8,78.8,93.2,0.327,241.0,9.4,1007.8,22.01
22000.0,83.1,77.0,91.4,0.067,261.0,6.1,1008.3,22.01
22000.0,87.1,80.6,95.0,0.52,259.0,8.6,1009.3,22.01
22000.0,85.5,80.6,95.0,0.201,275.0,8.1,1008.5,22.01
22000.0,86.2,80.6,93.2,0.465,250.0,7.5,1007.8,22.01
22000.0,87.3,77.0,95.0,0.189,281.0,4.7,1008.4,22.01
22000.0,88.2,80.6,96.8,0.283,269.0,8.0,1008.1,22.01
22000.0,86.5,80.6,95.0,0.0,273.0,6.5,1009.0,22.01
22000.0,85.6,73.4,95.0,0.98,275.0,6.8,1008.7,22.01
22000.0,87.3,77.0,96.8,0.803,240.0,5.7,1007.1,22.01
22000.0,83.8,77.0,93.2,0.323,241.0,4.1,1007.7,22.01
22000.0,83.3,78.8,93.2,0.406,216.0,5.0,1008.8,22.01
22000.0,82.9,75.2,89.6,0.591,229.0,5.5,1008.4,22.01
22000.0,83.1,77.0,95.0,0.413,213.0,6.6,1008.2,22.01
22000.0,83.3,77.0,91.4,0.343,275.0,5.4,1009.8,21.42
22000.0,85.3,75.2,93.2,0.0,326.0,4.7,1009.2,21.42
22000.0,82.9,77.0,93.2,0.386,6.0,4.7,1008.5,21.42
22000.0,82.6,77.0,93.2,0.264,118.0,3.1,1009.4,21.42
22000.0,84.9,77.0,91.4,0.161,228.0,4.7,1009.0,21.42
22000.0,86.4,78.8,93.2,0.075,262.0,5.8,1008.9,21.49
22000.0,85.8,80.6,93.2,0.441,246.0,4.5,1008.8,21.49
22000.0,82.8,73.4,93.2,0.945,266.0,6.8,1008.2,21.49
22000.0,82.9,77.0,91.4,2.209,270.0,6.8,1008.0,21.49
22000.0,81.1,78.8,87.8,0.425,252.0,13.4,1004.7,21.49
22000.0,82.2,78.8,89.6,0.472,250.0,13.0,1005.6,21.49
22000.0,82.4,78.8,91.4,0.638,265.0,10.4,1005.5,21.49
22000.0,79.3,77.0,86.0,0.579,266.0,6.8,1006.3,21.49
35000.0,79.9,75.2,84.2,0.469,247.0,5.5,1007.9,22.79
22000.0,81.3,77.0,91.4,0.346,248.0,9.8,1008.3,22.79
22000.0,84.6,77.0,91.4,0.425,260.0,8.4,1008.3,23.96
22000.0,84.2,80.6,91.4,0.362,258.0,11.2,1008.5,23.96
22000.0,83.7,80.6,91.4,0.118,238.0,11.0,1009.3,23.96
22000.0,84.4,80.6,93.2,0.016,240.0,10.2,1011.4,23.96
22000.0,85.8,80.6,93.2,0.146,254.0,11.4,1009.3,23.96
22000.0,86.5,80.6,95.0,0.126,259.0,11.6,1010.1,23.96
22000.0,86.4,80.6,95.0,0.008,265.0,9.3,1009.3,23.96
22000.0,86.7,80.6,95.0,0.067,260.0,12.0,1008.5,23.99
22000.0,85.3,80.6,95.0,0.268,239.0,8.8,1008.2,23.99
22000.0,85.3,80.6,91.4,0.378,240.0,11.3,1008.9,23.99
22000.0,84.6,80.6,91.4,0.11,251.0,8.7,1009.3,23.99
22000.0,82.8,78.8,93.2,0.461,256.0,7.3,1008.4,23.99
22000.0,83.5,78.8,93.2,0.665,260.0,6.0,1007.3,23.99
22000.0,84.4,78.8,91.4,0.157,213.0,7.3,1008.3,24.6
22000.0,83.8,78.8,93.2,0.15,237.0,7.3,1008.6,24.6
22000.0,85.3,80.6,95.0,0.0,261.0,9.1,1008.2,24.6
22000.0,85.5,78.8,93.2,0.083,256.0,9.9,1008.3,24.6
22000.0,87.3,80.6,95.0,0.35,263.0,8.6,1008.1,24.6
22000.0,85.1,78.8,93.2,0.622,265.0,8.7,1006.1,24.6
22000.0,83.5,75.2,93.2,0.24,248.0,10.1,1006.2,24.6
22000.0,81.7,77.0,87.8,0.409,248.0,8.9,1007.6,24.6
22000.0,81.9,78.8,87.8,0.626,245.0,10.6,1007.3,24.87
22000.0,84.4,78.8,91.4,0.213,267.0,5.7,1008.5,24.87
22000.0,83.8,78.8,89.6,0.394,252.0,5.7,1008.7,24.87
22000.0,81.3,75.2,93.2,0.488,246.0,6.0,1008.6,24.87
22000.0,82.9,75.2,87.8,0.146,257.0,8.6,1009.5,24.87
22000.0,82.2,78.8,87.8,0.331,246.0,8.1,1010.0,24.87
22000.0,81.5,77.0,91.4,0.362,272.0,6.1,1009.1,24.87
22000.0,83.1,77.0,87.8,0.531,255.0,10.1,1009.0,24.87
22000.0,86.2,77.0,95.0,0.362,326.0,4.2,1010.0,24.87
22000.0,82.2,77.0,91.4,0.76,122.0,3.0,1009.4,25.74
22000.0,80.6,78.8,87.8,0.453,234.0,10.7,1007.0,25.74
22000.0,80.6,77.0,87.8,0.945,233.0,7.3,1008.5,25.74
22000.0,84.0,77.0,91.4,0.087,288.0,4.7,1009.9,25.74
22000.0,84.4,80.6,93.2,0.85,295.0,5.2,1010.9,25.74
22000.0,78.3,77.0,80.6,1.835,264.0,3.4,1009.7,24.84
22000.0,81.3,75.2,86.0,0.205,255.0,6.4,1010.0,24.84
22000.0,83.1,78.8,89.6,0.339,215.0,6.6,1009.9,24.84
22000.0,82.8,77.0,89.6,0.425,217.0,4.7,1009.4,24.84
22000.0,84.2,77.0,91.4,0.0,342.0,5.5,1011.1,24.84
22000.0,83.1,75.2,89.6,0.276,172.0,3.5,1010.4,24.84
22000.0,85.6,78.8,95.0,0.476,123.0,4.8,1010.7,23.04
22000.0,83.7,77.0,93.2,0.197,72.0,5.3,1011.8,23.04
22000.0,81.1,77.0,86.0,1.48,271.0,3.0,1009.5,23.04
22000.0,82.9,77.0,91.4,0.953,247.0,5.8,1010.2,23.04
22000.0,84.0,78.8,93.2,0.469,246.0,4.0,1010.8,23.04
22000.0,83.7,75.2,91.4,0.378,185.0,4.1,1010.9,23.04
22000.0,80.2,75.2,91.4,0.488,247.0,3.8,1012.0,23.51
22000.0,82.2,75.2,91.4,0.217,309.0,3.8,1011.0,23.51
22000.0,81.9,78.8,89.6,0.323,112.0,3.5,1011.4,23.51
22000.0,82.8,77.0,91.4,0.528,107.0,3.5,1011.7,23.51
22000.0,83.8,77.0,93.2,0.098,142.0,3.7,1011.0,23.51
22000.0,82.0,75.2,91.4,0.138,27.0,3.9,1010.3,23.51
22000.0,81.9,77.0,93.2,0.087,43.0,2.5,1010.6,23.51
22000.0,83.1,77.0,91.4,0.209,38.0,3.1,1010.8,23.92
22000.0,82.8,77.0,89.6,0.516,306.0,3.8,1010.5,23.92
22000.0,82.0,77.0,91.4,0.244,327.0,3.5,1009.4,23.92
22000.0,83.5,75.2,93.2,0.079,77.0,5.6,1010.7,23.92
22000.0,82.8,78.8,89.6,0.075,0.0,4.2,1010.5,23.92
22000.0,84.6,77.0,91.4,0.126,79.0,5.0,1009.9,23.92
22000.0,83.7,78.8,89.6,0.429,38.0,4.7,1011.7,23.92
22000.0,85.3,78.8,95.0,0.118,22.0,4.0,1011.2,23.53
22000.0,84.0,78.8,93.2,0.213,40.0,3.9,1011.7,23.53
22000.0,82.2,77.0,87.8,0.146,34.0,5.0,1012.3,23.53
22000.0,82.8,78.8,89.6,0.197,21.0,5.6,1013.1,23.53
22000.0,82.4,75.2,89.6,0.0,28.0,4.8,1011.3,23.53
22000.0,84.2,78.8,91.4,0.0,3.0,3.9,1010.0,23.53
22000.0,82.6,75.2,89.6,0.0,326.0,3.5,1009.2,23.53
22000.0,81.5,78.8,87.8,0.012,296.0,4.1,1009.3,23.02
25000.0,80.2,77.0,84.2,0.028,26.0,4.0,1010.0,23.02
22000.0,83.3,77.0,91.4,0.0,45.0,6.7,1010.0,23.02
22000.0,82.6,75.2,91.4,0.004,15.0,4.9,1010.0,23.02
22000.0,85.5,78.8,91.4,0.13,109.0,4.2,1010.4,22.99
22000.0,85.3,78.8,95.0,0.0,64.0,4.3,1009.8,22.99
20000.0,84.2,77.0,93.2,0.028,92.0,4.3,1010.8,22.99
20000.0,84.0,78.8,89.6,0.004,105.0,4.7,1011.0,22.99
20000.0,83.7,77.0,89.6,0.008,102.0,4.1,1010.8,22.32
20000.0,82.0,78.8,89.6,0.0,51.0,3.2,1011.3,22.32
20000.0,85.1,77.0,93.2,0.193,93.0,4.4,1011.0,22.32
20000.0,84.2,75.2,93.2,0.224,40.0,4.5,1011.8,21.4
20000.0,84.0,77.0,93.2,0.028,43.0,7.1,1010.9,21.4
20000.0,82.6,75.2,95.0,0.031,40.0,8.5,1012.5,22.14
20000.0,81.9,75.2,87.8,0.0,341.0,3.2,1012.1,21.91
20000.0,83.5,78.8,89.6,0.0,87.0,3.1,1012.0,21.91
20000.0,83.8,78.8,93.2,0.0,93.0,4.5,1011.3,21.91
20000.0,83.3,75.2,93.2,0.0,102.0,4.9,1011.2,21.93
20000.0,81.5,73.4,89.6,0.0,131.0,4.9,1011.0,21.93
20000.0,82.0,73.4,93.2,0.0,47.0,4.2,1011.5,21.93
25000.0,82.9,75.2,91.4,0.0,63.0,3.9,1011.3,21.93
25000.0,83.5,75.2,93.2,0.0,123.0,4.7,1010.9,22.48
25000.0,84.7,77.0,95.0,0.0,118.0,6.8,1012.5,22.48
25000.0,83.8,75.2,95.0,0.0,101.0,5.2,1013.4,22.48
25000.0,83.7,75.2,95.0,0.0,154.0,5.5,1013.7,22.48
25000.0,84.6,78.8,93.2,0.0,143.0,8.8,1012.3,23.91
25000.0,84.0,78.8,93.2,0.0,156.0,7.6,1011.9,23.91
25000.0,86.7,77.0,96.8,0.0,104.0,7.0,1011.7,23.59
25000.0,85.6,77.0,95.0,0.0,116.0,8.5,1010.2,23.59
25000.0,85.8,77.0,96.8,0.0,120.0,9.1,1010.7,23.92
25000.0,84.4,78.8,93.2,0.0,149.0,9.4,1010.6,23.92
25000.0,83.8,75.4,94.1,0.0,77.0,4.1,1010.0,23.92
25000.0,84.9,75.9,95.7,0.0,147.0,3.4,1009.0,23.92
25000.0,83.3,75.0,94.1,,69.0,6.0,1013.1,23.55
25000.0,83.3,74.3,94.1,,69.0,6.1,1012.9,23.55
