,price,tavg,tmin,tmax,prcp,wdir,wspd,pres,area,productivity,quantity,export_from_tl,export_from_vn
2/15/2016,9500,29.22222222,25,35,0.268,127,8.3,1013.6,239.3,71.9,1719.9,385,380
2/17/2016,9500,28.22222222,24,34,0.268,144,5.4,1013.8,239.3,71.9,1719.9,385,380
2/18/2016,9500,28.27777778,22,34,0.268,144,6,1012.8,239.3,71.9,1719.9,385,380
2/22/2016,10000,28.22222222,24,35,0.268,144,7,1014.3,239.3,71.9,1719.9,380,385
2/23/2016,10000,28.11111111,24,34,0.268,144,8.6,1013.4,239.3,71.9,1719.9,380,385
2/24/2016,10000,29.11111111,24,35,0.268,42,5.9,1013.4,239.3,71.9,1719.9,380,385
3/2/2016,10000,28.11111111,23,34,0.268,152,5.7,1013.2,239.3,71.9,1719.9,375,375
3/4/2016,10500,28.61111111,24,34,0.268,152,7,1011.1,239.3,71.9,1719.9,380,375
3/8/2016,10500,27.88888889,24,34,0.268,152,7.8,1009.7,239.3,71.9,1719.9,380,375
3/9/2016,10500,28.38888889,25,34,0.268,152,7,1011.7,239.3,71.9,1719.9,380,375
3/11/2016,10500,29.11111111,26,34,0.268,131,10.2,1011.7,239.3,71.9,1719.9,380,375
3/14/2016,10500,28.61111111,26,34,0.268,147,8.2,1011.3,239.3,71.9,1719.9,380,375
3/15/2016,10500,29.11111111,26,34,0.268,147,8.3,1010.9,239.3,71.9,1719.9,380,375
3/23/2016,10500,29.61111111,26,35,0.268,149,6.9,1009.8,239.3,71.9,1719.9,385,380
3/25/2016,10500,29.77777778,26,37,0.268,137,9.3,1013.4,239.3,71.9,1719.9,390,385
3/31/2016,10500,29.27777778,26,34,0.268,138,7.9,1010.3,239.3,71.9,1719.9,390,385
4/4/2016,10500,29.61111111,27,34,0.268,155,7.8,1010.1,239.3,71.9,1719.9,385,380
4/6/2016,10500,29.38888889,27,34,0.268,150,8.3,1010.1,239.3,71.9,1719.9,385,380
4/7/2016,10500,29.72222222,27,34,0.268,154,8,1010.2,239.3,71.9,1719.9,385,380
4/8/2016,10500,30.11111111,27,34,0.268,154,8.5,1009.9,239.3,71.9,1719.9,390,380
4/11/2016,10500,30.38888889,28,35,0.268,183,7.8,1007.9,239.3,71.9,1719.9,390,380
4/12/2016,10500,30.38888889,28,36,0.268,172,8.9,1008.3,239.3,71.9,1719.9,390,380
4/14/2016,10500,31.22222222,28,37,0.268,199,8.8,1008.3,239.3,71.9,1719.9,390,380
4/15/2016,10500,31.27777778,28,37,0.268,196,8.6,1009.1,239.3,71.9,1719.9,390,385
4/26/2016,10500,31.77777778,29,37,0.268,176,8.3,1008.6,239.3,71.9,1719.9,400,390
5/4/2016,10000,32.22222222,29,37,0.268,147,8.5,1007.3,239.3,71.9,1719.9,400,400
5/6/2016,10000,31.38888889,29,37,0.268,132,6.6,1007.3,239.3,71.9,1719.9,410,405
5/13/2016,10000,32.61111111,29,37,0.268,146,5.7,1007.5,239.3,71.9,1719.9,420,415
5/17/2016,10000,29.27777778,25,37,0.268,244,5.3,1008.5,239.3,71.9,1719.9,420,415
5/18/2016,10000,28.72222222,25,33,0.268,244,4.3,1008.5,239.3,71.9,1719.9,420,415
5/19/2016,10000,29.27777778,27,34,0.268,244,4.2,1006.8,239.3,71.9,1719.9,420,415
5/20/2016,10000,30.77777778,27,35,0.268,244,5.6,1006.8,239.3,71.9,1719.9,425,425
5/24/2016,10000,28.38888889,26,35,0.268,244,12,1007,239.3,71.9,1719.9,425,425
5/25/2016,10000,30,26,34,0.268,243,10.4,1006.4,239.3,71.9,1719.9,425,425
6/2/2016,10000,30.77777778,27,35,0.268,224,7.1,1008.5,239.3,71.9,1719.9,430,430
6/3/2016,10000,28.88888889,27,35,0.268,224,6.3,1009,239.3,71.9,1719.9,430,430
6/6/2016,10000,29.88888889,27,36,0.268,248,5.8,1009.1,239.3,71.9,1719.9,430,430
6/13/2016,10000,29.72222222,26,34,0.268,245,5.7,1008.2,239.3,71.9,1719.9,430,430
8/22/2016,10000,28.11111111,25,34,0.268,269,8.1,1005.1,239.3,71.9,1719.9,415,420
8/23/2016,10000,28.77777778,25,34,0.268,241,5.8,1007.2,239.3,71.9,1719.9,415,420
8/24/2016,10000,28,26,31,0.268,241,4.9,1007.2,239.3,71.9,1719.9,415,420
8/29/2016,9500,28.61111111,25,33,0.268,260,6.1,1007.5,239.3,71.9,1719.9,400,400
8/30/2016,9500,27.72222222,25,33,0.268,260,3.4,1010,239.3,71.9,1719.9,400,400
8/31/2016,9500,28.61111111,25,34,0.268,260,4.7,1010,239.3,71.9,1719.9,400,400
9/1/2016,9500,30.11111111,25,34,0.268,260,4.7,1007.8,239.3,71.9,1719.9,400,400
9/6/2016,9500,29.27777778,26,33,0.268,236,8.6,1007.8,239.3,71.9,1719.9,390,390
9/12/2016,9500,25.77777778,24,29,0.268,251,8.2,1007.3,239.3,71.9,1719.9,385,380
9/13/2016,9500,27.27777778,24,31,0.268,243,9.8,1007.3,239.3,71.9,1719.9,385,380
9/15/2016,9500,27.88888889,25,32,0.268,232,6.2,1007.5,239.3,71.9,1719.9,385,380
9/20/2016,9500,27.77777778,25,33,0.268,232,4.3,1007.6,239.3,71.9,1719.9,385,380
9/21/2016,9500,27.61111111,25,33,0.268,232,4.3,1007.6,239.3,71.9,1719.9,385,380
9/22/2016,9500,27.11111111,24,31,0.268,232,2.9,1007.6,239.3,71.9,1719.9,385,380
9/23/2016,9500,28.22222222,25,31,0.268,232,3.8,1006.4,239.3,71.9,1719.9,385,380
9/27/2016,9500,26.72222222,23,33,0.268,236,3.5,1006.8,239.3,71.9,1719.9,385,380
9/28/2016,9500,27.27777778,25,32,0.268,236,3.6,1006.2,239.3,71.9,1719.9,385,380
9/30/2016,10000,27.11111111,25,32,0.268,236,4.2,1006.2,239.3,71.9,1719.9,375,375
10/3/2016,10000,25.38888889,24,29,0.268,236,2.9,1006.6,239.3,71.9,1719.9,375,375
10/4/2016,10000,28.22222222,24,33,0.268,236,4.5,1006.6,239.3,71.9,1719.9,375,375
10/5/2016,10000,28.22222222,25,33,0.268,236,4.7,1006.4,239.3,71.9,1719.9,375,375
10/7/2016,10000,27,24,32,0.268,236,4.7,1008,239.3,71.9,1719.9,370,370
10/12/2016,10000,27.27777778,25,31,0.268,236,3,1006.3,239.3,71.9,1719.9,370,370
10/13/2016,10000,27.72222222,25,33,0.268,236,3,1006,239.3,71.9,1719.9,370,370
10/17/2016,10000,27.11111111,24,32,0.268,236,4.4,1005.8,239.3,71.9,1719.9,365,365
10/20/2016,10000,27.11111111,25,30,0.268,345,7.8,1006,239.3,71.9,1719.9,365,365
10/21/2016,10000,27.27777778,24,32,0.268,345,6.5,1007,239.3,71.9,1719.9,365,365
10/24/2016,10000,26.88888889,24,31,0.268,98,3.1,1007.8,239.3,71.9,1719.9,365,365
10/25/2016,10000,26.11111111,25,30,0.268,98,3.4,1007.8,239.3,71.9,1719.9,365,365
10/26/2016,10000,28.61111111,25,32,0.268,98,9.1,1010.8,239.3,71.9,1719.9,365,365
10/27/2016,10000,27.77777778,25,34,0.268,332,6.4,1010.8,239.3,71.9,1719.9,365,365
10/28/2016,10000,27.5,24,33,0.268,332,4,1009.5,239.3,71.9,1719.9,370,360
10/31/2016,10000,26.88888889,24,32,0.268,332,4.4,1009.3,239.3,71.9,1719.9,370,360
11/1/2016,10000,27.27777778,24,32,0.268,332,4.4,1009.3,239.3,71.9,1719.9,370,360
11/2/2016,10000,26.72222222,24,32,0.268,332,3.6,1009.3,239.3,71.9,1719.9,370,360
11/3/2016,10000,27.22222222,25,30,0.268,332,5.3,1007.8,239.3,71.9,1719.9,370,360
11/4/2016,10000,26.22222222,24,29,0.268,332,5.2,1007.8,239.3,71.9,1719.9,370,360
11/7/2016,10000,28.61111111,25,33,0.268,129,4.3,1010,239.3,71.9,1719.9,370,360
11/8/2016,10000,28.61111111,25,32,0.268,129,5.2,1011,239.3,71.9,1719.9,370,360
11/9/2016,10000,28.11111111,24,33,0.268,129,5.7,1011.2,239.3,71.9,1719.9,370,360
11/10/2016,10000,28.77777778,25,34,0.268,129,4.4,1011.3,239.3,71.9,1719.9,370,360
11/11/2016,10000,29.11111111,25,34,0.268,129,4.1,1010.5,239.3,71.9,1719.9,365,355
11/15/2016,10000,29.22222222,26,34,0.268,129,3.9,1009.3,239.3,71.9,1719.9,365,355
11/16/2016,10000,28.88888889,25,35,0.268,129,5,1009.3,239.3,71.9,1719.9,365,355
11/17/2016,10000,28.38888889,26,33,0.268,129,3.4,1007.2,239.3,71.9,1719.9,365,355
11/18/2016,10000,29.22222222,26,33,0.268,129,6,1007.2,239.3,71.9,1719.9,365,355
11/22/2016,10000,28.38888889,26,32,0.268,129,6.6,1007.6,239.3,71.9,1719.9,365,355
11/23/2016,10000,29.38888889,26,33,0.268,129,7.8,1008.4,239.3,71.9,1719.9,365,355
11/24/2016,10000,28.88888889,26,34,0.268,76,5.8,1008.4,239.3,71.9,1719.9,365,355
11/25/2016,10000,29.11111111,25,34,0.268,76,4.2,1007.5,239.3,71.9,1719.9,370,360
11/28/2016,10000,28.77777778,26,33,0.268,76,4.2,1009.4,239.3,71.9,1719.9,370,360
11/29/2016,10000,29.77777778,25,34,0.268,76,5.5,1010,239.3,71.9,1719.9,370,360
11/30/2016,10000,26.77777778,23,31,0.268,76,3.5,1010.8,239.3,71.9,1719.9,370,360
12/1/2016,10000,26.38888889,24,30,0.268,76,3.5,1010.8,239.3,71.9,1719.9,370,360
12/2/2016,10000,26.38888889,24,30,0.268,76,3.5,1010.8,239.3,71.9,1719.9,370,365
12/5/2016,10000,28.11111111,24,32,0.268,311,5.3,1009.5,239.3,71.9,1719.9,370,365
12/6/2016,10000,27.61111111,24,32,0.268,311,3.7,1009.5,239.3,71.9,1719.9,370,365
12/8/2016,10000,27.27777778,25,31,0.268,311,3.2,1007,239.3,71.9,1719.9,370,365
12/9/2016,10000,27,24,32,0.268,311,5.2,1007,239.3,71.9,1719.9,375,365
12/27/2016,11000,26.88888889,24,33,0.268,355,4.3,1009.2,239.3,71.9,1719.9,380,370
12/29/2016,11000,26.38888889,23,30,0.268,355,7.1,1010.6,239.3,71.9,1719.9,380,370
1/5/2017,10500,28.5,25,32,0.268,107,4.8,1008.2,236.2,70.29635902,1660.4,375,375
1/10/2017,10500,27.72222222,24,31,0.268,281,4.6,1008.5,236.2,70.29635902,1660.4,375,375
1/11/2017,10500,28,24,32,0.268,281,4,1008.5,236.2,70.29635902,1660.4,375,375
2/3/2017,10000,26.27777778,24,29,0.268,131,2.3,1010.6,236.2,70.29635902,1660.4,370,370
2/6/2017,10000,27.38888889,24,32,0.268,131,5.5,1009.3,236.2,70.29635902,1660.4,370,370
2/7/2017,10000,27.22222222,24,33,0.268,131,5.5,1009.5,236.2,70.29635902,1660.4,370,370
2/8/2017,10000,27.77777778,24,32,0.268,131,4.7,1009.6,236.2,70.29635902,1660.4,370,370
2/9/2017,10000,28.11111111,25,34,0.268,131,5,1010.8,236.2,70.29635902,1660.4,370,370
2/10/2017,10000,26.77777778,24,33,0.268,131,5.4,1010.8,236.2,70.29635902,1660.4,365,370
2/13/2017,10000,26.77777778,21,33,0.268,131,4.5,1015.2,236.2,70.29635902,1660.4,365,370
2/15/2017,10500,26.72222222,23,32,0.268,131,6.2,1013.5,236.2,70.29635902,1660.4,365,370
2/16/2017,10500,27.27777778,22,33,0.268,131,5,1013.5,236.2,70.29635902,1660.4,365,370
2/20/2017,10500,27.72222222,24,30,0.268,131,4.3,1009.5,236.2,70.29635902,1660.4,360,370
2/21/2017,10500,28.61111111,25,33,0.268,131,7.6,1010.7,236.2,70.29635902,1660.4,360,370
2/22/2017,10500,28.77777778,26,34,0.268,131,8.3,1010.5,236.2,70.29635902,1660.4,360,370
2/23/2017,10000,28.22222222,26,33,0.268,139,8,1011.3,236.2,70.29635902,1660.4,360,370
2/24/2017,10000,28.38888889,25,33,0.268,143,6.6,1011.9,236.2,70.29635902,1660.4,365,365
2/27/2017,10000,28.38888889,24,34,0.268,143,4.3,1009.9,236.2,70.29635902,1660.4,365,365
3/1/2017,10000,28.77777778,25,33,0.268,143,4,1009.9,236.2,70.29635902,1660.4,365,365
3/2/2017,10000,28,24,34,0.268,143,5.1,1009.9,236.2,70.29635902,1660.4,365,365
3/3/2017,10000,27.27777778,23,32,0.268,143,5,1008.8,236.2,70.29635902,1660.4,370,370
3/7/2017,10000,27.61111111,25,33,0.268,143,7.9,1009.7,236.2,70.29635902,1660.4,370,370
3/13/2017,10000,28.77777778,25,34,0.268,166,5.4,1009.5,236.2,70.29635902,1660.4,365,370
3/14/2017,10000,28.5,25,33,0.268,166,7.2,1009.8,236.2,70.29635902,1660.4,365,370
3/15/2017,10000,28.77777778,25,34,0.268,132,7.7,1009.7,236.2,70.29635902,1660.4,365,370
3/16/2017,10000,28.27777778,26,33,0.268,132,9,1009.5,236.2,70.29635902,1660.4,365,370
3/23/2017,10000,29,26,34,0.268,148,8.1,1010.4,236.2,70.29635902,1660.4,360,365
3/27/2017,10000,29.72222222,25,35,0.268,128,6.5,1011.1,236.2,70.29635902,1660.4,360,360
3/28/2017,10000,29.77777778,25,35,0.268,128,7.4,1011.1,236.2,70.29635902,1660.4,360,360
3/29/2017,10000,28.88888889,25,35,0.268,128,7.7,1011.1,236.2,70.29635902,1660.4,360,360
3/30/2017,10000,27.61111111,24,34,0.268,128,3.9,1011.1,236.2,70.29635902,1660.4,360,360
4/5/2017,10000,28.38888889,25,33,0.268,128,8,1008.5,236.2,70.29635902,1660.4,365,365
4/10/2017,10000,30,27,35,0.268,147,8,1007.5,236.2,70.29635902,1660.4,370,370
4/13/2017,10000,30,28,35,0.268,120,7.3,1010.4,236.2,70.29635902,1660.4,370,370
4/14/2017,10000,30.38888889,26,36,0.268,120,9.2,1010.2,236.2,70.29635902,1660.4,370,370
4/17/2017,10000,29.88888889,27,34,0.268,196,7.3,1009.6,236.2,70.29635902,1660.4,370,370
4/18/2017,10000,29.88888889,27,34,0.268,196,5.8,1009.2,236.2,70.29635902,1660.4,370,370
4/19/2017,10000,30.88888889,27,36,0.268,196,6.4,1009.1,236.2,70.29635902,1660.4,370,370
4/21/2017,10000,31.22222222,28,36,0.268,217,8,1008.7,236.2,70.29635902,1660.4,375,375
4/24/2017,10000,30.11111111,26,34,0.268,145,5.5,1009.7,236.2,70.29635902,1660.4,375,375
4/25/2017,10000,29.27777778,26,35,0.268,145,4.8,1009.3,236.2,70.29635902,1660.4,375,375
4/26/2017,10000,29.61111111,25,34,0.268,145,5.7,1008.9,236.2,70.29635902,1660.4,375,375
5/5/2017,10000,29,26,34,0.268,266,4.4,1011.4,236.2,70.29635902,1660.4,390,385
5/9/2017,10000,28.11111111,25,33,0.268,266,5.8,1008.3,236.2,70.29635902,1660.4,390,385
5/10/2017,10000,28.88888889,25,33,0.268,266,6.5,1009,236.2,70.29635902,1660.4,390,385
5/11/2017,10000,29.27777778,26,33,0.268,266,5.8,1008.3,236.2,70.29635902,1660.4,390,385
5/12/2017,10000,30.38888889,25,35,0.268,266,5.6,1008.3,236.2,70.29635902,1660.4,395,395
5/17/2017,10000,29.5,26,33,0.268,266,5.2,1006.9,236.2,70.29635902,1660.4,395,395
5/18/2017,10000,30.22222222,26,35,0.268,266,5.3,1007.5,236.2,70.29635902,1660.4,395,395
5/19/2017,10000,28.61111111,26,34,0.268,266,5.8,1007.8,236.2,70.29635902,1660.4,405,410
5/25/2017,10000,29.11111111,27,34,0.268,266,5,1006.5,236.2,70.29635902,1660.4,405,410
5/26/2017,10000,27.77777778,26,32,0.268,266,4.6,1006.8,236.2,70.29635902,1660.4,420,415
5/30/2017,10000,27.27777778,25,33,0.268,266,3.6,1007.5,236.2,70.29635902,1660.4,420,415
6/2/2017,10000,28.27777778,26,32,0.268,266,7,1008.5,236.2,70.29635902,1660.4,430,425
6/6/2017,10000,27.27777778,26,32,0.268,266,7.1,1008.2,236.2,70.29635902,1660.4,430,425
6/7/2017,10000,29.22222222,25,32,0.268,266,6.4,1008.4,236.2,70.29635902,1660.4,430,425
6/12/2017,10000,30.27777778,26,34,0.268,266,6.5,1007.8,236.2,70.29635902,1660.4,445,440
6/15/2017,10000,30,25,34,0.268,226,5.3,1009.3,236.2,70.29635902,1660.4,445,440
6/19/2017,10000,30.22222222,26,34,0.268,248,7,1006.9,236.2,70.29635902,1660.4,450,450
6/20/2017,10000,29.72222222,27,34,0.268,248,9.1,1006.8,236.2,70.29635902,1660.4,450,450
6/22/2017,10000,27.11111111,25,31,0.268,192,5.5,1007.4,236.2,70.29635902,1660.4,450,450
6/23/2017,10000,26.88888889,25,31,0.268,192,5,1006.8,236.2,70.29635902,1660.4,460,460
6/26/2017,10000,27.72222222,25,32,0.268,192,5.4,969.9,236.2,70.29635902,1660.4,460,460
6/29/2017,10000,29.11111111,25,34,0.268,289,5,1008,236.2,70.29635902,1660.4,460,460
6/30/2017,10000,28.11111111,26,33,0.268,289,6.1,1007.7,236.2,70.29635902,1660.4,450,450
7/3/2017,10000,28.88888889,25,33,0.268,289,6,1007.7,236.2,70.29635902,1660.4,450,450
7/5/2017,10000,27.61111111,25,32,0.268,268,3.4,1008.8,236.2,70.29635902,1660.4,450,450
7/6/2017,10000,27.27777778,25,32,0.268,268,5.5,1008.7,236.2,70.29635902,1660.4,450,450
7/11/2017,10000,29,25,33,0.268,238,6.7,1007.5,236.2,70.29635902,1660.4,435,435
7/14/2017,10000,28.61111111,24,32,0.268,247,10.4,1007.5,236.2,70.29635902,1660.4,420,425
7/17/2017,10000,25.61111111,24,31,0.268,252,6.8,1007.3,236.2,70.29635902,1660.4,420,425
7/20/2017,10000,25.72222222,24,32,0.268,252,5.2,1007.3,236.2,70.29635902,1660.4,420,425
7/28/2017,10000,28.61111111,26,32,0.268,238,11.8,1007.5,236.2,70.29635902,1660.4,410,410
8/1/2017,10000,28.72222222,27,33,0.268,244,10.8,1008,236.2,70.29635902,1660.4,410,410
8/2/2017,10000,28,25,32,0.268,235,9.8,1007.4,236.2,70.29635902,1660.4,410,410
8/3/2017,10000,28.22222222,27,32,0.268,232,10.4,1005.8,236.2,70.29635902,1660.4,410,410
8/4/2017,10000,27.27777778,26,32,0.268,232,8.9,1005.6,236.2,70.29635902,1660.4,405,405
8/7/2017,10000,30.11111111,25,34,0.268,220,4.9,1008.7,236.2,70.29635902,1660.4,405,405
8/8/2017,10000,28.88888889,27,34,0.268,220,6.3,1008.9,236.2,70.29635902,1660.4,405,405
8/9/2017,10000,27.77777778,25,34,0.268,220,5.3,1009.1,236.2,70.29635902,1660.4,405,405
8/10/2017,10000,28.27777778,26,33,0.268,220,4.3,1008,236.2,70.29635902,1660.4,405,405
8/11/2017,10000,28.27777778,26,33,0.268,220,4.3,1008,236.2,70.29635902,1660.4,390,400
8/14/2017,10000,28.27777778,26,32,0.268,220,5.3,1008.9,236.2,70.29635902,1660.4,390,400
8/15/2017,10000,27.88888889,26,33,0.268,220,7,1008.1,236.2,70.29635902,1660.4,390,400
8/17/2017,10000,26.88888889,25,30,0.268,245,7.5,1006.1,236.2,70.29635902,1660.4,390,400
8/18/2017,10000,26.27777778,24,30,0.268,265,6.7,1006.9,236.2,70.29635902,1660.4,390,395
8/21/2017,10000,28.88888889,25,33,0.268,265,7.2,1005.8,236.2,70.29635902,1660.4,390,395
8/22/2017,10000,28.22222222,25,34,0.268,265,9.4,1005.6,236.2,70.29635902,1660.4,390,395
8/23/2017,10000,26.88888889,26,32,0.268,232,8.9,1006.3,236.2,70.29635902,1660.4,390,395
8/24/2017,10000,28.77777778,24,33,0.268,256,7.2,1006.7,236.2,70.29635902,1660.4,390,395
8/25/2017,10000,28.11111111,24,33,0.268,256,8.9,968.8,236.2,70.29635902,1660.4,385,390
8/28/2017,10000,28.22222222,26,33,0.268,220,6.9,1007.2,236.2,70.29635902,1660.4,385,390
8/29/2017,10000,29.22222222,25,33,0.268,209,5.3,1007.8,236.2,70.29635902,1660.4,385,390
8/31/2017,10000,29.77777778,25,34,0.268,209,5.2,1008.3,236.2,70.29635902,1660.4,385,390
9/1/2017,10000,27.61111111,25,32,0.268,209,4.9,1007.5,236.2,70.29635902,1660.4,380,385
9/5/2017,10000,29.11111111,25,35,0.268,209,5.9,1008.2,236.2,70.29635902,1660.4,380,385
9/6/2017,10000,29.88888889,26,34,0.268,209,5.8,1008.1,236.2,70.29635902,1660.4,380,385
9/7/2017,10000,29.72222222,27,34,0.268,209,5.2,1008.4,236.2,70.29635902,1660.4,380,385
9/8/2017,10000,29.88888889,27,34,0.268,209,3.2,1008.5,236.2,70.29635902,1660.4,380,385
9/11/2017,10000,28.22222222,25,33,0.268,209,4.3,1009,236.2,70.29635902,1660.4,380,385
9/12/2017,10000,29.77777778,25,33,0.268,209,3.6,1009,236.2,70.29635902,1660.4,380,385
9/13/2017,10000,29.72222222,27,34,0.268,209,6.2,1007.1,236.2,70.29635902,1660.4,380,385
9/14/2017,10000,28.11111111,22,32,0.268,209,7,1005.3,236.2,70.29635902,1660.4,380,385
9/15/2017,10000,28.77777778,27,33,0.268,209,9.6,1005.1,236.2,70.29635902,1660.4,385,385
9/18/2017,10000,28.72222222,23,34,0.268,233,6.5,1007.3,236.2,70.29635902,1660.4,385,385
9/19/2017,10000,27.72222222,23,33,0.268,233,5.2,1007.3,236.2,70.29635902,1660.4,385,385
9/20/2017,10000,26.88888889,25,31,0.268,233,3.8,1007.3,236.2,70.29635902,1660.4,385,385
9/22/2017,10000,26.38888889,25,31,0.268,233,2.7,1007.5,236.2,70.29635902,1660.4,390,385
9/25/2017,10000,27.77777778,25,31,0.268,240,9.6,1007.4,236.2,70.29635902,1660.4,390,385
9/26/2017,10000,29.38888889,26,34,0.268,298,5.7,1008.2,236.2,70.29635902,1660.4,390,385
9/27/2017,10000,28.11111111,26,33,0.268,298,5,1008.1,236.2,70.29635902,1660.4,390,385
9/28/2017,10000,27.72222222,23,33,0.268,298,4,1007.6,236.2,70.29635902,1660.4,390,385
9/29/2017,10000,29.27777778,25,34,0.268,298,4.7,1008.3,236.2,70.29635902,1660.4,396,395
10/2/2017,10000,25.38888889,23,27,0.268,298,4.6,1007.8,236.2,70.29635902,1660.4,396,395
10/3/2017,10000,26.11111111,25,29,0.268,298,5.8,1008.3,236.2,70.29635902,1660.4,396,395
10/4/2017,10000,27.5,24,33,0.268,298,4.4,1009.3,236.2,70.29635902,1660.4,396,395
10/5/2017,10000,28.38888889,25,33,0.268,298,4.2,1008.4,236.2,70.29635902,1660.4,396,395
10/6/2017,10000,28.61111111,24,32,0.268,298,4.4,1008.4,236.2,70.29635902,1660.4,397,390
10/9/2017,10000,28.38888889,25,32,0.268,298,3.4,1005.3,236.2,70.29635902,1660.4,397,390
10/10/2017,10000,29.88888889,26,34,0.268,298,4.8,1004.8,236.2,70.29635902,1660.4,397,390
10/11/2017,10000,28.11111111,26,32,0.268,298,3.3,1006.5,236.2,70.29635902,1660.4,397,390
10/13/2017,10000,27.27777778,25,31,0.268,298,4.8,1005.3,236.2,70.29635902,1660.4,392,395
10/16/2017,10000,28.77777778,25,32,0.268,298,5.2,1006.6,236.2,70.29635902,1660.4,392,395
10/17/2017,10000,26.22222222,24,32,0.268,298,4.7,1007.8,236.2,70.29635902,1660.4,392,395
10/20/2017,10000,27.38888889,25,32,0.268,19,4.9,1009.5,236.2,70.29635902,1660.4,394,400
10/23/2017,10000,27.88888889,26,31,0.268,19,5.1,1010,236.2,70.29635902,1660.4,394,400
10/24/2017,10000,26.72222222,25,31,0.268,19,4.3,1011.3,236.2,70.29635902,1660.4,394,400
10/30/2017,10500,28.88888889,25,32,0.268,19,5.2,1008.3,236.2,70.29635902,1660.4,392,395
10/31/2017,10500,27.77777778,25,32,0.268,19,5.2,1008.3,236.2,70.29635902,1660.4,392,395
11/1/2017,10500,26.38888889,25,29,0.268,359,4.7,1008.4,236.2,70.29635902,1660.4,392,395
11/2/2017,10500,27.88888889,25,33,0.268,359,3.5,1006.9,236.2,70.29635902,1660.4,392,395
11/3/2017,10500,28.38888889,23,33,0.268,359,5,1006.2,236.2,70.29635902,1660.4,384,405
11/6/2017,10500,28.72222222,25,33,0.268,359,3,1007.3,236.2,70.29635902,1660.4,384,405
11/7/2017,10500,27,23,33,0.268,359,4.7,1007.9,236.2,70.29635902,1660.4,384,405
11/9/2017,10500,26.77777778,24,32,0.268,359,4.2,1007.7,236.2,70.29635902,1660.4,384,405
11/10/2017,10500,26.88888889,25,33,0.268,359,2.5,1008.2,236.2,70.29635902,1660.4,393,403
11/13/2017,10500,27.22222222,25,32,0.268,359,4.2,1007.6,236.2,70.29635902,1660.4,393,403
11/14/2017,10500,27.38888889,24,33,0.268,359,3.4,1008.3,236.2,70.29635902,1660.4,393,403
11/15/2017,10500,28.22222222,25,32,0.268,359,4.5,1008.8,236.2,70.29635902,1660.4,393,403
11/16/2017,10500,29.61111111,26,34,0.268,359,7.6,1009,236.2,70.29635902,1660.4,393,403
11/17/2017,10500,28.88888889,23,34,0.268,359,4.9,1007.1,236.2,70.29635902,1660.4,394,405
11/20/2017,10500,27.61111111,24,31,0.268,359,7.9,1008.4,236.2,70.29635902,1660.4,394,405
11/21/2017,10500,28.27777778,24,33,0.268,359,4.5,1008.3,236.2,70.29635902,1660.4,394,405
11/22/2017,10500,28.88888889,25,33,0.268,359,4.7,1007.4,236.2,70.29635902,1660.4,394,405
11/23/2017,10500,29,25,34,0.268,359,3.9,1007.8,236.2,70.29635902,1660.4,394,405
11/24/2017,10500,27.77777778,24,33,0.268,359,5.1,1009.5,236.2,70.29635902,1660.4,402,405
11/27/2017,10500,28.38888889,24,32,0.268,359,5,1007.5,236.2,70.29635902,1660.4,402,405
11/28/2017,10500,27.88888889,25,32,0.268,359,5.6,1007.6,236.2,70.29635902,1660.4,402,405
11/29/2017,10500,26.27777778,25,28,0.268,359,2.6,1008,236.2,70.29635902,1660.4,402,405
12/1/2017,10500,28.72222222,24,34,0.268,359,4.1,1007.2,236.2,70.29635902,1660.4,412,403
12/4/2017,10500,26.77777778,25,32,0.268,359,3.6,1007.9,236.2,70.29635902,1660.4,412,403
12/5/2017,10500,27.22222222,25,31,0.268,359,2.4,1008.7,236.2,70.29635902,1660.4,412,403
12/6/2017,10500,28.38888889,24,32,0.268,359,3,1009,236.2,70.29635902,1660.4,412,403
12/7/2017,10500,28.38888889,25,33,0.268,359,3.2,1009.3,236.2,70.29635902,1660.4,412,403
12/8/2017,10500,27.61111111,25,34,0.268,359,4.3,1010.4,236.2,70.29635902,1660.4,412,390
12/11/2017,10500,27.77777778,22,32,0.268,359,5.1,1011.3,236.2,70.29635902,1660.4,412,390
12/12/2017,10500,27.61111111,25,32,0.268,359,4.3,1011,236.2,70.29635902,1660.4,412,390
12/13/2017,10500,27.88888889,24,32,0.268,359,4,1010.5,236.2,70.29635902,1660.4,412,390
12/15/2017,10500,27.72222222,24,32,0.268,359,4,1010.4,236.2,70.29635902,1660.4,406,395
12/18/2017,10500,24.77777778,20,30,0.268,359,6.5,1012.9,236.2,70.29635902,1660.4,406,395
12/19/2017,10500,24.38888889,20,28,0.268,5,7.4,1012.6,236.2,70.29635902,1660.4,406,395
12/21/2017,10500,24.27777778,21,29,0.268,2,11.4,1011.5,236.2,70.29635902,1660.4,406,395
12/25/2017,10500,21.77777778,21,26,0.268,358,9.3,1007,236.2,70.29635902,1660.4,404,390
12/27/2017,10500,27.5,25,31,0.268,132,5.6,1009.8,236.2,70.29635902,1660.4,404,390
12/28/2017,10500,28.61111111,25,33,0.268,132,4.9,1010,236.2,70.29635902,1660.4,404,390
12/29/2017,10500,28.11111111,24,33,0.268,132,3.9,1010.4,236.2,70.29635902,1660.4,403,390
1/2/2018,10500,26.72222222,22,32,0.268,132,4,1008.8,235,73.5,1727.4,403,390
1/3/2018,10500,27.61111111,23,32,0.268,132,4.4,1007.8,235,73.5,1727.4,403,390
1/4/2018,10500,28.27777778,24,33,0.268,132,5,1007.6,235,73.5,1727.4,403,390
1/9/2018,10500,28.27777778,25,33,0.268,123,5.2,1010.8,235,73.5,1727.4,395,390
1/10/2018,10500,27.61111111,25,33,0.268,123,4,1011.4,235,73.5,1727.4,395,390
1/12/2018,10500,26.11111111,22,32,0.268,123,6.9,1011.9,235,73.5,1727.4,416,395
1/17/2018,10500,27.11111111,25,31,0.268,123,4,1008.5,235,73.5,1727.4,416,395
1/18/2018,10500,26.61111111,24,32,0.268,123,3.4,1008.3,235,73.5,1727.4,416,395
1/19/2018,10500,25.72222222,24,28,0.268,123,3.2,1008.1,235,73.5,1727.4,420,425
1/24/2018,10500,27.5,24,32,0.268,123,4.8,1006.8,235,73.5,1727.4,420,425
1/25/2018,10500,27.27777778,24,32,0.268,123,4.8,1006.8,235,73.5,1727.4,420,425
2/28/2018,10500,29,24,34,0.268,146,5,1009,235,73.5,1727.4,410,420
3/1/2018,10500,28.77777778,26,34,0.268,146,8.3,1008.6,235,73.5,1727.4,410,420
3/2/2018,10500,28.72222222,26,33,0.268,150,7.3,1008.5,235,73.5,1727.4,414,410
3/5/2018,10500,29.27777778,26,34,0.268,125,7.8,1009,235,73.5,1727.4,414,410
3/6/2018,10500,29.22222222,26,33,0.268,125,7.4,1009.5,235,73.5,1727.4,414,410
3/7/2018,10500,29.77777778,26,37,0.268,125,8,1009.1,235,73.5,1727.4,414,410
3/8/2018,10500,29.72222222,24,37,0.268,125,7.8,1009.1,235,73.5,1727.4,414,410
3/9/2018,10500,28.88888889,23,35,0.268,141,4.7,1009.5,235,73.5,1727.4,428,421
3/13/2018,10500,28.77777778,25,34,0.268,141,6.6,1010.4,235,73.5,1727.4,428,421
3/14/2018,10500,28.61111111,26,34,0.268,141,8.7,1009.9,235,73.5,1727.4,428,421
3/15/2018,10500,29.11111111,26,34,0.268,141,8.6,1010,235,73.5,1727.4,428,421
3/16/2018,10500,28.88888889,26,34,0.268,131,9,1010.3,235,73.5,1727.4,424,415
3/19/2018,10500,29.27777778,26,35,0.268,144,7.6,1009.5,235,73.5,1727.4,424,415
3/20/2018,10500,29.27777778,26,35,0.268,144,7.4,1009,235,73.5,1727.4,424,415
3/21/2018,10500,29.38888889,26,35,0.268,144,6.8,1009.2,235,73.5,1727.4,424,415
3/22/2018,10500,28.38888889,26,33,0.268,144,6.3,1008,235,73.5,1727.4,424,415
3/23/2018,10500,29.11111111,24,34,0.268,144,5.4,1009.1,235,73.5,1727.4,426,418
3/26/2018,10500,29.27777778,25,35,0.268,144,5.8,1010.3,235,73.5,1727.4,426,418
3/27/2018,10500,28.77777778,24,34,0.268,144,5.5,1010.3,235,73.5,1727.4,426,418
3/28/2018,10500,28.38888889,25,35,0.268,144,6.3,1009.8,235,73.5,1727.4,426,418
3/29/2018,10500,28.61111111,26,33,0.268,144,7.4,1009.9,235,73.5,1727.4,426,418
3/30/2018,11000,28.38888889,26,33,0.268,144,7.5,1009.7,235,73.5,1727.4,437,425
4/2/2018,11000,28.72222222,25,33,0.268,151,5.4,1009.3,235,73.5,1727.4,437,425
4/3/2018,11000,28.27777778,26,33,0.268,151,6.6,1009.3,235,73.5,1727.4,437,425
4/4/2018,11000,28.61111111,26,34,0.268,151,8.8,1008.5,235,73.5,1727.4,437,425
4/5/2018,11000,28.88888889,26,32,0.268,143,7.5,1007.8,235,73.5,1727.4,437,425
4/6/2018,11000,29.11111111,26,33,0.268,147,8.5,1008.3,235,73.5,1727.4,446,430
4/9/2018,11000,30.88888889,24,36,0.268,144,5.8,1009.9,235,73.5,1727.4,446,430
4/10/2018,11000,30.27777778,28,35,0.268,144,7.6,1009.3,235,73.5,1727.4,446,430
4/11/2018,11000,30.22222222,27,35,0.268,144,9.6,1008.3,235,73.5,1727.4,446,430
4/12/2018,11000,30.11111111,27,36,0.268,144,8.3,1008.3,235,73.5,1727.4,446,430
4/13/2018,11000,30.11111111,27,35,0.268,151,8.5,1008.7,235,73.5,1727.4,446,433
4/16/2018,11000,30.61111111,27,36,0.268,138,8,1008.9,235,73.5,1727.4,446,433
4/17/2018,11000,30.38888889,27,36,0.268,138,6,1010,235,73.5,1727.4,446,433
4/18/2018,11000,29.72222222,26,34,0.268,138,5.6,1009.7,235,73.5,1727.4,446,433
4/19/2018,11000,30,27,34,0.268,138,8.3,1008.9,235,73.5,1727.4,446,433
4/20/2018,11000,30.27777778,27,35,0.268,138,9.1,1008.6,235,73.5,1727.4,453,440
4/23/2018,11000,29.72222222,27,35,0.268,120,6.2,1007.4,235,73.5,1727.4,453,440
4/26/2018,11000,30.88888889,28,36,0.268,120,7.8,1008.5,235,73.5,1727.4,453,440
5/16/2018,11000,30.77777778,27,35,0.268,132,7.1,1007,235,73.5,1727.4,450,460
5/17/2018,11000,30.11111111,27,35,0.268,246,3.9,1006.4,235,73.5,1727.4,450,460
5/18/2018,11000,29.27777778,25,36,0.268,246,3.9,1006.4,235,73.5,1727.4,449,462
5/21/2018,11000,28.61111111,25,34,0.268,246,3.9,1007.9,235,73.5,1727.4,449,462
5/22/2018,11000,27.11111111,26,32,0.268,246,3.7,1007.9,235,73.5,1727.4,449,462
5/23/2018,11000,28.88888889,25,34,0.268,246,5.1,1007.9,235,73.5,1727.4,449,462
5/24/2018,10500,27.27777778,25,35,0.268,246,4,1007.5,235,73.5,1727.4,449,462
5/28/2018,10500,29.22222222,25,35,0.268,246,3.6,1008.7,235,73.5,1727.4,450,455
5/29/2018,10500,27.77777778,26,34,0.268,246,3.9,1008.7,235,73.5,1727.4,450,455
5/30/2018,10500,30.38888889,25,34,0.268,246,6.2,1008.1,235,73.5,1727.4,450,455
6/4/2018,10500,28.11111111,26,32,0.268,246,5.8,1006,235,73.5,1727.4,449,455
6/5/2018,10500,28.38888889,26,33,0.268,246,8.2,1007.4,235,73.5,1727.4,449,455
6/7/2018,10500,28.72222222,26,34,0.268,246,9,1006.9,235,73.5,1727.4,449,455
6/8/2018,10500,27.72222222,26,31,0.268,246,9.9,1006.8,235,73.5,1727.4,446,450
6/11/2018,10500,27.88888889,26,32,0.268,248,8.3,1009.4,235,73.5,1727.4,446,450
6/12/2018,10500,28.22222222,26,33,0.268,253,6.8,1008.5,235,73.5,1727.4,446,450
6/13/2018,10500,27.27777778,25,32,0.268,253,6.6,1008.5,235,73.5,1727.4,446,450
6/14/2018,10500,28.27777778,25,33,0.268,253,7.4,1007,235,73.5,1727.4,446,450
6/15/2018,10500,28.38888889,24,33,0.268,253,9.6,1006.8,235,73.5,1727.4,437,450
6/18/2018,10500,27.11111111,25,31,0.268,217,9.4,1006.1,235,73.5,1727.4,437,450
6/19/2018,10500,27.88888889,26,32,0.268,221,8.9,1007.6,235,73.5,1727.4,437,450
6/20/2018,10500,28.72222222,25,33,0.268,223,7.8,1009,235,73.5,1727.4,437,450
6/21/2018,10500,29.72222222,27,33,0.268,253,8.3,1009,235,73.5,1727.4,437,450
6/22/2018,10500,29.77777778,26,34,0.268,248,7.2,1008,235,73.5,1727.4,414,450
6/25/2018,10500,28.88888889,27,34,0.268,250,7,1007.4,235,73.5,1727.4,414,450
6/26/2018,10500,26.61111111,25,31,0.268,250,4.8,1008.4,235,73.5,1727.4,414,450
6/27/2018,10500,28.11111111,24,32,0.268,250,4.2,1009,235,73.5,1727.4,414,450
6/28/2018,10500,28.61111111,25,33,0.268,250,3.1,1008.2,235,73.5,1727.4,414,450
6/29/2018,10500,29.72222222,26,35,0.268,250,6.3,1006.7,235,73.5,1727.4,410,445
7/2/2018,10500,28.11111111,27,34,0.268,234,10.1,1007,235,73.5,1727.4,410,445
7/3/2018,10500,28.61111111,25,33,0.268,249,9.9,1007,235,73.5,1727.4,410,445
7/4/2018,10500,28.22222222,25,33,0.268,246,12.9,1007.3,235,73.5,1727.4,410,445
7/5/2018,10500,27.61111111,25,31,0.268,240,12.4,1005.3,235,73.5,1727.4,410,445
7/6/2018,10500,26.27777778,25,32,0.268,268,9.3,1005.3,235,73.5,1727.4,402,425
7/9/2018,10500,28.11111111,24,33,0.268,257,7.8,1005.1,235,73.5,1727.4,402,425
7/10/2018,10500,27.38888889,25,32,0.268,257,6.8,1005.4,235,73.5,1727.4,402,425
7/11/2018,10500,28.22222222,25,32,0.268,257,12.5,1005.2,235,73.5,1727.4,402,425
7/12/2018,10500,27.61111111,24,31,0.268,256,14.1,1005.1,235,73.5,1727.4,402,425
7/13/2018,10500,28.22222222,25,31,0.268,254,13.1,1004.6,235,73.5,1727.4,398,405
7/16/2018,10500,27.77777778,25,32,0.268,237,11.1,1005.1,235,73.5,1727.4,398,405
7/24/2018,10500,29.38888889,27,33,0.268,244,12.7,1006.7,235,73.5,1727.4,397,385
7/25/2018,10500,27.22222222,25,30,0.268,242,8.9,1007.6,235,73.5,1727.4,397,385
7/26/2018,10500,29.38888889,26,34,0.268,256,10.4,1007.4,235,73.5,1727.4,397,385
7/27/2018,10500,29.38888889,27,33,0.268,245,11.3,1007,235,73.5,1727.4,396,390
8/1/2018,10500,29.38888889,26,33,0.268,263,9.4,1007.5,235,73.5,1727.4,396,390
8/2/2018,10500,28.38888889,25,33,0.268,264,11.6,1007.4,235,73.5,1727.4,396,390
8/3/2018,10500,28.77777778,25,33,0.268,256,11.3,1007,235,73.5,1727.4,399,392
8/6/2018,10500,26.72222222,24,32,0.268,258,7,1006.2,235,73.5,1727.4,399,392
8/7/2018,10500,27.38888889,25,32,0.268,269,8,1005,235,73.5,1727.4,399,392
8/8/2018,10500,26.38888889,25,32,0.268,270,7.3,1004.9,235,73.5,1727.4,399,392
8/9/2018,10500,26.22222222,24,31,0.268,250,9.8,1006.2,235,73.5,1727.4,399,392
8/10/2018,10500,26.38888889,24,31,0.268,236,10.9,1007.7,235,73.5,1727.4,404,395
8/13/2018,10500,27.72222222,24,31,0.268,254,8.4,1007.1,235,73.5,1727.4,404,395
8/14/2018,10500,26.22222222,25,30,0.268,243,7.9,1007.1,235,73.5,1727.4,404,395
8/15/2018,10500,27.88888889,25,31,0.268,245,9.3,1007.3,235,73.5,1727.4,404,395
8/16/2018,11000,28.72222222,26,32,0.268,253,11.4,1005.4,235,73.5,1727.4,404,395
8/17/2018,11000,29.11111111,26,32,0.268,242,13.5,1003.2,235,73.5,1727.4,402,400
8/20/2018,11000,28.27777778,24,32,0.268,255,8.7,1007.8,235,73.5,1727.4,402,400
8/21/2018,11000,28.5,25,32,0.268,250,9.9,1006.4,235,73.5,1727.4,402,400
8/22/2018,11000,29.22222222,26,33,0.268,235,11.7,1005.8,235,73.5,1727.4,402,400
8/23/2018,11000,28.27777778,25,34,0.268,221,9.8,1007.5,235,73.5,1727.4,402,400
8/24/2018,11000,28.72222222,26,32,0.268,235,7.6,1007.9,235,73.5,1727.4,410,395
8/27/2018,11000,28.38888889,26,32,0.268,244,10.4,1007.7,235,73.5,1727.4,410,395
8/28/2018,11000,28.38888889,25,33,0.268,258,8.8,1008.8,235,73.5,1727.4,410,395
8/29/2018,11000,28.61111111,26,34,0.268,252,9.7,1007.8,235,73.5,1727.4,410,395
8/30/2018,11000,29.38888889,26,33,0.268,244,11.4,1007.5,235,73.5,1727.4,410,395
8/31/2018,11000,29.61111111,27,33,0.268,249,8.5,1008.7,235,73.5,1727.4,410,395
9/4/2018,11000,27.27777778,24,32,0.268,239,5.8,1009.3,235,73.5,1727.4,410,395
9/5/2018,11000,28.38888889,24,33,0.268,264,9.6,1008.3,235,73.5,1727.4,410,395
9/6/2018,11000,28.77777778,24,33,0.268,274,6.5,1006.4,235,73.5,1727.4,410,395
9/7/2018,11000,27.22222222,24,32,0.268,269,5.2,1005.7,235,73.5,1727.4,403,395
9/10/2018,11000,28.77777778,25,33,0.268,251,5.3,1010.4,235,73.5,1727.4,403,395
9/11/2018,11000,28.61111111,25,32,0.268,254,5.4,1009.5,235,73.5,1727.4,403,395
9/12/2018,11000,26.22222222,24,31,0.268,256,6.9,1008.1,235,73.5,1727.4,403,395
9/13/2018,11000,27,23,32,0.268,240,6.1,1007,235,73.5,1727.4,403,395
9/14/2018,11000,27.11111111,25,31,0.268,252,7,1006.9,235,73.5,1727.4,403,397
9/17/2018,11000,26,25,29,0.268,235,10.2,1006.2,235,73.5,1727.4,403,397
9/18/2018,11000,26.22222222,25,32,0.268,246,7.9,1008.6,235,73.5,1727.4,403,397
9/19/2018,11000,27.88888889,25,34,0.268,314,4.8,1008.6,235,73.5,1727.4,403,397
9/20/2018,11000,27.11111111,25,32,0.268,355,3.7,1008.4,235,73.5,1727.4,403,397
9/21/2018,11000,28.22222222,25,33,0.268,109,4.2,1009.3,235,73.5,1727.4,406,400
9/24/2018,11000,25.88888889,24,31,0.268,21,3.5,1010.5,235,73.5,1727.4,406,400
9/25/2018,11000,28.38888889,24,33,0.268,289,5.5,1009.2,235,73.5,1727.4,406,400
9/26/2018,11000,28.88888889,24,34,0.268,267,5.1,1008.1,235,73.5,1727.4,406,400
10/5/2018,11000,27.11111111,25,32,0.268,69,4.5,1010.2,235,73.5,1727.4,409,410
10/10/2018,11000,29.61111111,25.5,34,0.268,110,5.4,1009.2,235,73.5,1727.4,409,410
10/11/2018,11000,28.38888889,24,33,0.268,48,5,1009.8,235,73.5,1727.4,409,410
10/15/2018,11000,28.72222222,25,33,0.268,113,5.1,1011.2,235,73.5,1727.4,409,410
10/16/2018,11000,29.27777778,27,33,0.268,150,6,1010.7,235,73.5,1727.4,409,410
10/17/2018,11000,27.61111111,26,33,0.268,210,4.3,1009.6,235,73.5,1727.4,409,410
10/18/2018,11000,27.61111111,24,34,0.268,296,3.7,1009,235,73.5,1727.4,409,410
10/19/2018,11000,26.38888889,24,29,0.268,51,3.7,1009.3,235,73.5,1727.4,413,410
10/22/2018,11000,27.72222222,24,34,0.268,353,4.2,1011,235,73.5,1727.4,413,410
10/25/2018,11000,28.77777778,24,33,0.268,106,6.5,1011.4,235,73.5,1727.4,413,410
10/26/2018,11000,29.22222222,25,34,0.268,104,5.7,1011.4,235,73.5,1727.4,409,415
10/29/2018,11000,28.77777778,25,34,0.268,18,4,1008.9,235,73.5,1727.4,409,415
10/30/2018,11000,27.61111111,23,32,0.268,11,4.1,1008.8,235,73.5,1727.4,409,415
10/31/2018,11000,27.88888889,22,33,0.268,14,5,1009.6,235,73.5,1727.4,409,415
11/1/2018,11000,28.61111111,23,33,0.268,144,5.2,1009,235,73.5,1727.4,409,415
11/2/2018,11000,28.38888889,25,32,0.268,49,3.6,1009.9,235,73.5,1727.4,403,415
11/6/2018,11000,30,25,35,0.268,44,3.5,1008.3,235,73.5,1727.4,403,415
11/7/2018,11000,26,25,29,0.268,74,7.8,1009,235,73.5,1727.4,403,415
11/8/2018,11000,28.77777778,25,33,0.268,84,7.6,1008.9,235,73.5,1727.4,403,415
11/9/2018,11000,28.88888889,25,34,0.268,84,7.3,1008.5,235,73.5,1727.4,402,415
11/10/2018,11000,29.88888889,25,35,0.268,88,6.2,1009.3,235,73.5,1727.4,402,415
11/12/2018,11000,27.88888889,26,34,0.268,71,5.6,1009,235,73.5,1727.4,402,415
11/13/2018,11000,28.22222222,26,33,0.268,99,4.6,1007.6,235,73.5,1727.4,402,415
11/14/2018,11000,28.5,25,33,0.268,96,4.6,1008.4,235,73.5,1727.4,402,415
11/15/2018,11000,29.38888889,25,34,0.268,102,5.2,1009.6,235,73.5,1727.4,402,415
11/16/2018,11000,28.22222222,25,33,0.268,108,5.8,1010.4,235,73.5,1727.4,402,412
11/19/2018,11000,28.11111111,24,31,0.268,89,8.5,1010.8,235,73.5,1727.4,402,412
11/20/2018,11000,28.77777778,25,33,0.268,113,7.4,1011.1,235,73.5,1727.4,402,412
11/21/2018,11000,29,25,34,0.268,79,4.7,1010.3,235,73.5,1727.4,402,412
11/22/2018,11000,28.77777778,24,33,0.268,297,4.5,1010.6,235,73.5,1727.4,402,412
11/23/2018,11000,28.77777778,25,33,0.268,347,7.6,1010.5,235,73.5,1727.4,401,410
11/26/2018,11000,25.22222222,23,26,0.268,148,9,1008.2,235,73.5,1727.4,401,410
11/27/2018,11000,27.88888889,24,32,0.268,134,6.6,1011.6,235,73.5,1727.4,401,410
12/24/2018,11000,27.27777778,25,33,0.268,1,4,1008.8,235,73.5,1727.4,401,410
12/25/2018,11000,27.88888889,25,33,0.268,255,3.7,1008.4,235,73.5,1727.4,401,410
12/26/2018,11000,27,25,31,0.268,261,5,1008.2,235,73.5,1727.4,401,410
12/28/2018,10500,25.72222222,24,28,0.268,334,3.5,1008.6,235,73.5,1727.4,401,410
1/3/2019,10500,27.77777778,23,31,0.268,51,7.6,1011.9,233.7,71,1659.3,401,410
1/4/2019,10500,29.27777778,25,34,0.268,92,12.1,1012.5,233.7,71,1659.3,403,375
1/7/2019,10500,28.77777778,24,35,0.268,91,6.7,1011.5,233.7,71,1659.3,403,375
1/8/2019,10500,27.61111111,23,32,0.268,84,4.8,1012,233.7,71,1659.3,403,375
1/9/2019,10500,28.5,23,34,0.268,99,5.3,1012,233.7,71,1659.3,403,375
1/16/2019,10500,28.72222222,26,33,0.268,75,4.5,1010.2,233.7,71,1659.3,410,372
1/17/2019,10500,27.77777778,24,34,0.268,68,4.3,1010.2,233.7,71,1659.3,410,372
1/18/2019,10500,27.88888889,23,34,0.268,66,5.7,1010.6,233.7,71,1659.3,409,363
1/25/2019,10500,26.88888889,21,33,0.268,1,4.6,1013.5,233.7,71,1659.3,410,345
2/12/2019,10500,29,26,36,0.268,88,9.1,1014.6,233.7,71,1659.3,410,343
2/13/2019,10500,28.72222222,24,34,0.268,101,7.3,1014.4,233.7,71,1659.3,410,343
2/14/2019,10500,29,23,35,0.268,108,8.8,1012.7,233.7,71,1659.3,410,343
2/15/2019,10500,28.88888889,25,35,0.268,109,10,1013.3,233.7,71,1659.3,410,340
2/18/2019,10500,28.5,25,34,0.268,144,9.3,1011.7,233.7,71,1659.3,410,340
2/19/2019,10000,28.61111111,25,33,0.268,133,8.4,1012.6,233.7,71,1659.3,410,340
2/20/2019,10000,29.11111111,25,34,0.268,132,8.3,1013.8,233.7,71,1659.3,410,340
2/22/2019,10000,28.27777778,26,32,0.268,141,8.8,1011.4,233.7,71,1659.3,412,340
2/25/2019,10000,28.88888889,26,35,0.268,128,10.3,1010.9,233.7,71,1659.3,412,340
2/26/2019,10000,28.88888889,26,35,0.268,121,9.1,1010.5,233.7,71,1659.3,412,340
2/28/2019,10500,28.77777778,26,34,0.268,132,9.9,1009.5,233.7,71,1659.3,412,340
3/1/2019,10500,28.61111111,25,34,0.268,126,8.9,1010.1,233.7,71,1659.3,402,343
3/4/2019,10500,27.61111111,25,32,0.268,150,7.1,1009.3,233.7,71,1659.3,402,343
3/5/2019,10500,28,24,34,0.268,151,7.5,1010,233.7,71,1659.3,402,343
3/6/2019,10500,28.61111111,24,35,0.268,151,6.2,1010.9,233.7,71,1659.3,402,343
3/7/2019,10500,28.77777778,25,33,0.268,172,7,1010.5,233.7,71,1659.3,402,343
3/8/2019,10500,29.11111111,26,34,0.268,147,7.8,1010.8,233.7,71,1659.3,400,345
3/11/2019,10500,29.88888889,26,36,0.268,190,6.8,1010.7,233.7,71,1659.3,400,345
3/12/2019,10500,29.27777778,27,34,0.268,168,7.3,1011.2,233.7,71,1659.3,400,345
3/13/2019,10500,30.61111111,27,35,0.268,149,7.5,1011.7,233.7,71,1659.3,400,345
3/14/2019,10500,29.11111111,27,34,0.268,142,8.2,1012.7,233.7,71,1659.3,400,345
3/15/2019,10500,30.27777778,26,36,0.268,133,8.6,1011.9,233.7,71,1659.3,405,355
3/18/2019,10500,30.72222222,26,37,0.268,129,8.4,1010.5,233.7,71,1659.3,405,355
3/19/2019,10500,29.88888889,27,35,0.268,143,10.2,1010.1,233.7,71,1659.3,405,355
4/1/2019,10500,29.38888889,27,35,0.268,128,8.8,1011.1,233.7,71,1659.3,411,355
4/2/2019,10500,30.38888889,26,36,0.268,125,9.2,1011.1,233.7,71,1659.3,411,355
4/3/2019,10500,29.88888889,28,34,0.268,137,8.1,1010.9,233.7,71,1659.3,411,355
4/5/2019,10500,29.38888889,25,33,0.268,125,6.3,1011,233.7,71,1659.3,417,357
4/8/2019,10500,30.11111111,28,34,0.268,143,7.7,1009.3,233.7,71,1659.3,417,357
4/9/2019,10500,30.61111111,27,35,0.268,145,7.5,1009.1,233.7,71,1659.3,417,357
4/10/2019,10500,31.11111111,28,35,0.268,147,6,1008.8,233.7,71,1659.3,417,357
4/11/2019,10500,30.61111111,28,35,0.268,165,6.8,1008,233.7,71,1659.3,417,357
4/12/2019,10500,31.11111111,27,35,0.268,173,6.8,1008,233.7,71,1659.3,416,355
4/16/2019,10500,31.38888889,28,36,0.268,158,6.7,1008.9,233.7,71,1659.3,416,355
4/17/2019,10500,30.77777778,26,36,0.268,178,6.6,1009.1,233.7,71,1659.3,416,355
4/18/2019,10500,30.88888889,29,35,0.268,166,7.4,1008.3,233.7,71,1659.3,416,355
4/19/2019,10500,31.61111111,28,37,0.268,177,6.4,1007.3,233.7,71,1659.3,416,360
4/22/2019,10500,31.38888889,28,36,0.268,141,7.5,1006.4,233.7,71,1659.3,416,360
4/24/2019,10500,31.61111111,29,37,0.268,138,8.7,1007.4,233.7,71,1659.3,416,360
4/25/2019,10500,31.27777778,29,36,0.268,143,8.4,1007.1,233.7,71,1659.3,416,360
4/26/2019,10500,31.11111111,28,35,0.268,143,8.2,1007,233.7,71,1659.3,408,370
5/2/2019,10500,29.22222222,25,35,0.268,176,6.3,1008.3,233.7,71,1659.3,408,370
5/3/2019,10500,29.88888889,25,35,0.268,185,5.3,1009.2,233.7,71,1659.3,408,370
5/4/2019,10500,31.22222222,27,36,0.268,183,6.1,1009.4,233.7,71,1659.3,408,370
5/9/2019,10500,28.61111111,26,34,0.268,214,6.2,1006.1,233.7,71,1659.3,408,370
5/10/2019,10500,27.72222222,24,33,0.268,241,5.3,1007.8,233.7,71,1659.3,409,370
5/13/2019,10500,29.88888889,26,35,0.268,191,6.1,1007.7,233.7,71,1659.3,409,370
5/14/2019,10500,29.72222222,27,34,0.268,165,5.3,1008.1,233.7,71,1659.3,409,370
5/15/2019,10500,30.38888889,27,36,0.268,218,5,1008.6,233.7,71,1659.3,409,370
5/17/2019,10500,31.11111111,26,35,0.268,246,6.6,1008.2,233.7,71,1659.3,413,370
5/20/2019,10500,29.61111111,26,35,0.268,220,7.1,1008.2,233.7,71,1659.3,413,370
5/21/2019,10500,29.22222222,27,35,0.268,218,6.3,1008.4,233.7,71,1659.3,413,370
5/22/2019,10500,28.11111111,25,35,0.268,216,4.8,1008.6,233.7,71,1659.3,413,370
5/31/2019,10500,30.5,26,35,0.268,143,5.5,1007,233.7,71,1659.3,407,370
6/3/2019,10500,27.88888889,26,34,0.268,225,4.2,1007.5,233.7,71,1659.3,407,370
6/4/2019,10500,28.61111111,25,35,0.268,104,3,1007.4,233.7,71,1659.3,407,370
6/5/2019,10500,28.72222222,26,34,0.268,139,4.2,1006.9,233.7,71,1659.3,407,370
6/6/2019,10500,28.5,26,34,0.268,134,5.2,1008.2,233.7,71,1659.3,407,370
6/7/2019,10500,28.27777778,24,32,0.268,192,4.9,1009.4,233.7,71,1659.3,415,375
6/10/2019,10500,29.22222222,26,33,0.268,257,10,1006.7,233.7,71,1659.3,415,375
6/12/2019,10500,29.61111111,27,33,0.268,257,8.3,1007.4,233.7,71,1659.3,415,375
6/14/2019,10500,28.88888889,27,33,0.268,249,7.8,1007.4,233.7,71,1659.3,417,375
6/17/2019,10500,27.77777778,27,31,0.268,243,8.3,1007.9,233.7,71,1659.3,417,375
6/18/2019,10500,29.5,25,34,0.268,264,8,1007.8,233.7,71,1659.3,417,375
6/19/2019,10500,30.38888889,26,35,0.268,290,7.3,1007,233.7,71,1659.3,417,375
6/20/2019,10500,30.38888889,27,35,0.268,271,5.7,1006.3,233.7,71,1659.3,417,375
6/21/2019,10500,28.72222222,26,35,0.268,271,5,1005.6,233.7,71,1659.3,420,375
6/22/2019,10500,29.38888889,25,34,0.268,122,5.5,1004.6,233.7,71,1659.3,420,375
6/24/2019,10500,27.88888889,24,33,0.268,197,7.1,1007.9,233.7,71,1659.3,420,375
6/25/2019,10500,29.11111111,26,34,0.268,233,5.8,1008.5,233.7,71,1659.3,420,375
6/26/2019,10500,29.11111111,26,34,0.268,246,8.6,1007.9,233.7,71,1659.3,420,375
6/27/2019,10500,29.61111111,26,33,0.268,253,10.5,1006.7,233.7,71,1659.3,420,375
7/2/2019,10500,28.27777778,26,33,0.268,241,10.7,1005.9,233.7,71,1659.3,426,375
7/3/2019,10500,25.61111111,24,28,0.268,245,10.8,1007.4,233.7,71,1659.3,426,375
7/4/2019,10500,26.77777778,23,31,0.268,234,6.6,1009,233.7,71,1659.3,426,375
7/5/2019,10500,28.72222222,25,33,0.268,260,6.5,1007.9,233.7,71,1659.3,419,375
7/8/2019,10500,29.27777778,26,34,0.268,224,7.6,1008.7,233.7,71,1659.3,419,375
7/10/2019,10500,30.11111111,26,34,0.268,248,8.6,1008.6,233.7,71,1659.3,419,375
7/11/2019,10500,30.72222222,27,35,0.268,261,9,1009.8,233.7,71,1659.3,419,375
7/12/2019,10500,30.38888889,27,34,0.268,248,8.4,1009.2,233.7,71,1659.3,412,375
7/15/2019,10500,29.27777778,27,35,0.268,258,8.3,1005.4,233.7,71,1659.3,412,375
7/16/2019,10500,27.77777778,24,33,0.268,250,7.3,1005.2,233.7,71,1659.3,412,375
7/17/2019,10500,26.61111111,24,31,0.268,247,5.6,1004.8,233.7,71,1659.3,412,375
7/18/2019,10500,28.61111111,25,32,0.268,245,8.9,1005,233.7,71,1659.3,412,375
7/19/2019,10500,28.22222222,26,32,0.268,244,9,1005.9,233.7,71,1659.3,412,380
7/22/2019,10500,28.38888889,26,34,0.268,283,6.1,1007.2,233.7,71,1659.3,412,380
7/23/2019,10500,28.72222222,25,34,0.268,279,6,1006.8,233.7,71,1659.3,412,380
7/24/2019,10500,28.22222222,24,34,0.268,282,6.5,1007.7,233.7,71,1659.3,412,380
7/25/2019,10500,26.61111111,24,32,0.268,271,6.8,1010.1,233.7,71,1659.3,412,380
7/26/2019,10500,28.11111111,25,34,0.268,310,7,1008.7,233.7,71,1659.3,415,385
7/29/2019,10500,26.88888889,23,33,0.268,249,7.6,1008.1,233.7,71,1659.3,415,385
7/30/2019,10500,28.72222222,25,33,0.268,253,8.6,1006.6,233.7,71,1659.3,415,385
7/31/2019,10500,28.27777778,24,34,0.268,252,10.8,1005.6,233.7,71,1659.3,415,385
8/1/2019,10500,28.11111111,26,33,0.268,250,11.7,1006.9,233.7,71,1659.3,415,385
8/2/2019,10500,26.38888889,25,30,0.268,246,11.8,1007.6,233.7,71,1659.3,420,385
8/5/2019,10500,27.11111111,25,31,0.268,246,10.9,1005.9,233.7,71,1659.3,420,385
8/6/2019,10500,25.77777778,24,30,0.268,257,9.9,1006.2,233.7,71,1659.3,420,385
8/7/2019,10500,26.38888889,24,29,0.268,256,8.1,1005.3,233.7,71,1659.3,420,385
8/8/2019,10500,26.61111111,24,30,0.268,250,10.2,1004.6,233.7,71,1659.3,430,375
8/9/2019,10500,26.38888889,24,29,0.268,244,10.8,1003.8,233.7,71,1659.3,430,375
8/12/2019,10500,29.22222222,26,34,0.268,232,8,1007.8,233.7,71,1659.3,430,375
8/13/2019,10500,29,26,32,0.268,255,8.5,1008.5,233.7,71,1659.3,430,375
8/14/2019,10500,29.72222222,26,34,0.268,260,8.6,1008,233.7,71,1659.3,430,375
8/15/2019,10500,29.61111111,27,34,0.268,243,12,1007.9,233.7,71,1659.3,430,375
8/16/2019,10500,28.72222222,26,33,0.268,218,11.1,1008.1,233.7,71,1659.3,429,375
8/19/2019,10500,29.77777778,26,35,0.268,251,9.1,1007.7,233.7,71,1659.3,429,375
8/20/2019,10500,28.77777778,26,33,0.268,231,9.5,1006.7,233.7,71,1659.3,429,375
8/21/2019,10500,27.72222222,25,34.22222222,0.268,225,6.4,1007.6,233.7,71,1659.3,429,375
8/22/2019,10500,27.72222222,26,31,0.268,237,7.6,1008.8,233.7,71,1659.3,429,375
8/23/2019,10500,28.5,25,33,0.268,251,8.5,1008.8,233.7,71,1659.3,429,375
9/11/2019,10500,29.77777778,26,34,0.268,269,7.3,1011.2,233.7,71,1659.3,432,325
9/12/2019,10500,29.72222222,26,34,0.268,300,7.1,1009.7,233.7,71,1659.3,432,325
9/13/2019,10500,26.38888889,25,30,0.268,318,7,1007.8,233.7,71,1659.3,425,325
9/16/2019,10500,26.88888889,24,31,0.268,231,6.2,1006.5,233.7,71,1659.3,425,325
9/17/2019,10500,27.5,26,30,0.268,242,9.4,1007.1,233.7,71,1659.3,425,325
9/18/2019,10500,26,25,29,0.268,236,9.2,1008.5,233.7,71,1659.3,425,325
9/19/2019,10500,27.11111111,25,31,0.268,243,7.5,1009.9,233.7,71,1659.3,425,325
9/20/2019,10500,27.27777778,25,31,0.268,243,4.5,1009.3,233.7,71,1659.3,426,325
9/23/2019,10500,27.38888889,24,33,0.268,75,4,1011.6,233.7,71,1659.3,426,325
9/24/2019,10500,29.61111111,24,33,0.268,75,3.9,1010.9,233.7,71,1659.3,426,325
9/25/2019,10500,29.72222222,26,35,0.268,55,4.5,1011.1,233.7,71,1659.3,426,325
9/26/2019,10500,27.22222222,23,34,0.268,55,2.9,1011.8,233.7,71,1659.3,426,325
9/27/2019,10500,27.88888889,24,34,0.268,21,4.5,1011.4,233.7,71,1659.3,425,325
10/1/2019,11000,27.72222222,24,32,0.268,198,3.9,1010.4,233.7,71,1659.3,425,325
10/2/2019,11000,27.38888889,25,32,0.268,254,3.5,1010.5,233.7,71,1659.3,425,325
10/3/2019,11000,27.77777778,24,33,0.268,254,4,1010.2,233.7,71,1659.3,425,325
10/7/2019,11000,29,23,32,0.268,88,4.1,1009.6,233.7,71,1659.3,425,325
10/8/2019,11000,29.27777778,25,33,0.268,108,5.5,1009.8,233.7,71,1659.3,425,325
10/10/2019,11000,28.27777778,24,33,0.268,79,3.9,1010,233.7,71,1659.3,425,325
10/11/2019,11000,29.22222222,25,33,0.268,79,4.5,1009.3,233.7,71,1659.3,425,350
10/14/2019,11000,28.72222222,24,34,0.268,79,4.8,1010.2,233.7,71,1659.3,425,350
10/15/2019,11000,29.22222222,25,34,0.268,87,6.1,1009.7,233.7,71,1659.3,425,350
10/16/2019,11000,28.61111111,25,35,0.268,45,4.5,1009.6,233.7,71,1659.3,425,350
10/17/2019,11000,28.77777778,25,34,0.268,62,4.7,1009.3,233.7,71,1659.3,425,350
10/21/2019,11000,28.61111111,25,32,0.268,138,3.2,1008.5,233.7,71,1659.3,422,355
10/22/2019,11000,29.38888889,26,33,0.268,138,4,1007.6,233.7,71,1659.3,422,355
10/23/2019,11000,29.11111111,27,33,0.268,140,5.5,1008,233.7,71,1659.3,422,355
10/24/2019,11000,29.38888889,27,34,0.268,108,5.6,1008.8,233.7,71,1659.3,422,355
10/25/2019,11000,29.11111111,26,33,0.268,113,5,1009.4,233.7,71,1659.3,423,350
10/28/2019,11000,28.22222222,24,34,0.268,93,4.3,1008.7,233.7,71,1659.3,423,350
10/29/2019,11000,29.27777778,24,34,0.268,22,6.5,1008.5,233.7,71,1659.3,423,350
10/30/2019,11000,29.61111111,26,34,0.268,340,5.8,1006.8,233.7,71,1659.3,423,350
10/31/2019,11000,26.88888889,25,30,0.268,118,6.8,1006.8,233.7,71,1659.3,423,350
11/5/2019,11000,28.22222222,23,34,0.268,21,5.7,1008.1,233.7,71,1659.3,424,355
11/6/2019,11000,27.11111111,25,30,0.268,150,3.9,1007.8,233.7,71,1659.3,424,355
11/7/2019,11000,27.88888889,25,32,0.268,61,3,1009,233.7,71,1659.3,424,355
11/8/2019,11000,27.77777778,25,33,0.268,345,3.1,1010.4,233.7,71,1659.3,420,350
11/16/2019,11000,28.11111111,25,31,0.268,52,3.9,1010.1,233.7,71,1659.3,419,350
11/19/2019,11000,27.88888889,24,33,0.268,51,3.6,1009.9,233.7,71,1659.3,419,350
11/20/2019,11000,27.77777778,23,32,0.268,303,3.3,1010,233.7,71,1659.3,419,350
11/22/2019,11000,27.61111111,23,32,0.268,346,3,1010.6,233.7,71,1659.3,421,345
11/23/2019,11000,27.22222222,23,33,0.268,308,3.5,1010.6,233.7,71,1659.3,421,345
11/25/2019,11000,28.27777778,25,33,0.268,15,3.5,1010.3,233.7,71,1659.3,421,345
12/13/2019,11000,26.88888889,22,33,0.268,357,3.8,1012.1,233.7,71,1659.3,423,350
12/16/2019,11000,28.77777778,24,33,0.268,89,6.5,1010,233.7,71,1659.3,423,350
12/17/2019,11000,28.61111111,23,33,0.268,91,4.8,1010.5,233.7,71,1659.3,423,350
12/18/2019,11000,28.5,25,34,0.268,98,5,1011,233.7,71,1659.3,423,350
12/19/2019,11000,27.88888889,24,32,0.268,102,5,1010.9,233.7,71,1659.3,423,350
12/20/2019,11000,27.11111111,24,32,0.268,143,5.3,1010.1,233.7,71,1659.3,427,353
12/23/2019,11000,27.77777778,23,33,0.268,89,5.3,1011,233.7,71,1659.3,427,353
12/25/2019,11000,27.61111111,22,32,0.268,141,4.5,1010.5,233.7,71,1659.3,427,353
12/26/2019,11000,27.11111111,24,31,0.268,162,4.7,1011,233.7,71,1659.3,427,353
12/30/2019,11000,28.5,24,33,0.268,34,5,1012.1,233.7,71,1659.3,445,360
1/9/2020,11000,28.72222222,24,35,0.268,104,5.3,1009.2,229.4,71.7,1645.1,445,360
1/10/2020,11000,28.88888889,24,34,0.268,72,5.5,1008.9,229.4,71.7,1645.1,443,347
1/15/2020,11000,27.88888889,22,34,0.268,90,5.8,1010.9,229.4,71.7,1645.1,443,347
1/20/2020,11000,28.88888889,23,34,0.268,114,5.3,1012.4,229.4,71.7,1645.1,450,345
1/31/2020,11000,27.11111111,23,31,0.268,110,5,1011.8,229.4,71.7,1645.1,451,355
2/3/2020,11000,27.27777778,21,33,0.268,100,5.8,1012.8,229.4,71.7,1645.1,451,355
2/4/2020,11000,27.72222222,22,35,0.268,102,7.3,1011.6,229.4,71.7,1645.1,451,355
2/5/2020,11000,27.38888889,22,34,0.268,98,6.3,1011.3,229.4,71.7,1645.1,451,355
2/6/2020,11000,27.27777778,22,32,0.268,111,5.9,1012.3,229.4,71.7,1645.1,451,355
2/7/2020,11000,27.61111111,23,35,0.268,105,6.8,1012.5,229.4,71.7,1645.1,451,355
2/10/2020,11000,28.22222222,23,33,0.268,103,4.8,1012.5,229.4,71.7,1645.1,451,355
2/11/2020,11000,29.72222222,23,35,0.268,103,8.1,1012.8,229.4,71.7,1645.1,451,355
2/12/2020,11000,29.38888889,26,35,0.268,122,10.2,1012.5,229.4,71.7,1645.1,451,355
2/13/2020,11000,28.77777778,26,35,0.268,138,9.1,1011.5,229.4,71.7,1645.1,451,355
2/14/2020,11000,27.77777778,25,32,0.268,154,7.6,1010.3,229.4,71.7,1645.1,447,365
2/17/2020,11000,28.27777778,24,36,0.268,100,7.5,1012.8,229.4,71.7,1645.1,447,365
2/18/2020,11000,28.11111111,25,33,0.268,86,4.3,1012.9,229.4,71.7,1645.1,447,365
2/19/2020,11000,27.77777778,22,35,0.268,77,5,1013.1,229.4,71.7,1645.1,447,365
2/20/2020,11000,28.61111111,23,34,0.268,5,4.2,1013,229.4,71.7,1645.1,447,365
2/21/2020,11000,28.72222222,23,35,0.268,42,6.5,1014.1,229.4,71.7,1645.1,453,373
2/24/2020,11000,28.27777778,22,35,0.268,74,4.7,1012.1,229.4,71.7,1645.1,453,373
2/25/2020,11000,28.88888889,23,34,0.268,104,5.4,1010.8,229.4,71.7,1645.1,453,373
2/26/2020,11000,29.11111111,24,36,0.268,104,7.8,1011,229.4,71.7,1645.1,453,373
2/27/2020,11000,28.88888889,24,35,0.268,116,7.9,1010.2,229.4,71.7,1645.1,453,373
2/28/2020,11000,28.72222222,23,35,0.268,102,6.2,1009.8,229.4,71.7,1645.1,455,395
3/2/2020,11000,29.72222222,26,36,0.268,132,9.1,1009.7,229.4,71.7,1645.1,455,395
3/3/2020,11000,29.22222222,26,35,0.268,114,7.5,1009.8,229.4,71.7,1645.1,455,395
3/4/2020,11000,28.88888889,26,34,0.268,133,8,1010,229.4,71.7,1645.1,455,395
3/5/2020,11000,29.11111111,26,34,0.268,137,9.2,1010.6,229.4,71.7,1645.1,455,395
3/9/2020,11000,29.61111111,27,35,0.268,187,6.8,1007.9,229.4,71.7,1645.1,471,390
3/10/2020,11000,29.88888889,27,35,0.268,167,6.7,1008.2,229.4,71.7,1645.1,471,390
3/11/2020,11000,29,27,33,0.268,147,8.3,1010.6,229.4,71.7,1645.1,471,390
3/12/2020,11000,30.22222222,26,36,0.268,137,9.1,1011.2,229.4,71.7,1645.1,471,390
3/13/2020,11000,29.22222222,26,34,0.268,152,8.1,1011.5,229.4,71.7,1645.1,491,410
3/16/2020,11000,30.27777778,26,37,0.268,113,8,1011.1,229.4,71.7,1645.1,491,410
3/17/2020,11000,29.88888889,26,36,0.268,128,8.8,1011.5,229.4,71.7,1645.1,491,410
3/18/2020,11000,29.61111111,26,35,0.268,144,8.6,1010.4,229.4,71.7,1645.1,491,410
3/19/2020,11500,29.61111111,27,35,0.268,146,8.6,1010.3,229.4,71.7,1645.1,491,410
3/20/2020,11500,29.27777778,26,34,0.268,144,9.6,1011.3,229.4,71.7,1645.1,510,415
3/23/2020,11500,29.22222222,27,34,0.268,143,8.3,1010,229.4,71.7,1645.1,510,415
3/24/2020,11500,29.38888889,26,34,0.268,139,8.9,1009.4,229.4,71.7,1645.1,510,415
3/25/2020,11500,29.72222222,27,35,0.268,137,10,1008.3,229.4,71.7,1645.1,510,415
3/26/2020,11500,29.72222222,27,34,0.268,140,9.4,1009.4,229.4,71.7,1645.1,510,415
3/27/2020,11500,29.38888889,26,35,0.268,144,7.7,1009.8,229.4,71.7,1645.1,502,430
3/30/2020,11500,30.22222222,27,35,0.268,146,7.8,1008.8,229.4,71.7,1645.1,502,430
3/31/2020,11500,30.61111111,27,35,0.268,149,6.5,1009.1,229.4,71.7,1645.1,502,430
4/1/2020,11500,30.38888889,27,35,0.268,145,8.5,1008.9,229.4,71.7,1645.1,502,430
4/2/2020,11500,30.61111111,27,36,0.268,136,9.1,1009.6,229.4,71.7,1645.1,502,430
4/3/2020,11500,31.11111111,28,37,0.268,132,10.1,1010,229.4,71.7,1645.1,564,430
4/6/2020,11500,30.72222222,27,35,0.268,139,9.3,1009.8,229.4,71.7,1645.1,564,430
4/7/2020,11500,30,28,34,0.268,149,8,1009.7,229.4,71.7,1645.1,564,430
4/8/2020,11500,29.77777778,27,34,0.268,144,7,1010.2,229.4,71.7,1645.1,564,430
4/9/2020,11500,29.61111111,26,35,0.268,109,8,1010.6,229.4,71.7,1645.1,564,430
4/10/2020,11500,29.22222222,26,35,0.268,129,7.6,1011.4,229.4,71.7,1645.1,579,430
4/13/2020,11500,27.5,26,31,0.268,71,4.5,1010.3,229.4,71.7,1645.1,579,430
4/14/2020,11500,28.61111111,26,34,0.268,46,3.9,1010.7,229.4,71.7,1645.1,579,430
4/15/2020,11500,29.27777778,25,35,0.268,4,4.1,1010.6,229.4,71.7,1645.1,579,430
4/16/2020,11500,30.22222222,26,35,0.268,132,8.7,1009.7,229.4,71.7,1645.1,579,430
4/17/2020,11500,29.88888889,27,35,0.268,137,9.2,1010.2,229.4,71.7,1645.1,569,470
4/20/2020,11500,30.61111111,28,36,0.268,145,8.1,1009.8,229.4,71.7,1645.1,569,470
4/21/2020,11500,30.88888889,27,37,0.268,139,8.3,1008.8,229.4,71.7,1645.1,569,470
4/22/2020,11500,31.11111111,27,35,0.268,145,7.5,1008.9,229.4,71.7,1645.1,569,470
4/23/2020,11500,32,29,37,0.268,139,9.1,1008.6,229.4,71.7,1645.1,569,470
4/24/2020,11500,29.72222222,28,37,0.268,78,5.8,1009,229.4,71.7,1645.1,553,470
4/27/2020,11500,29.27777778,25,35,0.268,62,4.2,1010.2,229.4,71.7,1645.1,553,470
4/28/2020,11500,29.77777778,26,36,0.268,62,5,1009.7,229.4,71.7,1645.1,553,470
4/29/2020,11500,31,26,36,0.268,117,6.2,1009.1,229.4,71.7,1645.1,553,470
5/4/2020,11500,31.11111111,28,35,0.268,143,6.5,1008.5,229.4,71.7,1645.1,556,460
5/5/2020,11500,31.38888889,29,36,0.268,161,6.5,1007.6,229.4,71.7,1645.1,556,460
5/6/2020,11500,31.72222222,29,36,0.268,160,6.9,1007.4,229.4,71.7,1645.1,556,460
5/7/2020,11500,31.61111111,28,35,0.268,148,8,1006.8,229.4,71.7,1645.1,556,460
5/8/2020,11500,31.61111111,29,36,0.268,159,6.3,1007.1,229.4,71.7,1645.1,539,470
5/11/2020,11500,31.77777778,30,36,0.268,159,7,1008.3,229.4,71.7,1645.1,539,470
5/12/2020,11500,31.88888889,29,37,0.268,138,5.9,1008,229.4,71.7,1645.1,539,470
5/13/2020,11500,32,29,37,0.268,143,8,1007.8,229.4,71.7,1645.1,539,470
5/14/2020,11500,31.88888889,29,37,0.268,125,8,1007.6,229.4,71.7,1645.1,539,470
5/15/2020,11500,31.38888889,29,36,0.268,146,7.3,1005.5,229.4,71.7,1645.1,498,470
5/18/2020,11500,31.88888889,28,37,0.268,216,6.8,1005.2,229.4,71.7,1645.1,498,470
5/19/2020,11500,30.27777778,25,38,0.268,206,7.1,1005.6,229.4,71.7,1645.1,498,470
5/20/2020,11500,28.77777778,27,33,0.268,185,4.7,1006.7,229.4,71.7,1645.1,498,470
5/21/2020,11500,31.72222222,26,36,0.268,236,5.4,1006.8,229.4,71.7,1645.1,498,470
5/22/2020,11500,30.88888889,28,36,0.268,199,6.5,1006.3,229.4,71.7,1645.1,501,470
5/25/2020,11500,28.38888889,26,35,0.268,184,2.9,1010.3,229.4,71.7,1645.1,501,470
5/26/2020,11500,31.61111111,26,36,0.268,227,5.1,1009.8,229.4,71.7,1645.1,501,470
5/27/2020,11500,29.88888889,23,35,0.268,246,4.2,1009.3,229.4,71.7,1645.1,501,470
5/28/2020,11500,29.11111111,27,34,0.268,207,3.6,1009.2,229.4,71.7,1645.1,501,470
5/29/2020,11500,29.11111111,26,34,0.268,190,4.2,1009.6,229.4,71.7,1645.1,501,475
6/1/2020,11500,29.11111111,24,36,0.268,300,4.8,1010,229.4,71.7,1645.1,501,475
6/2/2020,11500,27.88888889,24,33,0.268,206,4.3,1009.6,229.4,71.7,1645.1,501,475
6/3/2020,11500,28.72222222,25,35,0.268,186,3.9,1008.1,229.4,71.7,1645.1,501,475
6/4/2020,11500,27.38888889,25,33,0.268,270,3.4,1008.4,229.4,71.7,1645.1,501,475
6/5/2020,11500,28.72222222,25,33,0.268,230,4.7,1008.5,229.4,71.7,1645.1,505,470
6/8/2020,11500,31.11111111,26,35,0.268,255,6.7,1006.7,229.4,71.7,1645.1,505,470
6/9/2020,11500,29.72222222,24,34,0.268,223,6,1007.1,229.4,71.7,1645.1,505,470
6/10/2020,11500,26.72222222,25,32,0.268,232,5.7,1007.9,229.4,71.7,1645.1,505,470
6/11/2020,11500,28.88888889,25,32,0.268,290,4.3,1006.7,229.4,71.7,1645.1,505,470
6/12/2020,11500,30,25,34,0.268,256,6.7,1004.7,229.4,71.7,1645.1,529,475
6/15/2020,11500,27.61111111,25,33,0.268,193,4.8,1009,229.4,71.7,1645.1,529,475
6/16/2020,11500,28,24,33,0.268,195,3.7,1008.8,229.4,71.7,1645.1,529,475
6/17/2020,11500,27.88888889,25,34,0.268,354,3.3,1008.3,229.4,71.7,1645.1,529,475
6/18/2020,11500,30.27777778,26,35,0.268,316,5.3,1007.8,229.4,71.7,1645.1,529,475
6/19/2020,11500,29.72222222,27,34,0.268,247,4.2,1007.6,229.4,71.7,1645.1,528,465
6/22/2020,11500,29.27777778,25,34,0.268,185,3.7,1006.5,229.4,71.7,1645.1,528,465
6/23/2020,11500,30.38888889,26,35,0.268,228,3,1007.1,229.4,71.7,1645.1,528,465
6/24/2020,11500,28.61111111,25,35,0.268,239,4.5,1007.3,229.4,71.7,1645.1,528,465
6/25/2020,11500,26.88888889,25,32,0.268,254,4.5,1007.3,229.4,71.7,1645.1,528,465
6/26/2020,11500,28.11111111,25,34,0.268,249,4,1007.4,229.4,71.7,1645.1,518,460
6/29/2020,11500,26.11111111,24,30,0.268,241,4.5,1007.9,229.4,71.7,1645.1,518,460
6/30/2020,11500,26.88888889,25,31,0.268,254,4.3,1007.6,229.4,71.7,1645.1,518,460
7/1/2020,11500,28.27777778,25,32,0.268,281,5.8,1006.5,229.4,71.7,1645.1,518,460
7/2/2020,11500,27.72222222,24,32,0.268,244,8.7,1006,229.4,71.7,1645.1,518,460
7/3/2020,11500,27.38888889,25,29,0.268,229,6.3,1007.9,229.4,71.7,1645.1,510,450
7/6/2020,11500,28.11111111,26,30,0.268,170,4.4,1006.3,229.4,71.7,1645.1,510,450
7/7/2020,11500,29.61111111,27,33,0.268,164,6.4,1008.3,229.4,71.7,1645.1,510,450
7/8/2020,11500,26.61111111,24,31,0.268,182,3,1008.5,229.4,71.7,1645.1,510,450
7/9/2020,11500,29.77777778,24,34,0.268,263,3.6,1006.3,229.4,71.7,1645.1,510,450
7/10/2020,11500,28.77777778,27,34,0.268,225,5.1,1007.2,229.4,71.7,1645.1,478,455
7/13/2020,11500,27.5,25,32,0.268,236,5.2,1007,229.4,71.7,1645.1,478,455
7/14/2020,11500,29.27777778,24,36,0.268,319,4.7,1006.6,229.4,71.7,1645.1,478,455
7/15/2020,11500,29.61111111,24,32,0.268,259,4.6,1006.4,229.4,71.7,1645.1,478,455
7/17/2020,11500,29.88888889,26,34,0.268,174,5.3,1007.1,229.4,71.7,1645.1,459,465
7/20/2020,11500,27.77777778,24,33,0.268,237,3.4,1007.1,229.4,71.7,1645.1,459,465
7/21/2020,11500,28,25,32,0.268,137,3.5,1007.8,229.4,71.7,1645.1,459,465
7/22/2020,11500,30.22222222,26,34,0.268,188,3.4,1007.4,229.4,71.7,1645.1,459,465
7/23/2020,11500,27.27777778,23,34.72222222,0.268,188,4.5,1007.8,229.4,71.7,1645.1,459,465
7/24/2020,11500,26.77777778,24,33,0.268,238,3.8,1008,229.4,71.7,1645.1,474,465
7/27/2020,11500,29.77777778,26,35,0.268,212,4,1006.5,229.4,71.7,1645.1,474,465
7/28/2020,11500,28.11111111,24,33,0.268,250,4.5,1007,229.4,71.7,1645.1,474,465
8/10/2020,11500,27.38888889,24,31,0.268,246,7.8,1007.8,229.4,71.7,1645.1,483,467.5
8/11/2020,11500,30.22222222,27,33,0.268,251,10.2,1007.4,229.4,71.7,1645.1,483,467.5
8/12/2020,11500,27.61111111,26,31,0.268,220,6.6,1008.4,229.4,71.7,1645.1,483,467.5
8/13/2020,11500,26.88888889,25,31,0.268,205,5,1008.8,229.4,71.7,1645.1,483,467.5
8/14/2020,11500,27.38888889,25,32,0.268,201,3.5,1008.4,229.4,71.7,1645.1,498,495
8/17/2020,11500,29.22222222,25,33,0.268,281,5.6,1006.7,229.4,71.7,1645.1,498,495
8/18/2020,11500,29.22222222,26,34,0.268,278,5.3,1006.1,229.4,71.7,1645.1,498,495
8/19/2020,11500,27.27777778,25,32,0.268,259,7.1,1006.6,229.4,71.7,1645.1,498,495
8/21/2020,11500,29.77777778,26,34,0.268,249,5.8,1007.7,229.4,71.7,1645.1,512,490
8/24/2020,11500,28.88888889,26,34,0.268,239,4.5,1008.8,229.4,71.7,1645.1,512,490
8/25/2020,11500,30.5,26,35,0.268,255,5.2,1007.8,229.4,71.7,1645.1,512,490
8/26/2020,11500,30.61111111,27,35,0.268,250,8.6,1007,229.4,71.7,1645.1,512,490
8/27/2020,11500,30.27777778,27,34,0.268,252,9.9,1005.8,229.4,71.7,1645.1,512,490
8/31/2020,11500,28.72222222,26,35,0.268,267,4.7,1006.3,229.4,71.7,1645.1,525,487
9/1/2020,11500,27.22222222,25,32,0.268,320,3.8,1006.9,229.4,71.7,1645.1,525,487
9/3/2020,11500,29.61111111,25,33,0.268,290,3.6,1007.4,229.4,71.7,1645.1,525,487
9/4/2020,11500,29.22222222,25,34,0.268,197,5.8,1007.5,229.4,71.7,1645.1,525,487
9/7/2020,11500,29.11111111,24,34,0.268,270,5.7,1007.3,229.4,71.7,1645.1,525,487
9/8/2020,11500,29.72222222,26,33,0.268,244,4.7,1008.3,229.4,71.7,1645.1,525,487
9/10/2020,11500,28.22222222,24,34,0.268,299,4.1,1006.5,229.4,71.7,1645.1,525,487
9/11/2020,11500,28.11111111,25,34,0.268,316,3.1,1007.3,229.4,71.7,1645.1,515,475
9/14/2020,11500,26.22222222,24,30,0.268,311,3.7,1008.5,229.4,71.7,1645.1,515,475
9/15/2020,11500,27.72222222,24,31,0.268,294,4.7,1008.2,229.4,71.7,1645.1,515,475
9/23/2020,11500,27.27777778,23,32,0.268,176,4,1008.6,229.4,71.7,1645.1,513,467
9/24/2020,11500,27.88888889,25,33,0.268,325,3.2,1009.6,229.4,71.7,1645.1,513,467
9/25/2020,11500,27.72222222,24,33,0.268,325,6,1008.3,229.4,71.7,1645.1,492,465
9/28/2020,11500,27.27777778,25,31,0.268,219,6.5,1007,229.4,71.7,1645.1,492,465
9/29/2020,11500,27.11111111,25,30,0.268,260,5.7,1008.1,229.4,71.7,1645.1,492,465
10/6/2020,11500,27.77777778,25,30,0.268,307,4.2,1006.6,229.4,71.7,1645.1,495,465
10/7/2020,11500,25.77777778,25,28,0.268,184,4.7,1004.8,229.4,71.7,1645.1,495,465
10/8/2020,11500,27.61111111,25,32,0.268,184,4.3,1005,229.4,71.7,1645.1,495,465
10/9/2020,11500,26.11111111,25,30,0.268,184,3.4,1006.2,229.4,71.7,1645.1,493,465
10/12/2020,11500,27.11111111,25,31,0.268,278,6.2,1003.5,229.4,71.7,1645.1,493,465
10/13/2020,11500,26.77777778,25,30,0.268,260,6.3,1004.2,229.4,71.7,1645.1,493,465
10/14/2020,11500,25.77777778,25,27,0.268,217,5.2,1005.2,229.4,71.7,1645.1,493,465
10/15/2020,11500,26.61111111,25,31,0.268,261,6.1,1005.3,229.4,71.7,1645.1,493,465
10/19/2020,11500,28.11111111,25,31,0.268,262,4.3,1007.7,229.4,71.7,1645.1,464,475
10/20/2020,11500,28.5,25,32,0.268,316,5,1007.5,229.4,71.7,1645.1,464,475
10/21/2020,11500,27.77777778,26,31,0.268,322,5.1,1006.9,229.4,71.7,1645.1,464,475
10/22/2020,11500,29.11111111,25,33,0.268,322,3.7,1006.8,229.4,71.7,1645.1,464,475
10/23/2020,11500,28.22222222,26,32,0.268,287,5,1008,229.4,71.7,1645.1,463,495
10/26/2020,11500,28.22222222,25,32,0.268,293,5.2,1008.2,229.4,71.7,1645.1,463,495
10/27/2020,11500,27.5,25,31,0.268,315,7.6,1006.3,229.4,71.7,1645.1,463,495
10/28/2020,11500,27.11111111,26,29,0.268,279,8.1,1005.3,229.4,71.7,1645.1,463,495
10/29/2020,11500,27.11111111,25,33,0.268,219,6.8,1008.2,229.4,71.7,1645.1,463,495
11/2/2020,11500,27.88888889,25,32,0.268,310,4.2,1009.6,229.4,71.7,1645.1,465,485
11/3/2020,11500,28.77777778,25,33,0.268,36,3.9,1010.1,229.4,71.7,1645.1,465,485
11/4/2020,11500,27.61111111,26,32,0.268,262,5.2,1010,229.4,71.7,1645.1,465,485
11/5/2020,11500,29.27777778,25,34,0.268,302,3.9,1009.5,229.4,71.7,1645.1,465,485
11/6/2020,11500,27.27777778,26,30,0.268,316,4.4,1009.9,229.4,71.7,1645.1,472,500
11/9/2020,11500,27.38888889,23,31,0.268,359,5.5,1008.3,229.4,71.7,1645.1,472,500
11/10/2020,11500,25.61111111,25,29,0.268,323,10.1,1007.3,229.4,71.7,1645.1,472,500
11/11/2020,11500,25.88888889,22,30,0.268,12,4.6,1009.5,229.4,71.7,1645.1,472,500
11/12/2020,11500,27.27777778,23,33,0.268,12,3.9,1010.3,229.4,71.7,1645.1,472,500
11/13/2020,11500,27.27777778,24,31,0.268,317,3.8,1008.6,229.4,71.7,1645.1,485,505
11/16/2020,11500,28.27777778,24,35,0.268,14,3.6,1009.7,229.4,71.7,1645.1,485,505
11/17/2020,11500,29.38888889,25,34,0.268,76,3.6,1008.3,229.4,71.7,1645.1,485,505
11/18/2020,11500,28.72222222,25,33,0.268,35,3.6,1007.9,229.4,71.7,1645.1,485,505
11/19/2020,11500,28.5,26,33,0.268,110,4.7,1007.9,229.4,71.7,1645.1,485,505
11/20/2020,11500,28.61111111,26,33,0.268,92,5.5,1008.4,229.4,71.7,1645.1,496,515
11/23/2020,11500,27.61111111,25,33,0.268,343,3.5,1009.6,229.4,71.7,1645.1,496,515
11/24/2020,11500,28.22222222,24,33,0.268,39,3.5,1009.5,229.4,71.7,1645.1,496,515
11/25/2020,11500,28.5,25,33,0.268,37,3.6,1009.1,229.4,71.7,1645.1,496,515
11/26/2020,11500,28.38888889,26,32,0.268,56,3.7,1010.1,229.4,71.7,1645.1,496,515
11/27/2020,11500,28.11111111,25,33,0.268,28,4.2,1010.1,229.4,71.7,1645.1,496,515
11/30/2020,11500,27.27777778,24,31,0.268,33,4.1,1009.2,229.4,71.7,1645.1,496,515
12/1/2020,11500,27.72222222,25,31,0.268,54,5.2,1010,229.4,71.7,1645.1,496,515
12/2/2020,11500,27.88888889,24,33,0.268,57,4.2,1009.6,229.4,71.7,1645.1,496,515
12/3/2020,11500,27.38888889,22,33,0.268,23,4.7,1009.5,229.4,71.7,1645.1,496,515
12/4/2020,11500,26.77777778,22,32,0.268,25,6,1009.5,229.4,71.7,1645.1,512,490
12/7/2020,11500,27.22222222,24,31,0.268,14,5,1010.5,229.4,71.7,1645.1,512,490
12/8/2020,11500,27.77777778,23,32,0.268,33,5.9,1010.3,229.4,71.7,1645.1,512,490
12/9/2020,11500,27.61111111,25,31,0.268,5,6,1009,229.4,71.7,1645.1,512,490
12/10/2020,11500,26.77777778,25,31,0.268,349,4,1008.8,229.4,71.7,1645.1,512,490
12/11/2020,11500,27.72222222,24,31,0.268,325,3,1009.2,229.4,71.7,1645.1,515,500
12/14/2020,11500,28.22222222,25,34,0.268,70,4.1,1008.7,229.4,71.7,1645.1,515,500
12/15/2020,11000,27.88888889,25,33,0.268,42,2.7,1010,229.4,71.7,1645.1,515,500
12/16/2020,11000,28.27777778,24,33,0.268,42,3.3,1010.1,229.4,71.7,1645.1,515,500
12/17/2020,11000,28.38888889,25,33,0.268,15,3.6,1009.3,229.4,71.7,1645.1,515,500
12/18/2020,11000,28.22222222,24,32,0.268,31,5.1,1009.1,229.4,71.7,1645.1,525,505
12/21/2020,11000,26.61111111,22,31,0.268,9,10.8,1008.9,229.4,71.7,1645.1,525,505
12/22/2020,11000,25.11111111,23,28,0.268,342,8.2,1008.1,229.4,71.7,1645.1,525,505
12/23/2020,11000,25.77777778,23,31,0.268,329,6.6,1007.3,229.4,71.7,1645.1,525,505
12/28/2020,11500,27.77777778,24,33,0.268,297,3.9,1008.3,229.4,71.7,1645.1,529,500
12/31/2020,11500,26,24,29,0.268,25,8.1,1010.1,229.4,71.7,1645.1,529,500
1/4/2021,11500,27.77777778,24,33,0.268,39,4.8,1009.5,230.4,76.9,1771.8,529,500
1/6/2021,11500,28.11111111,24,32,0.268,71,4.5,1008.9,230.4,76.9,1771.8,529,500
1/8/2021,11500,27.61111111,24,33,0.268,355,3.7,1008.1,230.4,76.9,1771.8,529,510
1/11/2021,11500,26.27777778,22,32,0.268,347,4.4,1010.5,230.4,76.9,1771.8,529,510
1/12/2021,11500,24.38888889,21,31,0.268,11,6.5,1011.3,230.4,76.9,1771.8,529,510
1/13/2021,11500,23.72222222,19,28,0.268,323,4.5,1011.6,230.4,76.9,1771.8,529,510
1/14/2021,11500,24.88888889,18,30,0.268,230,3.8,1011.1,230.4,76.9,1771.8,529,510
1/15/2021,11500,25.61111111,21,31,0.268,97,4.5,1009.6,230.4,76.9,1771.8,543,525
1/18/2021,11500,25.61111111,21,31,0.268,29,6.3,1011.5,230.4,76.9,1771.8,543,525
1/19/2021,11500,24.38888889,20,28,0.268,317,4.2,1011.3,230.4,76.9,1771.8,543,525
1/20/2021,11500,26.77777778,22,31,0.268,280,3.8,1010.5,230.4,76.9,1771.8,543,525
1/21/2021,11500,27.22222222,24,32,0.268,236,5.2,1009.8,230.4,76.9,1771.8,543,525
1/22/2021,11500,26.38888889,24,30,0.268,211,5.5,1009.6,230.4,76.9,1771.8,543,525
1/25/2021,11500,27.22222222,24,32,0.268,92,4.3,1010,230.4,76.9,1771.8,543,525
1/26/2021,11500,27.77777778,25,33,0.268,90,4.3,1009.2,230.4,76.9,1771.8,543,525
1/27/2021,11500,27.38888889,24,33,0.268,92,4.8,1009.4,230.4,76.9,1771.8,543,525
1/28/2021,11500,26.88888889,24,33,0.268,64,4.8,1010.6,230.4,76.9,1771.8,543,525
2/3/2021,11500,26.61111111,23,31,0.268,170,4.2,1011.7,230.4,76.9,1771.8,550,523
2/18/2021,11500,26.38888889,21,31,0.268,356,3.4,1013.3,230.4,76.9,1771.8,569,519
2/19/2021,11500,28.77777778,21,33,0.268,35,5.2,1013.1,230.4,76.9,1771.8,550,520
2/22/2021,11500,25.72222222,23,31,0.268,158,6.7,1011.3,230.4,76.9,1771.8,550,520
2/23/2021,11500,26.72222222,22,32,0.268,107,5.6,1010.2,230.4,76.9,1771.8,550,520
2/24/2021,11500,26.77777778,24,32,0.268,170,6.4,1009.2,230.4,76.9,1771.8,550,520
2/25/2021,11500,27.27777778,23,32,0.268,174,5.6,1007.8,230.4,76.9,1771.8,550,520
2/26/2021,11500,28,25,33,0.268,166,6.6,1006.6,230.4,76.9,1771.8,549,520
3/1/2021,11500,29.11111111,25,34,0.268,140,8.9,1011.5,230.4,76.9,1771.8,549,520
3/2/2021,11500,28.72222222,25,34,0.268,138,8.2,1011.3,230.4,76.9,1771.8,549,520
3/5/2021,12000,28.61111111,24,36,0.268,131,10.5,1011.4,230.4,76.9,1771.8,544,520
3/8/2021,12000,29.22222222,25,35,0.268,115,6.3,1011.6,230.4,76.9,1771.8,544,520
3/9/2021,12000,29.11111111,25,35,0.268,108,7.1,1011.4,230.4,76.9,1771.8,544,520
3/10/2021,12000,29.27777778,25,35,0.268,99,5.8,1011,230.4,76.9,1771.8,544,520
3/11/2021,12000,29.72222222,25,35,0.268,101,7.6,1010.9,230.4,76.9,1771.8,544,520
3/12/2021,12000,30.11111111,26,35,0.268,120,6.4,1011.3,230.4,76.9,1771.8,526,505
3/15/2021,11500,28.27777778,25,34,0.268,148,6.3,1009.3,230.4,76.9,1771.8,526,505
3/16/2021,11500,27.88888889,25,32,0.268,149,8,1009.1,230.4,76.9,1771.8,526,505
3/17/2021,11500,28.11111111,25,33,0.268,147,7.5,1009.1,230.4,76.9,1771.8,526,505
3/18/2021,11500,28.72222222,26,32,0.268,150,7.8,1008.9,230.4,76.9,1771.8,526,505
3/19/2021,11500,29.61111111,26,34,0.268,154,7.5,1007.9,230.4,76.9,1771.8,526,510
3/22/2021,11500,30.38888889,26,36,0.268,75,5.7,1009.4,230.4,76.9,1771.8,526,510
3/23/2021,11500,30.27777778,26,35,0.268,58,6,1009.3,230.4,76.9,1771.8,526,510
3/24/2021,11500,30.72222222,27,35,0.268,108,7.5,1008.6,230.4,76.9,1771.8,526,510
3/25/2021,11500,30.27777778,27,36,0.268,112,7,1008.6,230.4,76.9,1771.8,526,510
3/26/2021,11500,29.88888889,26,36.72222222,0.268,119,9.4,1008.3,230.4,76.9,1771.8,522,520
3/29/2021,11500,29.72222222,27,35,0.268,158,6.3,1007.7,230.4,76.9,1771.8,522,520
3/30/2021,11500,29.77777778,27,36,0.268,192,6.8,1006.5,230.4,76.9,1771.8,522,520
3/31/2021,11500,30.22222222,27,35,0.268,196,6.8,1005.5,230.4,76.9,1771.8,522,520
4/2/2021,11500,30.38888889,28,37,0.268,207,6.5,1006.4,230.4,76.9,1771.8,509,510
4/5/2021,11500,29.72222222,26,34,0.268,120,6.4,1009.5,230.4,76.9,1771.8,509,510
4/6/2021,11500,30.38888889,26,35,0.268,120,8.2,1010,230.4,76.9,1771.8,509,510
4/7/2021,11500,30.38888889,26,36,0.268,115,6.5,1010,230.4,76.9,1771.8,509,510
4/8/2021,11500,28.72222222,27,33,0.268,121,6.5,1009.4,230.4,76.9,1771.8,509,510
4/9/2021,11500,28.61111111,26,31,0.268,156,6.3,1009.5,230.4,76.9,1771.8,504,500
4/12/2021,11500,29.38888889,26,35,0.268,124,7.1,1011.6,230.4,76.9,1771.8,504,500
4/13/2021,11500,29.88888889,27,34,0.268,144,7.9,1010.9,230.4,76.9,1771.8,504,500
4/14/2021,11500,29.22222222,28,35,0.268,169,6.2,1010.3,230.4,76.9,1771.8,504,500
4/15/2021,11500,29.38888889,24,35,0.268,200,4.8,1009.4,230.4,76.9,1771.8,504,500
4/16/2021,11500,27.88888889,22,34,0.268,189,7,1009.5,230.4,76.9,1771.8,504,500
4/19/2021,11500,28.38888889,26,33,0.268,203,4.8,1009.5,230.4,76.9,1771.8,504,500
4/20/2021,11500,30.11111111,26,34,0.268,228,4.7,1009,230.4,76.9,1771.8,504,500
4/22/2021,11500,27.72222222,24,32,0.268,239,5,1009,230.4,76.9,1771.8,504,500
4/23/2021,12000,28.22222222,25,33,0.268,258,5.2,1008.1,230.4,76.9,1771.8,487,485
4/26/2021,12000,30.61111111,27,35,0.268,199,6.3,1008.6,230.4,76.9,1771.8,487,485
4/27/2021,12000,29.72222222,27,34,0.268,168,5.8,1010,230.4,76.9,1771.8,487,485
4/29/2021,11500,30.22222222,28,35,0.268,121,7.2,1010.2,230.4,76.9,1771.8,487,485
5/4/2021,12000,31.38888889,27,36,0.268,106,6.5,1007.3,230.4,76.9,1771.8,493,485
5/5/2021,12000,31.72222222,28,37,0.268,110,9.3,1007.5,230.4,76.9,1771.8,493,485
5/7/2021,12000,30.22222222,25,34,0.268,32,5.9,1010,230.4,76.9,1771.8,502,495
5/10/2021,12000,30.88888889,28,34,0.268,147,7.1,1007.7,230.4,76.9,1771.8,502,495
5/11/2021,12000,31.11111111,28,35,0.268,154,6.6,1007.3,230.4,76.9,1771.8,502,495
5/12/2021,12000,30.88888889,28,35,0.268,146,4.9,1006.8,230.4,76.9,1771.8,502,495
5/13/2021,12000,31.27777778,29,36,0.268,129,5.6,1006.1,230.4,76.9,1771.8,502,495
5/14/2021,12000,30.61111111,29,34,0.268,143,6.7,1006.3,230.4,76.9,1771.8,496,495
5/17/2021,12000,28.77777778,26,34,0.268,152,5.2,1007.6,230.4,76.9,1771.8,496,495
5/18/2021,12000,29.61111111,26,34,0.268,181,4.8,1008.3,230.4,76.9,1771.8,496,495
5/20/2021,12000,31.27777778,26,35,0.268,198,4.2,1007.6,230.4,76.9,1771.8,496,495
5/21/2021,12000,28,25,34,0.268,218,4.8,1007.7,230.4,76.9,1771.8,486,495
5/24/2021,12000,27.11111111,25,30,0.268,293,5.4,1007.3,230.4,76.9,1771.8,486,495
5/25/2021,12000,24.77777778,23,28,0.268,260,3.5,1008.1,230.4,76.9,1771.8,486,495
5/26/2021,12000,27.38888889,24,30,0.268,241,5.2,1007.8,230.4,76.9,1771.8,486,495
5/27/2021,12000,27.38888889,25,31,0.268,203,3.7,1008.3,230.4,76.9,1771.8,486,495
5/28/2021,12000,29.38888889,26,33,0.268,195,3.9,1009.5,230.4,76.9,1771.8,487,490
5/31/2021,12000,30.88888889,27,34,0.268,264,7.8,1006.4,230.4,76.9,1771.8,487,490
6/1/2021,12000,29.77777778,28,34,0.268,240,6.2,1006.7,230.4,76.9,1771.8,487,490
6/2/2021,12000,28.38888889,24,34,0.268,227,5.7,1007.3,230.4,76.9,1771.8,487,490
6/3/2021,12000,30.38888889,26,35,0.268,254,5.2,1008,230.4,76.9,1771.8,487,490
6/4/2021,12000,31,27,35,0.268,245,6.8,1007.7,230.4,76.9,1771.8,490,490
6/7/2021,12000,28.11111111,24,33,0.268,235,10.5,1008.3,230.4,76.9,1771.8,490,490
6/8/2021,12000,26.11111111,24,29,0.268,235,5.7,1009.3,230.4,76.9,1771.8,490,490
6/9/2021,12000,28.27777778,25,32,0.268,237,6.2,1008.1,230.4,76.9,1771.8,490,490
6/10/2021,12500,28,26,32,0.268,261,8.5,1006.9,230.4,76.9,1771.8,490,490
6/11/2021,13250,28.11111111,25,32,0.268,272,8.2,1005.9,230.4,76.9,1771.8,483,485
6/14/2021,12500,28.77777778,27,34,0.268,249,8.9,1008.3,230.4,76.9,1771.8,483,485
6/15/2021,12500,27.38888889,25,32,0.268,250,5.8,1007.8,230.4,76.9,1771.8,483,485
6/16/2021,12500,29.27777778,26,33,0.268,262,5.9,1009.1,230.4,76.9,1771.8,483,485
6/17/2021,12500,29.27777778,25,35,0.268,276,4.5,1009.6,230.4,76.9,1771.8,483,485
6/18/2021,12500,30.22222222,26,34,0.268,269,5.5,1009.8,230.4,76.9,1771.8,474,485
6/21/2021,12500,28.88888889,25,32,0.268,241,9,1007.6,230.4,76.9,1771.8,474,485
6/22/2021,12500,28,25,32,0.268,233,9.1,1008.7,230.4,76.9,1771.8,474,485
6/23/2021,12500,28.11111111,25,32,0.268,243,7.3,1009.3,230.4,76.9,1771.8,474,485
6/24/2021,12000,29.72222222,26,33,0.268,254,6,1008,230.4,76.9,1771.8,474,485
6/25/2021,12000,29.22222222,26,34,0.268,226,7.1,1007.5,230.4,76.9,1771.8,447,480
6/28/2021,12000,30.38888889,27,35,0.268,241,8.6,1008.8,230.4,76.9,1771.8,447,480
6/29/2021,12000,30.38888889,27,35,0.268,226,6.2,1007.9,230.4,76.9,1771.8,447,480
7/1/2021,12000,30.27777778,27,35,0.268,225,7.5,1008.5,230.4,76.9,1771.8,447,480
7/2/2021,12000,30.88888889,28,35,0.268,238,7.6,1008.5,230.4,76.9,1771.8,434,470
7/5/2021,12000,27.11111111,25,31,0.268,228,4.7,1006,230.4,76.9,1771.8,434,470
7/6/2021,12000,27.61111111,25,31,0.268,241,7.1,1005.8,230.4,76.9,1771.8,434,470
7/7/2021,12000,27.72222222,25,34,0.268,233,7.6,1007.1,230.4,76.9,1771.8,434,470
7/8/2021,12000,27.27777778,25,31,0.268,239,7,1007.6,230.4,76.9,1771.8,434,470
7/9/2021,12000,28.11111111,25,31,0.268,212,7.7,1007.2,230.4,76.9,1771.8,431,470
7/12/2021,12000,29.27777778,26,35,0.268,140,5.4,1008.5,230.4,76.9,1771.8,431,470
7/13/2021,12000,29.11111111,25,34,0.268,139,4.2,1007.5,230.4,76.9,1771.8,431,470
7/14/2021,12000,28,25,33,0.268,203,4.6,1006.9,230.4,76.9,1771.8,431,470
7/15/2021,12000,26.77777778,25,32,0.268,261,5.1,1008.3,230.4,76.9,1771.8,431,470
7/16/2021,12000,29.22222222,24,34,0.268,291,6,1009.3,230.4,76.9,1771.8,421,390
7/19/2021,12000,26.38888889,22,33,0.268,266,7.1,1007.6,230.4,76.9,1771.8,421,390
7/22/2021,12000,27.22222222,23,32,0.268,240,9.4,1007.7,230.4,76.9,1771.8,421,390
7/23/2021,12000,27.22222222,23,30,0.268,245,8.9,1006.9,230.4,76.9,1771.8,403,390
7/26/2021,12500,29,26,33,0.268,248,11.7,1006.8,230.4,76.9,1771.8,403,390
7/27/2021,12500,27.27777778,25,33,0.268,250,11.4,1006,230.4,76.9,1771.8,403,390
7/28/2021,12500,27.61111111,25,31,0.268,257,11.3,1005.8,230.4,76.9,1771.8,403,390
7/29/2021,12500,26.38888889,25,32,0.268,242,9.2,1006.9,230.4,76.9,1771.8,403,390
7/30/2021,12500,28.72222222,25,32,0.268,250,10.1,1007.7,230.4,76.9,1771.8,402,390
8/2/2021,12500,28.77777778,26,32,0.268,249,12.6,1007,230.4,76.9,1771.8,402,390
8/3/2021,12500,29.38888889,27,32,0.268,250,14.2,1007.6,230.4,76.9,1771.8,402,390
8/4/2021,12800,28.77777778,27,33,0.268,253,12.4,1008.2,230.4,76.9,1771.8,402,390
8/5/2021,12800,28.88888889,27,33,0.268,242,14,1008,230.4,76.9,1771.8,402,390
8/6/2021,12000,29.38888889,27,33,0.268,248,12.4,1008.5,230.4,76.9,1771.8,400,380
8/9/2021,12000,30.27777778,27,34,0.268,254,8.7,1007.2,230.4,76.9,1771.8,400,380
8/10/2021,11500,28.72222222,26,35,0.268,219,7.6,1007,230.4,76.9,1771.8,400,380
8/11/2021,11500,27.72222222,26,32,0.268,210,5.8,1009.2,230.4,76.9,1771.8,400,380
8/12/2021,11500,28.22222222,25,31,0.268,214,4.8,1010.8,230.4,76.9,1771.8,400,380
8/13/2021,11500,28.22222222,26,34,0.268,253,5.5,1009.2,230.4,76.9,1771.8,396,390
8/16/2021,11500,28.61111111,25,35,0.268,312,4,1011.5,230.4,76.9,1771.8,396,390
8/17/2021,11500,27.5,23,34,0.268,301,3.7,1010.7,230.4,76.9,1771.8,396,390
8/18/2021,11500,27.88888889,23,34,0.268,244,3.5,1008.4,230.4,76.9,1771.8,396,390
8/19/2021,11500,28.61111111,24,35,0.268,284,3.8,1008.3,230.4,76.9,1771.8,396,390
8/20/2021,11500,27.61111111,24,33,0.268,164,3.2,1009.1,230.4,76.9,1771.8,405,395
8/23/2021,11500,27.61111111,25,32,0.268,162,5.7,1007.9,230.4,76.9,1771.8,405,395
8/24/2021,11500,27,24,31,0.268,205,5.3,1007.2,230.4,76.9,1771.8,405,395
8/25/2021,11500,27.38888889,25,31,0.268,225,6.4,1007.5,230.4,76.9,1771.8,405,395
8/26/2021,11500,26.72222222,25,31,0.268,182,5.7,1008,230.4,76.9,1771.8,405,395
8/27/2021,11500,28.88888889,25,33,0.268,268,4,1007.5,230.4,76.9,1771.8,409,400
8/30/2021,11500,27.27777778,23,33,0.268,248,3.5,1008.1,230.4,76.9,1771.8,409,400
8/31/2021,11500,27.72222222,25,34,0.268,181,2.6,1008.8,230.4,76.9,1771.8,409,400
9/1/2021,11500,28.38888889,25,33,0.268,191,4.1,1008.5,230.4,76.9,1771.8,409,400
9/6/2021,11500,27.88888889,24,32,0.268,274,4.3,1008.9,230.4,76.9,1771.8,408,405
9/7/2021,11500,28.22222222,25,33,0.268,272,4,1007.9,230.4,76.9,1771.8,408,405
9/8/2021,11500,27.77777778,26,32,0.268,223,8.7,1006.5,230.4,76.9,1771.8,408,405
9/9/2021,11500,26.88888889,25,32,0.268,220,9.3,1007.8,230.4,76.9,1771.8,408,405
9/10/2021,11500,27.38888889,25,30,0.268,240,8,1008.3,230.4,76.9,1771.8,404,405
9/13/2021,11500,26.88888889,25,32,0.268,257,7.2,1005.8,230.4,76.9,1771.8,404,405
9/14/2021,11500,26.61111111,24,30,0.268,235,4.1,1008,230.4,76.9,1771.8,404,405
9/15/2021,11500,27.88888889,25,31,0.268,208,5.1,1009.9,230.4,76.9,1771.8,404,405
9/16/2021,11500,27.72222222,25,32,0.268,287,2.5,1009.5,230.4,76.9,1771.8,404,405
9/17/2021,11500,27.61111111,25,33,0.268,172,2.4,1009.1,230.4,76.9,1771.8,399,415
9/20/2021,11500,27.38888889,24,32,0.268,248,6.4,1008.4,230.4,76.9,1771.8,399,415
9/21/2021,11500,27.11111111,25,32,0.268,199,4.3,1008.3,230.4,76.9,1771.8,399,415
9/22/2021,11500,27.38888889,25,32,0.268,234,6,1008.2,230.4,76.9,1771.8,399,415
9/23/2021,11500,28.11111111,25,32,0.268,298,4.8,1008.5,230.4,76.9,1771.8,399,415
9/24/2021,11500,27,24,33,0.268,227,5.9,1008.4,230.4,76.9,1771.8,392,425
9/27/2021,11500,29.5,24,33,0.268,122,4.5,1007.9,230.4,76.9,1771.8,392,425
9/28/2021,11500,28.77777778,26,34,0.268,79,3.6,1008.1,230.4,76.9,1771.8,392,425
9/29/2021,11500,28.61111111,26,33,0.268,259,3.5,1007.7,230.4,76.9,1771.8,392,425
9/30/2021,11500,27.72222222,25,32,0.268,229,3.5,1008.7,230.4,76.9,1771.8,392,425
10/1/2021,11500,27.27777778,25,32,0.268,305,3.5,1009.3,230.4,76.9,1771.8,396,430
10/4/2021,11500,27.77777778,25,32,0.268,331,2.7,1006.9,230.4,76.9,1771.8,396,430
10/5/2021,11500,27.38888889,24,32,0.268,232,3.9,1005.8,230.4,76.9,1771.8,396,430
10/6/2021,11500,26.77777778,25,29,0.268,262,3.5,1004.7,230.4,76.9,1771.8,396,430
10/7/2021,12000,26.77777778,24,30,0.268,274,5.2,1003.9,230.4,76.9,1771.8,396,430
10/8/2021,12000,28.22222222,25,31,0.268,258,9.1,1004.6,230.4,76.9,1771.8,396,435
10/11/2021,11500,26.38888889,24,30,0.268,253,8.5,1005.4,230.4,76.9,1771.8,396,435
10/12/2021,11500,27.72222222,25,31,0.268,257,10.5,1005.2,230.4,76.9,1771.8,396,435
10/13/2021,11500,28.61111111,26,32,0.268,260,10.6,1004,230.4,76.9,1771.8,396,435
10/14/2021,11500,28.77777778,27,32,0.268,230,8.5,1005.3,230.4,76.9,1771.8,396,435
10/15/2021,11500,27.77777778,25,34,0.268,268,5.3,1006.4,230.4,76.9,1771.8,404,440
10/18/2021,11500,28.77777778,26,32,0.268,142,4.3,1010,230.4,76.9,1771.8,404,440
10/19/2021,11500,29.11111111,26,33,0.268,150,5,1012.3,230.4,76.9,1771.8,404,440
10/20/2021,11500,26.77777778,25,32,0.268,314,2.9,1012.3,230.4,76.9,1771.8,404,440
10/21/2021,11500,27.77777778,25,32,0.268,89,4,1011.8,230.4,76.9,1771.8,404,440
10/26/2021,11500,28.11111111,25,32,0.268,17,5.5,1008.3,230.4,76.9,1771.8,402,435
10/27/2021,11500,26.11111111,24,29,0.268,323,5.4,1008.7,230.4,76.9,1771.8,402,435
10/28/2021,11500,29.11111111,24,33,0.268,120,5.8,1010.3,230.4,76.9,1771.8,402,435
10/29/2021,11500,28.77777778,26,35,0.268,112,5.4,1011.5,230.4,76.9,1771.8,403,435
11/2/2021,11500,29.27777778,25,34,0.268,85,3.9,1010.8,230.4,76.9,1771.8,403,435
11/3/2021,11500,29.5,25,34,0.268,81,3.2,1009.8,230.4,76.9,1771.8,403,435
11/5/2021,12000,28.77777778,25,33,0.268,90,5.2,1008.6,230.4,76.9,1771.8,396,440
11/9/2021,13000,28.11111111,25,32,0.268,22,2.7,1009,230.4,76.9,1771.8,396,440
11/10/2021,12000,28.61111111,25,33,0.268,27,5.7,1009,230.4,76.9,1771.8,396,440
11/11/2021,12000,26.61111111,25,31,0.268,20,3.6,1009.3,230.4,76.9,1771.8,396,440
11/12/2021,12000,28.11111111,24,34,0.268,22,3.9,1009.3,230.4,76.9,1771.8,397,435
11/15/2021,12000,27.88888889,24,32,0.268,69,4.5,1008.5,230.4,76.9,1771.8,397,435
11/16/2021,12000,27.72222222,25,32,0.268,56,4.2,1008.8,230.4,76.9,1771.8,397,435
11/17/2021,12000,27.88888889,25,34,0.268,17,2.7,1009,230.4,76.9,1771.8,397,435
11/18/2021,12000,27.77777778,25,32,0.268,32,3.1,1008.3,230.4,76.9,1771.8,397,435
11/19/2021,12000,28.61111111,25,33,0.268,322,3.9,1007.2,230.4,76.9,1771.8,403,425
11/23/2021,12000,27.38888889,24,33,0.268,1,2,1009,230.4,76.9,1771.8,403,425
11/24/2021,12000,28.88888889,24,34,0.268,33,2.6,1009.6,230.4,76.9,1771.8,403,425
11/25/2021,12000,27.77777778,25,32,0.268,23,4.4,1009.9,230.4,76.9,1771.8,403,425
11/26/2021,12000,27.88888889,24,32,0.268,20,5.2,1009.3,230.4,76.9,1771.8,403,425
11/29/2021,12000,26.88888889,25,30,0.268,47,3.7,1007.8,230.4,76.9,1771.8,403,425
11/30/2021,12000,25.72222222,25,29,0.268,77,5.4,1009.2,230.4,76.9,1771.8,403,425
12/1/2021,12000,26.61111111,24,31,0.268,24,4.8,1010.3,230.4,76.9,1771.8,403,425
12/2/2021,12000,26.27777778,22,31,0.268,3,3.9,1011.5,230.4,76.9,1771.8,403,425
12/6/2021,12000,26.72222222,21,31,0.268,2,4.5,1011.3,230.4,76.9,1771.8,398,410
12/7/2021,12000,26.22222222,22,31,0.268,354,3.9,1012,230.4,76.9,1771.8,398,410
12/8/2021,12000,28.11111111,21,32,0.268,13,2.9,1012,230.4,76.9,1771.8,398,410
12/9/2021,12000,26.77777778,25,31,0.268,12,3.1,1012.3,230.4,76.9,1771.8,398,410
12/10/2021,12000,27.11111111,22,33,0.268,30,4.3,1012,230.4,76.9,1771.8,401,405
12/14/2021,12000,27.72222222,23,32,0.268,43,4.7,1009.4,230.4,76.9,1771.8,401,405
12/15/2021,12000,28.88888889,24,34,0.268,34,4.3,1009,230.4,76.9,1771.8,401,405
12/16/2021,11500,28.77777778,26,32,0.268,40,2.9,1009.5,230.4,76.9,1771.8,401,405
12/17/2021,11500,27.72222222,25,32,0.268,46,3.2,1009.7,230.4,76.9,1771.8,402,405
12/20/2021,11500,26.72222222,23,31,0.268,331,4.8,1011.9,230.4,76.9,1771.8,402,405
12/21/2021,11500,27.77777778,23,33,0.268,126,4.8,1011.9,230.4,76.9,1771.8,402,405
12/22/2021,11500,26.61111111,25,31,0.268,95,3.9,1011.4,230.4,76.9,1771.8,402,405
12/23/2021,11500,27.22222222,25,32,0.268,30,3.9,1011,230.4,76.9,1771.8,402,405
12/24/2021,12000,26.11111111,23,32,0.268,5,3.7,1011.2,230.4,76.9,1771.8,397,400
12/27/2021,11500,27.27777778,24,33,0.268,345,3.2,1012.8,230.4,76.9,1771.8,397,400
12/28/2021,11500,26.77777778,23,31,0.268,32,3.2,1012.2,230.4,76.9,1771.8,397,400
12/29/2021,11500,27.61111111,24,32,0.268,16,4.3,1012.3,230.4,76.9,1771.8,397,400
12/30/2021,11500,27.88888889,24,33,0.268,48,7.2,1013.4,230.4,76.9,1771.8,397,400
12/31/2021,11500,27.38888889,23,33,0.268,38,5.9,1013.3,230.4,76.9,1771.8,397,400
1/4/2022,11500,27.22222222,24,32,0.268,40,4,1011.5,229.8,73.4,1685.9,397,400
1/5/2022,11500,27.88888889,24,32,0.268,94,4,1011.4,229.8,73.4,1685.9,397,400
1/6/2022,11500,27.5,24,31,0.268,54,2.9,1011.8,229.8,73.4,1685.9,397,400
1/7/2022,11500,28,26,33,0.268,34,3.7,1012.3,229.8,73.4,1685.9,419,400
1/11/2022,11500,27.38888889,24,34,0.268,98,5,1012.5,229.8,73.4,1685.9,419,400
1/14/2022,11500,26.77777778,22,33,0.268,66,4.6,1013.2,229.8,73.4,1685.9,423,400
1/17/2022,11500,27.38888889,24,32,0.268,112,3.7,1012.4,229.8,73.4,1685.9,423,400
1/18/2022,11500,27.5,23,33,0.268,71,3.7,1011.6,229.8,73.4,1685.9,423,400
2/18/2022,12000,29.11111111,26,34,0.268,146,9.1,1008.7,229.8,73.4,1685.9,432,400
2/21/2022,12000,27.61111111,25,34,0.268,149,5.1,1010.5,229.8,73.4,1685.9,432,400
2/23/2022,12000,27.61111111,24,33,0.268,359,3.5,1012.3,229.8,73.4,1685.9,432,400
3/4/2022,12000,29.61111111,25,35,0.268,96,6.1,1009.5,229.8,73.4,1685.9,419,405
3/7/2022,12000,29.27777778,26,35,0.268,113,7.4,1009.6,229.8,73.4,1685.9,419,405
3/8/2022,12000,29.61111111,25,36,0.268,111,5.3,1009.3,229.8,73.4,1685.9,419,405
3/9/2022,12000,28.27777778,25,34,0.268,96,6.8,1009,229.8,73.4,1685.9,419,405
3/10/2022,12000,27.61111111,25,31,0.268,148,5,1008.8,229.8,73.4,1685.9,419,405
3/11/2022,12000,28.88888889,25,34,0.268,282,4.7,1007.5,229.8,73.4,1685.9,420,405
3/14/2022,12000,29.5,27,35,0.268,137,8.3,1007.9,229.8,73.4,1685.9,420,405
3/15/2022,12000,29.72222222,27,35,0.268,147,8.1,1007.4,229.8,73.4,1685.9,420,405
3/17/2022,12000,29.5,26,34,0.268,148,7,1007.2,229.8,73.4,1685.9,420,405
3/18/2022,12000,29.38888889,26,34,0.268,157,6.5,1007.4,229.8,73.4,1685.9,422,420
3/21/2022,12000,29.38888889,27,34,0.268,139,8.8,1009.5,229.8,73.4,1685.9,422,420
3/22/2022,12000,28.22222222,26,33,0.268,127,7.6,1010.2,229.8,73.4,1685.9,422,420
3/23/2022,12000,29.61111111,25,35,0.268,135,6.2,1009.6,229.8,73.4,1685.9,422,420
3/24/2022,12000,30.11111111,27,35,0.268,146,8,1009.2,229.8,73.4,1685.9,422,420
3/25/2022,12000,30.27777778,27,35,0.268,146,9.4,1009.8,229.8,73.4,1685.9,421,417.5
3/30/2022,12000,28.88888889,24,34,0.268,307,6.1,1008.2,229.8,73.4,1685.9,421,417.5
3/31/2022,12000,28.22222222,25,33,0.268,206,4.3,1008,229.8,73.4,1685.9,421,417.5
4/5/2022,12000,27.77777778,24,34,0.268,11,4.8,1011.9,229.8,73.4,1685.9,426,415
4/6/2022,12000,28.88888889,25,34,0.268,295,3.7,1010.9,229.8,73.4,1685.9,426,415
4/7/2022,12000,28.77777778,25,33,0.268,1,4.5,1010,229.8,73.4,1685.9,426,415
4/8/2022,12000,29.61111111,25,34,0.268,302,5.5,1009.6,229.8,73.4,1685.9,431,420
4/12/2022,12000,29.61111111,26,33,0.268,174,6.4,1007.8,229.8,73.4,1685.9,431,420
4/13/2022,12000,30.22222222,27,35,0.268,218,6.5,1006.5,229.8,73.4,1685.9,431,420
4/14/2022,12000,29.77777778,27,35,0.268,221,6.5,1006.5,229.8,73.4,1685.9,431,420
4/18/2022,12000,29.88888889,28,33,0.268,131,8.4,1008.9,229.8,73.4,1685.9,431,420
4/19/2022,12000,29.88888889,26,34,0.268,134,5.2,1009.7,229.8,73.4,1685.9,431,420
4/20/2022,12000,29.72222222,26,35,0.268,100,5.7,1009.3,229.8,73.4,1685.9,431,420
4/21/2022,12500,30.38888889,27,35,0.268,125,8.6,1008.7,229.8,73.4,1685.9,431,420
4/22/2022,12500,30.61111111,27,35,0.268,137,8.6,1009.2,229.8,73.4,1685.9,427,415
4/25/2022,12500,30.72222222,28,34,0.268,156,7.4,1007.2,229.8,73.4,1685.9,427,415
4/26/2022,12500,30.27777778,26,35,0.268,172,5.8,1007.2,229.8,73.4,1685.9,427,415
4/27/2022,12500,31.72222222,27,36,0.268,52,4.3,1006.6,229.8,73.4,1685.9,427,415
4/28/2022,12500,30.88888889,29,35,0.268,154,8,1007,229.8,73.4,1685.9,427,415
4/29/2022,12500,25.77777778,23,29,0.268,254,4.8,1007.5,229.8,73.4,1685.9,435,415
5/4/2022,12500,26.88888889,25,33,0.268,341,4.7,1009,229.8,73.4,1685.9,435,415
5/5/2022,12500,28.22222222,24,32,0.268,119,5.2,1007.4,229.8,73.4,1685.9,435,415
5/6/2022,12500,29.88888889,25,34,0.268,109,6.3,1007.1,229.8,73.4,1685.9,468,415
5/9/2022,12500,30.27777778,27,35,0.268,128,9.7,1007.8,229.8,73.4,1685.9,468,415
5/10/2022,12500,29.72222222,27,35,0.268,122,6.8,1008,229.8,73.4,1685.9,468,415
5/11/2022,12500,30.22222222,27,35,0.268,159,5.5,1007.8,229.8,73.4,1685.9,468,415
5/12/2022,12500,29.38888889,26,34,0.268,236,6,1007.5,229.8,73.4,1685.9,468,415
5/16/2022,12500,28.61111111,27,32,0.268,221,4.8,1008.4,229.8,73.4,1685.9,461,420
5/17/2022,12500,28.88888889,25,33,0.268,209,5.2,1008.9,229.8,73.4,1685.9,461,420
5/18/2022,12500,27.22222222,26,30,0.268,164,3.9,1009.5,229.8,73.4,1685.9,461,420
5/19/2022,12500,27.61111111,25,33,0.268,242,3.2,1010,229.8,73.4,1685.9,461,420
5/26/2022,12500,28.22222222,23,33,0.268,283,7.6,1006.5,229.8,73.4,1685.9,461,420
5/31/2022,12500,30.27777778,26,34,0.74,230,5,1005.5,229.8,73.4,1685.9,467,420
6/1/2022,12500,29.27777778,28,33,0.587,203,5.3,1006.4,229.8,73.4,1685.9,467,420
6/3/2022,12500,27.61111111,25,33,0.752,220,5,1008.2,229.8,73.4,1685.9,465,425
6/6/2022,12500,29.72222222,26,35,0.228,265,7.8,1006.7,229.8,73.4,1685.9,465,425
6/7/2022,12500,30.27777778,27,34,0.185,280,5.4,1006.9,229.8,73.4,1685.9,465,425
6/8/2022,12500,31.11111111,27,35,0.272,312,4.8,1007.3,229.8,73.4,1685.9,465,425
6/9/2022,12500,30.38888889,24,36,0.106,286,4.8,1006.8,229.8,73.4,1685.9,465,425
6/10/2022,12500,29.88888889,26,34,0.543,287,4.8,1007.5,229.8,73.4,1685.9,463,425
6/13/2022,12500,29.27777778,25,33,0.118,212,4.6,1008.1,229.8,73.4,1685.9,463,425
6/14/2022,12500,30.27777778,26,34,0.15,206,5.3,1008,229.8,73.4,1685.9,463,425
6/16/2022,12500,30.22222222,26,34,0.402,204,3.7,1009.2,229.8,73.4,1685.9,463,425
6/17/2022,12500,29.27777778,27,33,0.37,217,3.9,1009,229.8,73.4,1685.9,441,425
6/20/2022,12500,28.38888889,25,34,0.22,206,4.5,1006.3,229.8,73.4,1685.9,441,425
6/21/2022,12500,28,25,34,0.925,222,5.3,1006.3,229.8,73.4,1685.9,441,425
6/23/2022,12500,26.88888889,25,33,0.453,209,4.7,1008.8,229.8,73.4,1685.9,441,425
6/24/2022,12500,27.27777778,24,32,0.291,200,4.7,1007.6,229.8,73.4,1685.9,427,420
6/27/2022,12500,29.22222222,26,34,0.114,248,4.2,1008,229.8,73.4,1685.9,427,420
7/8/2022,12500,27.38888889,25,32,0.563,261,6.4,1006.9,229.8,73.4,1685.9,429,420
7/13/2022,12500,27.38888889,25,31,0.335,266,10.3,1004.1,229.8,73.4,1685.9,429,420
7/14/2022,12500,27.72222222,25,31,0.15,258,8.1,1004.8,229.8,73.4,1685.9,429,420
7/15/2022,12500,27.61111111,25,32,0.339,256,7.1,1006.2,229.8,73.4,1685.9,420,420
7/18/2022,12000,28.72222222,26,33,0.449,261,6.7,1007,229.8,73.4,1685.9,420,420
7/19/2022,12000,27.22222222,25,32,0.496,258,6.1,1006,229.8,73.4,1685.9,420,420
7/20/2022,12000,25.77777778,25,30,0.976,190,5.3,1006.9,229.8,73.4,1685.9,420,420
7/21/2022,12000,25.61111111,25,29,0.752,169,4.2,1009.5,229.8,73.4,1685.9,420,420
7/22/2022,12000,29,24,35,0,46,4.1,1009.9,229.8,73.4,1685.9,410,420
7/25/2022,12000,29.77777778,26,35,0.354,121,6.1,1007.5,229.8,73.4,1685.9,410,420
7/26/2022,12000,27.88888889,25,32,0.079,119,4.3,1008,229.8,73.4,1685.9,410,420
7/27/2022,12000,28.38888889,25,32,0.193,194,4.2,1007.5,229.8,73.4,1685.9,410,420
7/28/2022,12000,28.22222222,25,33,0.138,260,3.9,1007.5,229.8,73.4,1685.9,410,420
7/29/2022,12500,29.72222222,25,35,0.035,251,5.8,1006.8,229.8,73.4,1685.9,411,415
8/1/2022,12500,27.77777778,25,33,0.72,199,5.2,1006.3,229.8,73.4,1685.9,411,415
8/2/2022,12500,28.27777778,26,32,0.547,237,5.4,1007.3,229.8,73.4,1685.9,411,415
8/3/2022,12500,27.88888889,26,33,0.819,270,5.8,1008.4,229.8,73.4,1685.9,411,415
8/4/2022,12500,27.27777778,25,31,0.256,271,4.4,1008.2,229.8,73.4,1685.9,411,415
8/5/2022,12500,28.11111111,25,32,0.823,292,5.8,1007.6,229.8,73.4,1685.9,421,400
8/8/2022,12500,26.5,24,30,0.74,262,8.4,1006.6,229.8,73.4,1685.9,421,400
8/9/2022,12500,27.77777778,25,32,0.543,267,9.2,1006,229.8,73.4,1685.9,421,400
8/10/2022,12500,28.72222222,26,32,0.268,253,12.1,1005.9,229.8,73.4,1685.9,421,400
8/11/2022,12500,25.88888889,25,30,0.185,235,8.1,1007.6,229.8,73.4,1685.9,421,400
8/12/2022,12500,28.38888889,24,33,0.272,203,4.9,1008.2,229.8,73.4,1685.9,439,395
8/15/2022,12500,26.77777778,23,32,0.307,224,6.5,1007.8,229.8,73.4,1685.9,439,395
8/16/2022,12500,27,25,32,0.276,218,4.8,1007.8,229.8,73.4,1685.9,439,395
8/17/2022,12500,27.88888889,26,32,0.169,232,6.1,1008.1,229.8,73.4,1685.9,439,395
8/18/2022,12500,29.11111111,26,33,0.354,256,6.5,1007.5,229.8,73.4,1685.9,439,395
8/22/2022,12500,29.11111111,26,35,0.067,237,6.2,1007.5,229.8,73.4,1685.9,434,395
8/23/2022,12500,29,25,33,0.28,253,6.4,1007.3,229.8,73.4,1685.9,434,395
8/24/2022,12500,28.27777778,25,33,0.22,259,5,1006.5,229.8,73.4,1685.9,434,395
8/31/2022,12500,28.11111111,24.77777778,33,0.437,192,4.7,1007.8,229.8,73.4,1685.9,431,395
9/7/2022,12500,26.27777778,25,29,0.457,263,4.7,1008.7,229.8,73.4,1685.9,428,395
9/8/2022,12500,27.38888889,25,31,0.598,239,8.7,1010.2,229.8,73.4,1685.9,428,395
9/9/2022,12500,29.61111111,25,34,0.134,243,4.8,1009.8,229.8,73.4,1685.9,431,395
9/12/2022,12500,27.11111111,25,33,0.256,126,3.6,1008.5,229.8,73.4,1685.9,431,395
9/13/2022,12500,28.77777778,25,33,0.374,190,4.3,1009.2,229.8,73.4,1685.9,431,395
9/14/2022,12500,27.88888889,25,32,0.374,241,8.5,1010.3,229.8,73.4,1685.9,431,395
9/16/2022,12500,28.22222222,25,32,0.37,252,7.3,1007.5,229.8,73.4,1685.9,444,405
9/19/2022,12500,27.5,24,32,0.642,276,5.1,1008.5,229.8,73.4,1685.9,444,405
9/20/2022,12500,27.77777778,25,31,0.492,269,5.8,1007.4,229.8,73.4,1685.9,444,405
9/21/2022,12500,28.61111111,25,33,0.327,238,6.6,1006.8,229.8,73.4,1685.9,444,405
9/22/2022,12500,27.77777778,26,32,0.315,229,8.1,1007.8,229.8,73.4,1685.9,444,405
9/23/2022,12500,28.22222222,25,33,0.106,241,5.8,1008.2,229.8,73.4,1685.9,446,410
9/26/2022,12000,25.77777778,24,31,0.752,318,5.3,1008.3,229.8,73.4,1685.9,446,410
9/27/2022,12000,26.5,23,30,0.508,288,6.8,1005.7,229.8,73.4,1685.9,446,410
9/28/2022,12000,26.61111111,25,31,0.492,249,12.7,1002.9,229.8,73.4,1685.9,446,410
9/29/2022,12000,26.27777778,24,30,0.106,217,8.6,1005.6,229.8,73.4,1685.9,446,410
10/3/2022,12000,28.38888889,25,32,0.146,125,6.5,1008.2,229.8,73.4,1685.9,435,430
10/4/2022,12000,28.38888889,25,32,0.047,76,6.1,1009.1,229.8,73.4,1685.9,435,430
10/5/2022,12000,28.61111111,25,33,1.248,127,6.4,1009.6,229.8,73.4,1685.9,435,430
10/6/2022,12000,27.27777778,25,31,0.134,132,5.2,1010.4,229.8,73.4,1685.9,435,430
10/7/2022,12000,28.27777778,25,34,0.409,74,3.9,1009.5,229.8,73.4,1685.9,439,430
10/10/2022,12000,27,24,32,0.425,17,4.2,1011,229.8,73.4,1685.9,439,430
10/11/2022,12000,27.11111111,24,31,0.193,305,3.6,1010.3,229.8,73.4,1685.9,439,430
10/13/2022,12500,28.77777778,25,33,0.008,332,6.1,1007.5,229.8,73.4,1685.9,439,430
10/14/2022,12500,26.88888889,25,31,0,328,5.8,1006.4,229.8,73.4,1685.9,429,440
10/17/2022,12500,29.22222222,24,33,0.142,306,5.3,1009.1,229.8,73.4,1685.9,429,440
10/18/2022,12500,28.27777778,25,34,0.492,76,4.8,1008.5,229.8,73.4,1685.9,429,440
10/19/2022,12500,25.72222222,24,29,0.764,159,5.2,1008.8,229.8,73.4,1685.9,429,440
10/20/2022,12500,26.77777778,24,29,0.508,125,6.9,1010.3,229.8,73.4,1685.9,429,440
10/21/2022,12500,28.88888889,25,33,0.441,131,5.2,1010.8,229.8,73.4,1685.9,429,440
10/24/2022,12500,28.22222222,23,35,0.445,300,3.9,1009.4,229.8,73.4,1685.9,429,440
10/25/2022,12500,27.72222222,24,32,0.24,260,5.3,1009.6,229.8,73.4,1685.9,429,440
10/26/2022,12500,28.77777778,25,32,0.283,147,4.2,1009,229.8,73.4,1685.9,429,440
10/27/2022,12500,26.72222222,25,32,0.224,333,4.8,1008.7,229.8,73.4,1685.9,429,440
10/28/2022,12500,27.38888889,25,30,0.307,288,3.3,1007.3,229.8,73.4,1685.9,426,425.5
10/31/2022,12500,28.88888889,24,34,0,4,5.6,1007.8,229.8,73.4,1685.9,426,425.5
11/1/2022,12500,27.88888889,25,32,0.008,7,5.1,1008.7,229.8,73.4,1685.9,426,425.5
11/2/2022,12500,27.61111111,25,31,0.083,111,3.7,1009.6,229.8,73.4,1685.9,426,425.5
11/3/2022,12500,25.61111111,24,29,0.878,83,4.2,1010.4,229.8,73.4,1685.9,426,425.5
11/7/2022,12500,27.77777778,24,33,0,291,3.1,1011.2,229.8,73.4,1685.9,427,440
11/8/2022,12500,28.61111111,25,33,0,3,3.8,1010.5,229.8,73.4,1685.9,427,440
11/9/2022,12500,29.11111111,25,33,0.024,28,3.1,1010.3,229.8,73.4,1685.9,427,440
11/14/2022,12500,28.27777778,25,33,0.327,88,5,1009.2,229.8,73.4,1685.9,433,435
11/15/2022,12500,28.27777778,25,33,0.28,104,4.7,1009.2,229.8,73.4,1685.9,433,435
11/16/2022,12500,28.11111111,24,34,0.024,40,4.6,1008.3,229.8,73.4,1685.9,433,435
11/17/2022,12500,28.61111111,25,33,0.425,67,3.6,1008,229.8,73.4,1685.9,433,435
11/18/2022,12500,28.27777778,26,33,0.366,304,5,1008.6,229.8,73.4,1685.9,433,435
11/21/2022,12500,26.61111111,24,29,0.52,323,3.2,1005.3,229.8,73.4,1685.9,433,435
11/22/2022,12500,26,25,29,0.287,305,3,1006.2,229.8,73.4,1685.9,433,435
11/23/2022,12500,26.27777778,25,30,0.272,143,6.2,1007.8,229.8,73.4,1685.9,433,435
11/24/2022,12500,26.88888889,25,30,0.228,123,8.5,1009.6,229.8,73.4,1685.9,433,435
11/25/2022,12500,28.11111111,25,32,0.354,133,7.4,1010.6,229.8,73.4,1685.9,440,440
11/28/2022,12500,28.88888889,26,33,0.319,128,7,1009.4,229.8,73.4,1685.9,440,440
11/29/2022,12500,28.72222222,26,33,0.067,123,6.4,1009.5,229.8,73.4,1685.9,440,440
12/5/2022,12500,28.61111111,25,33,0.075,93,4.5,1009.5,229.8,73.4,1685.9,456,440
12/8/2022,12500,28.88888889,24,33,0,44,3.1,1008.4,229.8,73.4,1685.9,456,440
12/12/2022,12500,27.11111111,23,32,0,87,5.7,1010.5,229.8,73.4,1685.9,460,450
12/13/2022,12500,26.88888889,21.61111111,32,0,329,4.5,1010.5,229.8,73.4,1685.9,460,450
12/14/2022,12500,26.61111111,23,30,0,344,3.3,1010.8,229.8,73.4,1685.9,460,450
12/19/2022,12500,26.5,22,32,0,17,5.5,1009,229.8,73.4,1685.9,465,455
12/20/2022,12500,27.5,22,32,0,318,4,1008.4,229.8,73.4,1685.9,465,455
12/23/2022,12500,25.38888889,21,32,0,54,6,1010.2,229.8,73.4,1685.9,477,460
12/26/2022,12500,25.77777778,20,31,0,23,4.3,1013.8,229.8,73.4,1685.9,477,460
12/27/2022,12500,25.22222222,22,29,0,325,2.9,1013.7,229.8,73.4,1685.9,477,460
