date,price,area,productivity,quantity
2010-01-05,8250,234.2,73.0,1708.9
2010-01-07,8250,234.2,73.0,1708.9
2010-01-11,8250,234.2,73.0,1708.9
2010-01-12,8250,234.2,73.0,1708.9
2010-01-13,8250,234.2,73.0,1708.9
2010-01-14,8250,234.2,73.0,1708.9
2010-01-18,8500,234.2,73.0,1708.9
2010-01-19,8500,234.2,73.0,1708.9
2010-01-21,8250,234.2,73.0,1708.9
2010-01-22,8250,234.2,73.0,1708.9
2010-01-25,8250,234.2,73.0,1708.9
2010-01-26,8250,234.2,73.0,1708.9
2010-01-27,8250,234.2,73.0,1708.9
2010-01-28,8250,234.2,73.0,1708.9
2010-01-29,8800,234.2,73.0,1708.9
2010-02-10,8250,234.2,73.0,1708.9
2010-02-22,8750,234.2,73.0,1708.9
2010-02-23,8750,234.2,73.0,1708.9
2010-02-24,8750,234.2,73.0,1708.9
2010-02-25,8750,234.2,73.0,1708.9
2010-02-26,7250,234.2,73.0,1708.9
2010-02-27,6750,234.2,73.0,1708.9
2010-03-01,6750,234.2,73.0,1708.9
2010-03-02,6750,234.2,73.0,1708.9
2010-03-03,6750,234.2,73.0,1708.9
2010-03-04,6750,234.2,73.0,1708.9
2010-03-05,7000,234.2,73.0,1708.9
2010-03-08,7000,234.2,73.0,1708.9
2010-03-11,7000,234.2,73.0,1708.9
2010-03-12,7500,234.2,73.0,1708.9
2010-03-15,7500,234.2,73.0,1708.9
2010-03-16,7500,234.2,73.0,1708.9
2010-03-17,7500,234.2,73.0,1708.9
2010-03-18,7500,234.2,73.0,1708.9
2010-03-19,7500,234.2,73.0,1708.9
2010-03-22,7500,234.2,73.0,1708.9
2010-03-23,7500,234.2,73.0,1708.9
2010-04-01,6800,234.2,73.0,1708.9
2010-04-02,6750,234.2,73.0,1708.9
2010-04-05,6750,234.2,73.0,1708.9
2010-04-06,6750,234.2,73.0,1708.9
2010-04-07,6750,234.2,73.0,1708.9
2010-04-08,6750,234.2,73.0,1708.9
2010-04-09,6750,234.2,73.0,1708.9
2010-04-12,6750,234.2,73.0,1708.9
2010-04-13,6750,234.2,73.0,1708.9
2010-04-14,6750,234.2,73.0,1708.9
2010-04-15,6750,234.2,73.0,1708.9
2010-04-19,6750,234.2,73.0,1708.9
2010-04-21,6750,234.2,73.0,1708.9
2010-04-26,6750,234.2,73.0,1708.9
2010-04-28,6750,234.2,73.0,1708.9
2010-05-04,7000,234.2,73.0,1708.9
2010-05-05,7000,234.2,73.0,1708.9
2010-05-06,7000,234.2,73.0,1708.9
2010-05-07,7000,234.2,73.0,1708.9
2010-05-10,7000,234.2,73.0,1708.9
2010-05-12,7000,234.2,73.0,1708.9
2010-05-17,7000,234.2,73.0,1708.9
2010-05-18,7000,234.2,73.0,1708.9
2010-05-20,7000,234.2,73.0,1708.9
2010-05-21,7000,234.2,73.0,1708.9
2010-05-24,7000,234.2,73.0,1708.9
2010-05-25,7000,234.2,73.0,1708.9
2010-05-26,7000,234.2,73.0,1708.9
2010-05-27,7000,234.2,73.0,1708.9
2010-05-28,7000,234.2,73.0,1708.9
2010-05-31,7000,234.2,73.0,1708.9
2010-06-01,7000,234.2,73.0,1708.9
2010-06-02,7000,234.2,73.0,1708.9
2010-06-03,7000,234.2,73.0,1708.9
2010-06-07,7000,234.2,73.0,1708.9
2010-06-08,7000,234.2,73.0,1708.9
2010-06-10,7000,234.2,73.0,1708.9
2010-06-11,7000,234.2,73.0,1708.9
2010-06-14,7000,234.2,73.0,1708.9
2010-06-15,7000,234.2,73.0,1708.9
2010-06-18,7000,234.2,73.0,1708.9
2010-06-21,7000,234.2,73.0,1708.9
2010-06-22,7000,234.2,73.0,1708.9
2010-06-25,7000,234.2,73.0,1708.9
2010-06-29,7000,234.2,73.0,1708.9
2010-07-02,7000,234.2,73.0,1708.9
2010-07-05,7000,234.2,73.0,1708.9
2010-07-12,7000,234.2,73.0,1708.9
2010-07-13,7000,234.2,73.0,1708.9
2010-07-15,7000,234.2,73.0,1708.9
2010-07-16,7000,234.2,73.0,1708.9
2010-07-20,7000,234.2,73.0,1708.9
2010-07-21,7000,234.2,73.0,1708.9
2010-07-22,7000,234.2,73.0,1708.9
2010-07-23,7000,234.2,73.0,1708.9
2010-07-26,7000,234.2,73.0,1708.9
2010-07-27,7000,234.2,73.0,1708.9
2010-07-28,7000,234.2,73.0,1708.9
2010-07-29,7000,234.2,73.0,1708.9
2010-07-30,7000,234.2,73.0,1708.9
2010-08-02,7000,234.2,73.0,1708.9
2010-08-03,7000,234.2,73.0,1708.9
2010-08-04,7000,234.2,73.0,1708.9
2010-08-05,7000,234.2,73.0,1708.9
2010-08-06,7000,234.2,73.0,1708.9
2010-08-09,7000,234.2,73.0,1708.9
2010-08-10,7000,234.2,73.0,1708.9
2010-08-11,7000,234.2,73.0,1708.9
2010-08-12,7000,234.2,73.0,1708.9
2010-08-13,7000,234.2,73.0,1708.9
2010-08-16,7000,234.2,73.0,1708.9
2010-08-17,7000,234.2,73.0,1708.9
2010-08-18,7000,234.2,73.0,1708.9
2010-08-19,7000,234.2,73.0,1708.9
2010-08-20,7000,234.2,73.0,1708.9
2010-08-23,7000,234.2,73.0,1708.9
2010-08-24,7000,234.2,73.0,1708.9
2010-08-25,7000,234.2,73.0,1708.9
2010-08-26,7000,234.2,73.0,1708.9
2010-08-27,7000,234.2,73.0,1708.9
2010-08-30,7000,234.2,73.0,1708.9
2010-08-31,7000,234.2,73.0,1708.9
2010-09-01,7000,234.2,73.0,1708.9
2010-09-07,7000,234.2,73.0,1708.9
2010-09-08,7000,234.2,73.0,1708.9
2010-09-09,7000,234.2,73.0,1708.9
2010-09-10,7000,234.2,73.0,1708.9
2010-09-11,7000,234.2,73.0,1708.9
2010-09-13,7250,234.2,73.0,1708.9
2010-09-14,7250,234.2,73.0,1708.9
2010-09-15,7250,234.2,73.0,1708.9
2010-09-16,7250,234.2,73.0,1708.9
2010-09-17,7250,234.2,73.0,1708.9
2010-09-20,7250,234.2,73.0,1708.9
2010-09-21,7250,234.2,73.0,1708.9
2010-09-22,7250,234.2,73.0,1708.9
2010-09-23,7250,234.2,73.0,1708.9
2010-09-24,7250,234.2,73.0,1708.9
2010-09-27,7250,234.2,73.0,1708.9
2010-09-28,7250,234.2,73.0,1708.9
2010-09-29,7250,234.2,73.0,1708.9
2010-09-30,7250,234.2,73.0,1708.9
2010-10-01,7250,234.2,73.0,1708.9
2010-10-04,7250,234.2,73.0,1708.9
2010-10-05,7250,234.2,73.0,1708.9
2010-10-06,7250,234.2,73.0,1708.9
2010-10-07,7250,234.2,73.0,1708.9
2010-10-11,7250,234.2,73.0,1708.9
2010-10-13,7250,234.2,73.0,1708.9
2010-10-15,7250,234.2,73.0,1708.9
2010-10-18,7750,234.2,73.0,1708.9
2010-10-19,7750,234.2,73.0,1708.9
2010-10-20,7750,234.2,73.0,1708.9
2010-10-22,7750,234.2,73.0,1708.9
2010-10-27,7750,234.2,73.0,1708.9
2010-10-28,7750,234.2,73.0,1708.9
2010-10-29,7750,234.2,73.0,1708.9
2010-11-02,7750,234.2,73.0,1708.9
2010-11-03,7750,234.2,73.0,1708.9
2010-11-05,7750,234.2,73.0,1708.9
2010-11-08,7750,234.2,73.0,1708.9
2010-11-09,7750,234.2,73.0,1708.9
2010-11-10,7750,234.2,73.0,1708.9
2010-11-11,7750,234.2,73.0,1708.9
2010-11-12,7750,234.2,73.0,1708.9
2010-11-17,9000,234.2,73.0,1708.9
2010-11-19,9000,234.2,73.0,1708.9
2010-11-22,9000,234.2,73.0,1708.9
2010-11-23,9000,234.2,73.0,1708.9
2010-11-24,9000,234.2,73.0,1708.9
2010-11-25,9000,234.2,73.0,1708.9
2010-11-26,9000,234.2,73.0,1708.9
2010-12-01,9000,234.2,73.0,1708.9
2010-12-03,9000,234.2,73.0,1708.9
2010-12-06,9500,234.2,73.0,1708.9
2010-12-07,9500,234.2,73.0,1708.9
2010-12-08,9500,234.2,73.0,1708.9
2010-12-09,9500,234.2,73.0,1708.9
2010-12-10,9500,234.2,73.0,1708.9
2010-12-13,8750,234.2,73.0,1708.9
2010-12-15,8750,234.2,73.0,1708.9
2010-12-17,8750,234.2,73.0,1708.9
2010-12-20,8750,234.2,73.0,1708.9
2010-12-21,8000,234.2,73.0,1708.9
2010-12-22,8000,234.2,73.0,1708.9
2010-12-24,7850,234.2,73.0,1708.9
2010-12-27,8000,234.2,73.0,1708.9
2010-12-28,8000,234.2,73.0,1708.9
2011-01-05,8000,235.5,75.1,1768.8
2011-01-06,8000,235.5,75.1,1768.8
2011-01-10,8250,235.5,75.1,1768.8
2011-01-11,9250,235.5,75.1,1768.8
2011-01-12,9250,235.5,75.1,1768.8
2011-01-13,9250,235.5,75.1,1768.8
2011-01-14,9250,235.5,75.1,1768.8
2011-01-18,9250,235.5,75.1,1768.8
2011-01-19,9250,235.5,75.1,1768.8
2011-01-20,9250,235.5,75.1,1768.8
2011-01-21,9000,235.5,75.1,1768.8
2011-01-24,9000,235.5,75.1,1768.8
2011-01-25,9500,235.5,75.1,1768.8
2011-01-26,9500,235.5,75.1,1768.8
2011-02-08,10000,235.5,75.1,1768.8
2011-02-09,10000,235.5,75.1,1768.8
2011-02-11,9500,235.5,75.1,1768.8
2011-02-15,9500,235.5,75.1,1768.8
2011-02-16,9500,235.5,75.1,1768.8
2011-02-17,9500,235.5,75.1,1768.8
2011-02-18,9500,235.5,75.1,1768.8
2011-02-21,9500,235.5,75.1,1768.8
2011-02-23,9500,235.5,75.1,1768.8
2011-02-25,9500,235.5,75.1,1768.8
2011-02-28,9500,235.5,75.1,1768.8
2011-03-01,9500,235.5,75.1,1768.8
2011-03-02,9500,235.5,75.1,1768.8
2011-03-03,9500,235.5,75.1,1768.8
2011-03-04,9500,235.5,75.1,1768.8
2011-03-07,9500,235.5,75.1,1768.8
2011-03-09,9500,235.5,75.1,1768.8
2011-03-11,9500,235.5,75.1,1768.8
2011-03-14,9500,235.5,75.1,1768.8
2011-03-15,9500,235.5,75.1,1768.8
2011-03-16,10000,235.5,75.1,1768.8
2011-03-17,10000,235.5,75.1,1768.8
2011-03-18,10000,235.5,75.1,1768.8
2011-03-21,10000,235.5,75.1,1768.8
2011-03-23,10000,235.5,75.1,1768.8
2011-03-24,10000,235.5,75.1,1768.8
2011-03-25,10000,235.5,75.1,1768.8
2011-03-28,10000,235.5,75.1,1768.8
2011-03-29,10000,235.5,75.1,1768.8
2011-03-30,9500,235.5,75.1,1768.8
2011-03-31,10000,235.5,75.1,1768.8
2011-04-01,9750,235.5,75.1,1768.8
2011-04-04,10000,235.5,75.1,1768.8
2011-04-05,10000,235.5,75.1,1768.8
2011-04-06,10000,235.5,75.1,1768.8
2011-04-07,10000,235.5,75.1,1768.8
2011-04-08,10000,235.5,75.1,1768.8
2011-04-09,10100,235.5,75.1,1768.8
2011-04-13,10100,235.5,75.1,1768.8
2011-04-14,10100,235.5,75.1,1768.8
2011-04-15,10100,235.5,75.1,1768.8
2011-04-18,10100,235.5,75.1,1768.8
2011-04-19,10000,235.5,75.1,1768.8
2011-04-20,10000,235.5,75.1,1768.8
2011-04-21,10000,235.5,75.1,1768.8
2011-04-22,10000,235.5,75.1,1768.8
2011-04-25,10250,235.5,75.1,1768.8
2011-04-26,10800,235.5,75.1,1768.8
2011-04-27,11000,235.5,75.1,1768.8
2011-04-28,11000,235.5,75.1,1768.8
2011-04-29,11000,235.5,75.1,1768.8
2011-05-04,11000,235.5,75.1,1768.8
2011-05-05,11000,235.5,75.1,1768.8
2011-05-09,11000,235.5,75.1,1768.8
2011-05-10,11000,235.5,75.1,1768.8
2011-05-11,11000,235.5,75.1,1768.8
2011-05-12,11000,235.5,75.1,1768.8
2011-05-13,11000,235.5,75.1,1768.8
2011-05-18,11000,235.5,75.1,1768.8
2011-05-19,11000,235.5,75.1,1768.8
2011-05-20,11000,235.5,75.1,1768.8
2011-05-23,11000,235.5,75.1,1768.8
2011-05-24,11000,235.5,75.1,1768.8
2011-05-26,11000,235.5,75.1,1768.8
2011-05-27,10500,235.5,75.1,1768.8
2011-05-30,10500,235.5,75.1,1768.8
2011-05-31,10500,235.5,75.1,1768.8
2011-06-01,10500,235.5,75.1,1768.8
2011-06-02,10500,235.5,75.1,1768.8
2011-06-03,10500,235.5,75.1,1768.8
2011-06-06,10500,235.5,75.1,1768.8
2011-06-07,10500,235.5,75.1,1768.8
2011-06-08,10000,235.5,75.1,1768.8
2011-06-09,10000,235.5,75.1,1768.8
2011-06-10,10000,235.5,75.1,1768.8
2011-06-13,10000,235.5,75.1,1768.8
2011-06-14,10000,235.5,75.1,1768.8
2011-06-15,10000,235.5,75.1,1768.8
2011-06-16,10000,235.5,75.1,1768.8
2011-06-17,10000,235.5,75.1,1768.8
2011-06-20,10000,235.5,75.1,1768.8
2011-06-21,10000,235.5,75.1,1768.8
2011-06-22,10000,235.5,75.1,1768.8
2011-06-23,10000,235.5,75.1,1768.8
2011-06-24,10000,235.5,75.1,1768.8
2011-06-27,10000,235.5,75.1,1768.8
2011-06-28,10000,235.5,75.1,1768.8
2011-06-29,10000,235.5,75.1,1768.8
2011-07-01,10000,235.5,75.1,1768.8
2011-07-04,10000,235.5,75.1,1768.8
2011-07-05,10000,235.5,75.1,1768.8
2011-07-06,10000,235.5,75.1,1768.8
2011-07-07,10000,235.5,75.1,1768.8
2011-07-08,10000,235.5,75.1,1768.8
2011-07-11,10000,235.5,75.1,1768.8
2011-07-13,10000,235.5,75.1,1768.8
2011-07-14,10000,235.5,75.1,1768.8
2011-07-15,10000,235.5,75.1,1768.8
2011-07-18,10000,235.5,75.1,1768.8
2011-07-19,10000,235.5,75.1,1768.8
2011-07-21,10000,235.5,75.1,1768.8
2011-07-22,10000,235.5,75.1,1768.8
2011-07-25,10000,235.5,75.1,1768.8
2011-07-26,10500,235.5,75.1,1768.8
2011-07-27,10500,235.5,75.1,1768.8
2011-07-28,10500,235.5,75.1,1768.8
2011-07-29,10500,235.5,75.1,1768.8
2011-08-01,11000,235.5,75.1,1768.8
2011-08-02,11000,235.5,75.1,1768.8
2011-08-03,11000,235.5,75.1,1768.8
2011-08-04,10500,235.5,75.1,1768.8
2011-08-08,10500,235.5,75.1,1768.8
2011-08-09,10500,235.5,75.1,1768.8
2011-08-10,10500,235.5,75.1,1768.8
2011-08-11,11000,235.5,75.1,1768.8
2011-08-12,11000,235.5,75.1,1768.8
2011-08-15,11000,235.5,75.1,1768.8
2011-08-16,11000,235.5,75.1,1768.8
2011-08-17,11000,235.5,75.1,1768.8
2011-08-18,11000,235.5,75.1,1768.8
2011-08-19,11000,235.5,75.1,1768.8
2011-08-22,11000,235.5,75.1,1768.8
2011-08-23,11000,235.5,75.1,1768.8
2011-08-24,11000,235.5,75.1,1768.8
2011-08-25,11000,235.5,75.1,1768.8
2011-08-29,11000,235.5,75.1,1768.8
2011-08-30,11000,235.5,75.1,1768.8
2011-08-31,11000,235.5,75.1,1768.8
2011-09-01,10500,235.5,75.1,1768.8
2011-09-05,10500,235.5,75.1,1768.8
2011-09-06,10500,235.5,75.1,1768.8
2011-09-07,10500,235.5,75.1,1768.8
2011-09-08,10500,235.5,75.1,1768.8
2011-09-09,10500,235.5,75.1,1768.8
2011-09-12,10500,235.5,75.1,1768.8
2011-09-13,10500,235.5,75.1,1768.8
2011-09-14,10800,235.5,75.1,1768.8
2011-09-15,10800,235.5,75.1,1768.8
2011-09-16,11000,235.5,75.1,1768.8
2011-09-19,11000,235.5,75.1,1768.8
2011-09-20,11000,235.5,75.1,1768.8
2011-09-21,11000,235.5,75.1,1768.8
2011-09-22,11000,235.5,75.1,1768.8
2011-09-23,11000,235.5,75.1,1768.8
2011-09-26,11000,235.5,75.1,1768.8
2011-09-27,11000,235.5,75.1,1768.8
2011-09-28,11000,235.5,75.1,1768.8
2011-09-29,11000,235.5,75.1,1768.8
2011-09-30,11000,235.5,75.1,1768.8
2011-10-03,11000,235.5,75.1,1768.8
2011-10-04,11000,235.5,75.1,1768.8
2011-10-06,11000,235.5,75.1,1768.8
2011-10-07,11500,235.5,75.1,1768.8
2011-10-10,11500,235.5,75.1,1768.8
2011-10-11,11500,235.5,75.1,1768.8
2011-10-12,11500,235.5,75.1,1768.8
2011-10-13,11500,235.5,75.1,1768.8
2011-10-17,11500,235.5,75.1,1768.8
2011-10-18,11500,235.5,75.1,1768.8
2011-10-19,11500,235.5,75.1,1768.8
2011-10-20,11500,235.5,75.1,1768.8
2011-10-21,11500,235.5,75.1,1768.8
2011-10-24,11500,235.5,75.1,1768.8
2011-10-25,11500,235.5,75.1,1768.8
2011-10-26,11500,235.5,75.1,1768.8
2011-10-27,11500,235.5,75.1,1768.8
2011-10-28,12500,235.5,75.1,1768.8
2011-10-31,12500,235.5,75.1,1768.8
2011-11-01,12500,235.5,75.1,1768.8
2011-11-02,12500,235.5,75.1,1768.8
2011-11-04,12500,235.5,75.1,1768.8
2011-11-07,12500,235.5,75.1,1768.8
2011-11-08,12500,235.5,75.1,1768.8
2011-11-09,12500,235.5,75.1,1768.8
2011-11-10,12000,235.5,75.1,1768.8
2011-11-11,12000,235.5,75.1,1768.8
2011-11-15,12000,235.5,75.1,1768.8
2011-11-16,12000,235.5,75.1,1768.8
2011-11-17,12000,235.5,75.1,1768.8
2011-11-18,12000,235.5,75.1,1768.8
2011-11-21,12000,235.5,75.1,1768.8
2011-11-22,12000,235.5,75.1,1768.8
2011-11-23,12000,235.5,75.1,1768.8
2011-11-24,12000,235.5,75.1,1768.8
2011-11-25,12100,235.5,75.1,1768.8
2011-11-28,12100,235.5,75.1,1768.8
2011-11-29,12100,235.5,75.1,1768.8
2011-11-30,12000,235.5,75.1,1768.8
2011-12-01,12000,235.5,75.1,1768.8
2011-12-02,12000,235.5,75.1,1768.8
2011-12-05,12000,235.5,75.1,1768.8
2011-12-06,11500,235.5,75.1,1768.8
2011-12-07,11000,235.5,75.1,1768.8
2011-12-08,11000,235.5,75.1,1768.8
2011-12-09,11000,235.5,75.1,1768.8
2011-12-12,11000,235.5,75.1,1768.8
2011-12-13,11000,235.5,75.1,1768.8
2011-12-14,11000,235.5,75.1,1768.8
2011-12-15,11000,235.5,75.1,1768.8
2011-12-16,11000,235.5,75.1,1768.8
2011-12-19,11000,235.5,75.1,1768.8
2011-12-20,11500,235.5,75.1,1768.8
2011-12-21,11000,235.5,75.1,1768.8
2011-12-22,11000,235.5,75.1,1768.8
2011-12-23,11000,235.5,75.1,1768.8
2011-12-26,11000,235.5,75.1,1768.8
2011-12-27,11000,235.5,75.1,1768.8
2011-12-28,11000,235.5,75.1,1768.8
2011-12-29,11000,235.5,75.1,1768.8
2011-12-30,11000,235.5,75.1,1768.8
2012-01-03,11000,235.9,74.0,1746.1
2012-01-04,11000,235.9,74.0,1746.1
2012-01-05,11000,235.9,74.0,1746.1
2012-01-16,11000,235.9,74.0,1746.1
2012-01-17,11000,235.9,74.0,1746.1
2012-01-31,11000,235.9,74.0,1746.1
2012-02-01,11000,235.9,74.0,1746.1
2012-02-02,11000,235.9,74.0,1746.1
2012-02-04,11000,235.9,74.0,1746.1
2012-02-06,11000,235.9,74.0,1746.1
2012-02-07,11000,235.9,74.0,1746.1
2012-02-08,11000,235.9,74.0,1746.1
2012-02-09,11000,235.9,74.0,1746.1
2012-02-10,11000,235.9,74.0,1746.1
2012-02-13,11000,235.9,74.0,1746.1
2012-02-14,11000,235.9,74.0,1746.1
2012-02-15,11000,235.9,74.0,1746.1
2012-02-16,11000,235.9,74.0,1746.1
2012-02-17,11000,235.9,74.0,1746.1
2012-02-20,11000,235.9,74.0,1746.1
2012-02-21,11000,235.9,74.0,1746.1
2012-02-22,11500,235.9,74.0,1746.1
2012-02-23,11500,235.9,74.0,1746.1
2012-02-24,11500,235.9,74.0,1746.1
2012-02-27,11500,235.9,74.0,1746.1
2012-02-28,11500,235.9,74.0,1746.1
2012-03-02,11500,235.9,74.0,1746.1
2012-03-05,11500,235.9,74.0,1746.1
2012-03-07,11500,235.9,74.0,1746.1
2012-03-08,11500,235.9,74.0,1746.1
2012-03-09,11000,235.9,74.0,1746.1
2012-03-12,11000,235.9,74.0,1746.1
2012-03-13,11000,235.9,74.0,1746.1
2012-03-14,11000,235.9,74.0,1746.1
2012-03-15,11000,235.9,74.0,1746.1
2012-03-16,11000,235.9,74.0,1746.1
2012-03-19,11000,235.9,74.0,1746.1
2012-03-20,11000,235.9,74.0,1746.1
2012-03-21,11000,235.9,74.0,1746.1
2012-03-22,11000,235.9,74.0,1746.1
2012-03-23,11000,235.9,74.0,1746.1
2012-03-28,11000,235.9,74.0,1746.1
2012-03-30,11000,235.9,74.0,1746.1
2012-04-04,11000,235.9,74.0,1746.1
2012-04-05,11000,235.9,74.0,1746.1
2012-04-06,11000,235.9,74.0,1746.1
2012-04-09,11000,235.9,74.0,1746.1
2012-04-10,11000,235.9,74.0,1746.1
2012-04-11,11000,235.9,74.0,1746.1
2012-04-12,11000,235.9,74.0,1746.1
2012-04-13,11000,235.9,74.0,1746.1
2012-04-16,11000,235.9,74.0,1746.1
2012-04-17,11000,235.9,74.0,1746.1
2012-04-18,11000,235.9,74.0,1746.1
2012-04-19,11000,235.9,74.0,1746.1
2012-04-20,11000,235.9,74.0,1746.1
2012-04-23,11000,235.9,74.0,1746.1
2012-04-24,11000,235.9,74.0,1746.1
2012-04-25,11000,235.9,74.0,1746.1
2012-04-26,11000,235.9,74.0,1746.1
2012-04-27,11000,235.9,74.0,1746.1
2012-05-02,11000,235.9,74.0,1746.1
2012-05-03,11000,235.9,74.0,1746.1
2012-05-04,11000,235.9,74.0,1746.1
2012-05-07,11000,235.9,74.0,1746.1
2012-05-08,11000,235.9,74.0,1746.1
2012-05-09,11000,235.9,74.0,1746.1
2012-05-10,11000,235.9,74.0,1746.1
2012-05-11,11000,235.9,74.0,1746.1
2012-05-14,11000,235.9,74.0,1746.1
2012-05-15,11000,235.9,74.0,1746.1
2012-05-16,11000,235.9,74.0,1746.1
2012-05-17,11000,235.9,74.0,1746.1
2012-05-18,11000,235.9,74.0,1746.1
2012-05-21,11000,235.9,74.0,1746.1
2012-05-23,11000,235.9,74.0,1746.1
2012-05-25,11000,235.9,74.0,1746.1
2012-05-28,11000,235.9,74.0,1746.1
2012-06-05,11000,235.9,74.0,1746.1
2012-06-07,11000,235.9,74.0,1746.1
2012-06-08,11000,235.9,74.0,1746.1
2012-06-12,11000,235.9,74.0,1746.1
2012-06-13,11000,235.9,74.0,1746.1
2012-06-14,11000,235.9,74.0,1746.1
2012-06-15,11000,235.9,74.0,1746.1
2012-06-18,11000,235.9,74.0,1746.1
2012-06-20,11000,235.9,74.0,1746.1
2012-06-21,11000,235.9,74.0,1746.1
2012-06-22,11000,235.9,74.0,1746.1
2012-06-25,11000,235.9,74.0,1746.1
2012-06-26,11000,235.9,74.0,1746.1
2012-06-28,11000,235.9,74.0,1746.1
2012-07-02,11000,235.9,74.0,1746.1
2012-07-04,11000,235.9,74.0,1746.1
2012-07-05,11000,235.9,74.0,1746.1
2012-07-06,11000,235.9,74.0,1746.1
2012-07-09,11000,235.9,74.0,1746.1
2012-07-11,11000,235.9,74.0,1746.1
2012-07-12,11000,235.9,74.0,1746.1
2012-07-16,11000,235.9,74.0,1746.1
2012-07-17,11000,235.9,74.0,1746.1
2012-07-18,11000,235.9,74.0,1746.1
2012-07-19,11000,235.9,74.0,1746.1
2012-07-20,11000,235.9,74.0,1746.1
2012-07-23,11000,235.9,74.0,1746.1
2012-07-24,11000,235.9,74.0,1746.1
2012-07-25,11000,235.9,74.0,1746.1
2012-07-26,11000,235.9,74.0,1746.1
2012-07-27,11000,235.9,74.0,1746.1
2012-07-30,11000,235.9,74.0,1746.1
2012-07-31,11000,235.9,74.0,1746.1
2012-08-01,11000,235.9,74.0,1746.1
2012-08-02,11000,235.9,74.0,1746.1
2012-08-03,11000,235.9,74.0,1746.1
2012-08-06,11000,235.9,74.0,1746.1
2012-08-07,11000,235.9,74.0,1746.1
2012-08-08,11000,235.9,74.0,1746.1
2012-08-09,11000,235.9,74.0,1746.1
2012-08-10,11000,235.9,74.0,1746.1
2012-08-13,11000,235.9,74.0,1746.1
2012-08-14,11000,235.9,74.0,1746.1
2012-08-15,11000,235.9,74.0,1746.1
2012-08-16,11000,235.9,74.0,1746.1
2012-08-17,11000,235.9,74.0,1746.1
2012-08-20,11000,235.9,74.0,1746.1
2012-08-21,11000,235.9,74.0,1746.1
2012-08-22,11000,235.9,74.0,1746.1
2012-08-23,11000,235.9,74.0,1746.1
2012-08-27,11000,235.9,74.0,1746.1
2012-08-28,11000,235.9,74.0,1746.1
2012-09-04,11000,235.9,74.0,1746.1
2012-09-05,11000,235.9,74.0,1746.1
2012-09-07,11000,235.9,74.0,1746.1
2012-09-10,11000,235.9,74.0,1746.1
2012-09-11,11000,235.9,74.0,1746.1
2012-09-12,11000,235.9,74.0,1746.1
2012-09-13,11000,235.9,74.0,1746.1
2012-09-14,11000,235.9,74.0,1746.1
2012-09-17,11000,235.9,74.0,1746.1
2012-09-20,11000,235.9,74.0,1746.1
2012-09-24,13000,235.9,74.0,1746.1
2012-09-26,11000,235.9,74.0,1746.1
2012-09-28,11000,235.9,74.0,1746.1
2012-10-01,10500,235.9,74.0,1746.1
2012-10-02,10500,235.9,74.0,1746.1
2012-10-03,10500,235.9,74.0,1746.1
2012-10-05,10500,235.9,74.0,1746.1
2012-10-09,10500,235.9,74.0,1746.1
2012-10-10,10500,235.9,74.0,1746.1
2012-10-11,10500,235.9,74.0,1746.1
2012-10-12,10500,235.9,74.0,1746.1
2012-10-16,10500,235.9,74.0,1746.1
2012-10-17,10500,235.9,74.0,1746.1
2012-10-18,10500,235.9,74.0,1746.1
2012-10-19,10500,235.9,74.0,1746.1
2012-10-22,10500,235.9,74.0,1746.1
2012-10-24,10500,235.9,74.0,1746.1
2012-10-26,10500,235.9,74.0,1746.1
2012-10-29,10500,235.9,74.0,1746.1
2012-10-30,10500,235.9,74.0,1746.1
2012-10-31,10500,235.9,74.0,1746.1
2012-11-01,10500,235.9,74.0,1746.1
2012-11-02,10500,235.9,74.0,1746.1
2012-11-05,10500,235.9,74.0,1746.1
2012-11-06,10500,235.9,74.0,1746.1
2012-11-07,10500,235.9,74.0,1746.1
2012-11-09,10500,235.9,74.0,1746.1
2012-11-12,10500,235.9,74.0,1746.1
2012-11-13,10500,235.9,74.0,1746.1
2012-11-14,10500,235.9,74.0,1746.1
2012-11-15,10500,235.9,74.0,1746.1
2012-11-19,10500,235.9,74.0,1746.1
2012-11-21,10500,235.9,74.0,1746.1
2012-11-22,10500,235.9,74.0,1746.1
2012-11-23,10500,235.9,74.0,1746.1
2012-11-26,10500,235.9,74.0,1746.1
2012-11-27,10500,235.9,74.0,1746.1
2012-11-28,10500,235.9,74.0,1746.1
2012-11-29,10500,235.9,74.0,1746.1
2012-11-30,10500,235.9,74.0,1746.1
2012-12-03,10500,235.9,74.0,1746.1
2012-12-04,10500,235.9,74.0,1746.1
2012-12-05,10500,235.9,74.0,1746.1
2012-12-06,10500,235.9,74.0,1746.1
2012-12-07,10500,235.9,74.0,1746.1
2012-12-10,10500,235.9,74.0,1746.1
2012-12-11,10500,235.9,74.0,1746.1
2012-12-12,10500,235.9,74.0,1746.1
2012-12-13,10500,235.9,74.0,1746.1
2012-12-14,10500,235.9,74.0,1746.1
2012-12-17,10500,235.9,74.0,1746.1
2012-12-18,10500,235.9,74.0,1746.1
2012-12-19,10500,235.9,74.0,1746.1
2012-12-20,11000,235.9,74.0,1746.1
2012-12-21,10500,235.9,74.0,1746.1
2012-12-24,10500,235.9,74.0,1746.1
2012-12-25,10500,235.9,74.0,1746.1
2012-12-26,10500,235.9,74.0,1746.1
2012-12-27,10500,235.9,74.0,1746.1
2012-12-28,11000,235.9,74.0,1746.1
2013-01-02,11000,238.1,73.5,1749.4
2013-01-03,11000,238.1,73.5,1749.4
2013-01-04,11000,238.1,73.5,1749.4
2013-01-05,11000,238.1,73.5,1749.4
2013-01-07,11000,238.1,73.5,1749.4
2013-01-08,11000,238.1,73.5,1749.4
2013-01-09,11000,238.1,73.5,1749.4
2013-01-10,10500,238.1,73.5,1749.4
2013-01-11,10500,238.1,73.5,1749.4
2013-01-14,10500,238.1,73.5,1749.4
2013-01-15,10500,238.1,73.5,1749.4
2013-01-16,10500,238.1,73.5,1749.4
2013-01-21,10500,238.1,73.5,1749.4
2013-01-25,10500,238.1,73.5,1749.4
2013-01-29,10500,238.1,73.5,1749.4
2013-01-31,10500,238.1,73.5,1749.4
2013-02-04,10500,238.1,73.5,1749.4
2013-02-06,10500,238.1,73.5,1749.4
2013-02-18,11000,238.1,73.5,1749.4
2013-02-19,11000,238.1,73.5,1749.4
2013-02-20,10500,238.1,73.5,1749.4
2013-02-21,10500,238.1,73.5,1749.4
2013-02-22,10500,238.1,73.5,1749.4
2013-02-23,10500,238.1,73.5,1749.4
2013-02-25,10500,238.1,73.5,1749.4
2013-02-26,10500,238.1,73.5,1749.4
2013-02-27,10500,238.1,73.5,1749.4
2013-02-28,10500,238.1,73.5,1749.4
2013-03-01,10500,238.1,73.5,1749.4
2013-03-04,10500,238.1,73.5,1749.4
2013-03-08,10500,238.1,73.5,1749.4
2013-03-11,10500,238.1,73.5,1749.4
2013-03-12,10500,238.1,73.5,1749.4
2013-03-13,10500,238.1,73.5,1749.4
2013-03-14,10500,238.1,73.5,1749.4
2013-03-15,10500,238.1,73.5,1749.4
2013-03-21,10500,238.1,73.5,1749.4
2013-03-22,10500,238.1,73.5,1749.4
2013-03-25,10500,238.1,73.5,1749.4
2013-03-26,10500,238.1,73.5,1749.4
2013-03-27,10500,238.1,73.5,1749.4
2013-03-28,10500,238.1,73.5,1749.4
2013-03-29,10500,238.1,73.5,1749.4
2013-04-01,10500,238.1,73.5,1749.4
2013-04-02,10500,238.1,73.5,1749.4
2013-04-03,10500,238.1,73.5,1749.4
2013-04-05,10500,238.1,73.5,1749.4
2013-04-08,10500,238.1,73.5,1749.4
2013-04-09,10500,238.1,73.5,1749.4
2013-04-10,10500,238.1,73.5,1749.4
2013-04-12,10500,238.1,73.5,1749.4
2013-04-15,10500,238.1,73.5,1749.4
2013-04-16,10500,238.1,73.5,1749.4
2013-04-17,10500,238.1,73.5,1749.4
2013-04-18,10500,238.1,73.5,1749.4
2013-04-23,10500,238.1,73.5,1749.4
2013-04-24,10500,238.1,73.5,1749.4
2013-04-25,10500,238.1,73.5,1749.4
2013-04-26,10500,238.1,73.5,1749.4
2013-05-02,10500,238.1,73.5,1749.4
2013-05-03,10500,238.1,73.5,1749.4
2013-05-04,10500,238.1,73.5,1749.4
2013-05-06,10500,238.1,73.5,1749.4
2013-05-07,10500,238.1,73.5,1749.4
2013-05-08,10500,238.1,73.5,1749.4
2013-05-09,10500,238.1,73.5,1749.4
2013-05-13,10500,238.1,73.5,1749.4
2013-05-14,10500,238.1,73.5,1749.4
2013-05-15,10500,238.1,73.5,1749.4
2013-05-16,10500,238.1,73.5,1749.4
2013-05-17,10500,238.1,73.5,1749.4
2013-05-21,10500,238.1,73.5,1749.4
2013-05-22,10500,238.1,73.5,1749.4
2013-05-23,10500,238.1,73.5,1749.4
2013-05-24,10500,238.1,73.5,1749.4
2013-05-27,10500,238.1,73.5,1749.4
2013-05-28,10500,238.1,73.5,1749.4
2013-05-29,10500,238.1,73.5,1749.4
2013-05-30,10500,238.1,73.5,1749.4
2013-05-31,10500,238.1,73.5,1749.4
2013-06-03,10500,238.1,73.5,1749.4
2013-06-04,10500,238.1,73.5,1749.4
2013-06-05,10500,238.1,73.5,1749.4
2013-06-06,10500,238.1,73.5,1749.4
2013-06-07,10500,238.1,73.5,1749.4
2013-06-10,10000,238.1,73.5,1749.4
2013-06-11,10000,238.1,73.5,1749.4
2013-06-12,10000,238.1,73.5,1749.4
2013-06-13,10000,238.1,73.5,1749.4
2013-06-14,10500,238.1,73.5,1749.4
2013-06-17,10500,238.1,73.5,1749.4
2013-06-18,10500,238.1,73.5,1749.4
2013-06-19,10500,238.1,73.5,1749.4
2013-06-20,10500,238.1,73.5,1749.4
2013-06-21,10500,238.1,73.5,1749.4
2013-06-24,10500,238.1,73.5,1749.4
2013-06-25,10500,238.1,73.5,1749.4
2013-06-26,10500,238.1,73.5,1749.4
2013-07-24,10000,238.1,73.5,1749.4
2013-07-26,10000,238.1,73.5,1749.4
2013-07-29,10000,238.1,73.5,1749.4
2013-07-30,10000,238.1,73.5,1749.4
2013-07-31,10000,238.1,73.5,1749.4
2013-08-01,10000,238.1,73.5,1749.4
2013-08-02,10000,238.1,73.5,1749.4
2013-08-05,10500,238.1,73.5,1749.4
2013-08-06,10500,238.1,73.5,1749.4
2013-08-07,10500,238.1,73.5,1749.4
2013-08-08,10500,238.1,73.5,1749.4
2013-08-09,10500,238.1,73.5,1749.4
2013-08-12,10500,238.1,73.5,1749.4
2013-08-13,10500,238.1,73.5,1749.4
2013-08-14,10500,238.1,73.5,1749.4
2013-08-16,10500,238.1,73.5,1749.4
2013-08-19,10500,238.1,73.5,1749.4
2013-08-20,10500,238.1,73.5,1749.4
2013-08-21,10500,238.1,73.5,1749.4
2013-08-22,10500,238.1,73.5,1749.4
2013-08-23,10500,238.1,73.5,1749.4
2013-08-26,10500,238.1,73.5,1749.4
2013-08-27,10500,238.1,73.5,1749.4
2013-08-29,10500,238.1,73.5,1749.4
2013-09-04,10500,238.1,73.5,1749.4
2013-09-05,10500,238.1,73.5,1749.4
2013-09-06,10500,238.1,73.5,1749.4
2013-09-09,10500,238.1,73.5,1749.4
2013-09-10,10500,238.1,73.5,1749.4
2013-09-12,10500,238.1,73.5,1749.4
2013-09-16,10500,238.1,73.5,1749.4
2013-09-19,10200,238.1,73.5,1749.4
2013-09-23,10200,238.1,73.5,1749.4
2013-09-24,10200,238.1,73.5,1749.4
2013-09-25,10200,238.1,73.5,1749.4
2013-09-26,10200,238.1,73.5,1749.4
2013-09-27,10200,238.1,73.5,1749.4
2013-09-30,10200,238.1,73.5,1749.4
2013-10-01,10200,238.1,73.5,1749.4
2013-10-02,10200,238.1,73.5,1749.4
2013-10-03,10200,238.1,73.5,1749.4
2013-10-04,10200,238.1,73.5,1749.4
2013-10-07,10200,238.1,73.5,1749.4
2013-10-08,10200,238.1,73.5,1749.4
2013-10-09,10200,238.1,73.5,1749.4
2013-10-10,10200,238.1,73.5,1749.4
2013-10-11,10200,238.1,73.5,1749.4
2013-10-15,10200,238.1,73.5,1749.4
2013-10-16,10200,238.1,73.5,1749.4
2013-10-17,10200,238.1,73.5,1749.4
2013-10-18,10200,238.1,73.5,1749.4
2013-10-21,10200,238.1,73.5,1749.4
2013-10-22,10200,238.1,73.5,1749.4
2013-10-25,10200,238.1,73.5,1749.4
2013-10-28,10500,238.1,73.5,1749.4
2013-10-30,10500,238.1,73.5,1749.4
2013-10-31,10500,238.1,73.5,1749.4
2013-11-01,10500,238.1,73.5,1749.4
2013-11-04,10500,238.1,73.5,1749.4
2013-11-05,10500,238.1,73.5,1749.4
2013-11-06,10500,238.1,73.5,1749.4
2013-11-07,10500,238.1,73.5,1749.4
2013-11-11,10500,238.1,73.5,1749.4
2013-11-12,10600,238.1,73.5,1749.4
2013-11-13,10600,238.1,73.5,1749.4
2013-11-14,10600,238.1,73.5,1749.4
2013-11-15,10600,238.1,73.5,1749.4
2013-11-18,10600,238.1,73.5,1749.4
2013-11-19,10600,238.1,73.5,1749.4
2013-11-20,10600,238.1,73.5,1749.4
2013-11-21,10600,238.1,73.5,1749.4
2013-11-22,10600,238.1,73.5,1749.4
2013-11-25,10600,238.1,73.5,1749.4
2013-11-26,10600,238.1,73.5,1749.4
2013-11-27,10600,238.1,73.5,1749.4
2013-11-28,10600,238.1,73.5,1749.4
2013-11-29,10600,238.1,73.5,1749.4
2013-12-02,10600,238.1,73.5,1749.4
2013-12-03,10600,238.1,73.5,1749.4
2013-12-05,10600,238.1,73.5,1749.4
2013-12-06,10600,238.1,73.5,1749.4
2014-01-03,10600,237.5,77.4,1837.2
2014-01-06,10600,237.5,77.4,1837.2
2014-01-07,10600,237.5,77.4,1837.2
2014-01-08,10600,237.5,77.4,1837.2
2014-01-09,10600,237.5,77.4,1837.2
2014-01-10,10600,237.5,77.4,1837.2
2014-01-13,10600,237.5,77.4,1837.2
2014-01-14,10600,237.5,77.4,1837.2
2014-01-15,10600,237.5,77.4,1837.2
2014-01-17,10600,237.5,77.4,1837.2
2014-01-20,10600,237.5,77.4,1837.2
2014-01-21,10600,237.5,77.4,1837.2
2014-01-22,10600,237.5,77.4,1837.2
2014-02-07,10500,237.5,77.4,1837.2
2014-02-08,10500,237.5,77.4,1837.2
2014-02-10,10500,237.5,77.4,1837.2
2014-02-11,10500,237.5,77.4,1837.2
2014-02-12,10500,237.5,77.4,1837.2
2014-02-13,10500,237.5,77.4,1837.2
2014-02-14,10500,237.5,77.4,1837.2
2014-02-17,10500,237.5,77.4,1837.2
2014-02-18,10500,237.5,77.4,1837.2
2014-02-19,10500,237.5,77.4,1837.2
2014-02-20,10500,237.5,77.4,1837.2
2014-02-21,10500,237.5,77.4,1837.2
2014-02-25,10500,237.5,77.4,1837.2
2014-02-26,10500,237.5,77.4,1837.2
2014-02-27,10500,237.5,77.4,1837.2
2014-03-02,10500,237.5,77.4,1837.2
2014-03-03,10500,237.5,77.4,1837.2
2014-03-04,10500,237.5,77.4,1837.2
2014-03-05,10500,237.5,77.4,1837.2
2014-03-06,10500,237.5,77.4,1837.2
2014-03-07,10500,237.5,77.4,1837.2
2014-03-10,10500,237.5,77.4,1837.2
2014-03-12,10500,237.5,77.4,1837.2
2014-03-13,10500,237.5,77.4,1837.2
2014-03-17,10500,237.5,77.4,1837.2
2014-03-18,10500,237.5,77.4,1837.2
2014-03-19,10500,237.5,77.4,1837.2
2014-03-20,10500,237.5,77.4,1837.2
2014-03-21,10500,237.5,77.4,1837.2
2014-03-24,10500,237.5,77.4,1837.2
2014-03-25,10500,237.5,77.4,1837.2
2014-03-27,10500,237.5,77.4,1837.2
2014-03-28,10500,237.5,77.4,1837.2
2014-03-31,10500,237.5,77.4,1837.2
2014-04-01,10500,237.5,77.4,1837.2
2014-04-02,10500,237.5,77.4,1837.2
2014-04-03,10500,237.5,77.4,1837.2
2014-04-04,10500,237.5,77.4,1837.2
2014-04-07,10500,237.5,77.4,1837.2
2014-04-10,10500,237.5,77.4,1837.2
2014-04-11,10500,237.5,77.4,1837.2
2014-04-14,10500,237.5,77.4,1837.2
2014-04-15,10500,237.5,77.4,1837.2
2014-04-16,10500,237.5,77.4,1837.2
2014-04-17,10500,237.5,77.4,1837.2
2014-04-21,10500,237.5,77.4,1837.2
2014-04-23,10500,237.5,77.4,1837.2
2014-04-24,10500,237.5,77.4,1837.2
2014-04-26,10500,237.5,77.4,1837.2
2014-05-05,10500,237.5,77.4,1837.2
2014-05-06,10500,237.5,77.4,1837.2
2014-05-07,10500,237.5,77.4,1837.2
2014-05-08,10500,237.5,77.4,1837.2
2014-05-09,10500,237.5,77.4,1837.2
2014-05-12,10500,237.5,77.4,1837.2
2014-05-13,10500,237.5,77.4,1837.2
2014-05-14,10500,237.5,77.4,1837.2
2014-05-15,10500,237.5,77.4,1837.2
2014-05-19,10500,237.5,77.4,1837.2
2014-05-20,10500,237.5,77.4,1837.2
2014-05-21,10500,237.5,77.4,1837.2
2014-05-23,10500,237.5,77.4,1837.2
2014-05-26,10500,237.5,77.4,1837.2
2014-05-27,10500,237.5,77.4,1837.2
2014-05-28,10500,237.5,77.4,1837.2
2014-05-30,10500,237.5,77.4,1837.2
2014-06-02,10500,237.5,77.4,1837.2
2014-06-05,10000,237.5,77.4,1837.2
2014-06-06,10000,237.5,77.4,1837.2
2014-06-09,10000,237.5,77.4,1837.2
2014-06-10,10000,237.5,77.4,1837.2
2014-06-11,10000,237.5,77.4,1837.2
2014-06-17,10000,237.5,77.4,1837.2
2014-06-19,10000,237.5,77.4,1837.2
2014-06-20,10000,237.5,77.4,1837.2
2014-06-23,10000,237.5,77.4,1837.2
2014-06-24,10000,237.5,77.4,1837.2
2014-06-25,10000,237.5,77.4,1837.2
2014-06-26,10000,237.5,77.4,1837.2
2014-07-01,10000,237.5,77.4,1837.2
2014-07-14,10000,237.5,77.4,1837.2
2014-07-15,10000,237.5,77.4,1837.2
2014-07-16,10000,237.5,77.4,1837.2
2014-07-21,10000,237.5,77.4,1837.2
2014-07-22,10000,237.5,77.4,1837.2
2014-07-23,10000,237.5,77.4,1837.2
2014-07-28,10000,237.5,77.4,1837.2
2014-07-29,10000,237.5,77.4,1837.2
2014-07-30,10000,237.5,77.4,1837.2
2014-07-31,10800,237.5,77.4,1837.2
2014-08-01,10800,237.5,77.4,1837.2
2014-08-04,10800,237.5,77.4,1837.2
2014-08-05,10800,237.5,77.4,1837.2
2014-08-07,10800,237.5,77.4,1837.2
2014-08-08,10800,237.5,77.4,1837.2
2014-08-11,10800,237.5,77.4,1837.2
2014-08-13,10500,237.5,77.4,1837.2
2014-08-14,10500,237.5,77.4,1837.2
2014-08-15,10500,237.5,77.4,1837.2
2014-08-18,10500,237.5,77.4,1837.2
2014-08-19,10500,237.5,77.4,1837.2
2014-08-20,10500,237.5,77.4,1837.2
2014-08-21,10500,237.5,77.4,1837.2
2014-08-22,10500,237.5,77.4,1837.2
2014-08-25,10500,237.5,77.4,1837.2
2014-08-27,10500,237.5,77.4,1837.2
2014-08-29,10500,237.5,77.4,1837.2
2014-09-03,10500,237.5,77.4,1837.2
2014-09-04,10500,237.5,77.4,1837.2
2014-09-05,10500,237.5,77.4,1837.2
2014-09-09,10500,237.5,77.4,1837.2
2014-09-11,10500,237.5,77.4,1837.2
2014-09-12,10500,237.5,77.4,1837.2
2014-09-15,10500,237.5,77.4,1837.2
2014-09-16,10500,237.5,77.4,1837.2
2014-09-17,10500,237.5,77.4,1837.2
2014-09-19,10500,237.5,77.4,1837.2
2014-09-22,10500,237.5,77.4,1837.2
2014-09-23,10500,237.5,77.4,1837.2
2014-09-24,10500,237.5,77.4,1837.2
2014-09-25,10500,237.5,77.4,1837.2
2014-09-26,10500,237.5,77.4,1837.2
2014-09-29,10500,237.5,77.4,1837.2
2014-09-30,10500,237.5,77.4,1837.2
2014-10-01,10500,237.5,77.4,1837.2
2014-10-02,10500,237.5,77.4,1837.2
2014-10-03,10500,237.5,77.4,1837.2
2014-10-06,10500,237.5,77.4,1837.2
2014-10-07,10500,237.5,77.4,1837.2
2014-10-13,10500,237.5,77.4,1837.2
2014-10-15,10500,237.5,77.4,1837.2
2014-10-16,10500,237.5,77.4,1837.2
2014-10-17,10500,237.5,77.4,1837.2
2014-10-20,10500,237.5,77.4,1837.2
2014-10-21,10500,237.5,77.4,1837.2
2014-10-22,10500,237.5,77.4,1837.2
2014-10-27,10500,237.5,77.4,1837.2
2014-11-04,10500,237.5,77.4,1837.2
2014-11-05,10500,237.5,77.4,1837.2
2014-11-06,10500,237.5,77.4,1837.2
2014-11-07,10500,237.5,77.4,1837.2
2014-11-10,10500,237.5,77.4,1837.2
2014-11-13,10500,237.5,77.4,1837.2
2014-11-14,10500,237.5,77.4,1837.2
2014-11-18,10500,237.5,77.4,1837.2
2014-11-20,10500,237.5,77.4,1837.2
2014-11-25,10000,237.5,77.4,1837.2
2014-11-28,10000,237.5,77.4,1837.2
2014-12-01,10000,237.5,77.4,1837.2
2014-12-02,10000,237.5,77.4,1837.2
2014-12-03,10000,237.5,77.4,1837.2
2014-12-08,10500,237.5,77.4,1837.2
2014-12-09,10500,237.5,77.4,1837.2
2014-12-11,10500,237.5,77.4,1837.2
2014-12-16,10500,237.5,77.4,1837.2
2014-12-23,10500,237.5,77.4,1837.2
2014-12-26,10500,237.5,77.4,1837.2
2014-12-29,10500,237.5,77.4,1837.2
2015-01-06,10500,238.6,75.6,1804.4
2015-01-07,10500,238.6,75.6,1804.4
2015-01-08,10500,238.6,75.6,1804.4
2015-01-12,10500,238.6,75.6,1804.4
2015-01-14,10500,238.6,75.6,1804.4
2015-01-16,10500,238.6,75.6,1804.4
2015-01-19,10500,238.6,75.6,1804.4
2015-01-20,10500,238.6,75.6,1804.4
2015-01-21,10000,238.6,75.6,1804.4
2015-01-22,10000,238.6,75.6,1804.4
2015-01-29,10000,238.6,75.6,1804.4
2015-01-30,10000,238.6,75.6,1804.4
2015-02-02,10000,238.6,75.6,1804.4
2015-02-25,10000,238.6,75.6,1804.4
2015-03-02,10000,238.6,75.6,1804.4
2015-03-04,10000,238.6,75.6,1804.4
2015-03-09,10000,238.6,75.6,1804.4
2015-03-10,10000,238.6,75.6,1804.4
2015-03-18,10000,238.6,75.6,1804.4
2015-03-19,10000,238.6,75.6,1804.4
2015-03-23,10000,238.6,75.6,1804.4
2015-03-24,10000,238.6,75.6,1804.4
2015-03-25,10000,238.6,75.6,1804.4
2015-03-30,10000,238.6,75.6,1804.4
2015-04-01,10000,238.6,75.6,1804.4
2015-04-02,10000,238.6,75.6,1804.4
2015-04-03,10000,238.6,75.6,1804.4
2015-04-06,10000,238.6,75.6,1804.4
2015-04-07,10000,238.6,75.6,1804.4
2015-04-08,10000,238.6,75.6,1804.4
2015-04-09,10000,238.6,75.6,1804.4
2015-04-13,10000,238.6,75.6,1804.4
2015-04-15,10000,238.6,75.6,1804.4
2015-05-04,10000,238.6,75.6,1804.4
2015-05-05,10000,238.6,75.6,1804.4
2015-05-06,10000,238.6,75.6,1804.4
2015-05-07,10000,238.6,75.6,1804.4
2015-05-11,10000,238.6,75.6,1804.4
2015-05-12,10000,238.6,75.6,1804.4
2015-05-15,10000,238.6,75.6,1804.4
2015-05-18,10000,238.6,75.6,1804.4
2015-05-20,10000,238.6,75.6,1804.4
2015-05-22,10000,238.6,75.6,1804.4
2015-05-25,10000,238.6,75.6,1804.4
2015-05-26,10000,238.6,75.6,1804.4
2015-05-27,10000,238.6,75.6,1804.4
2015-05-28,10000,238.6,75.6,1804.4
2015-05-29,10000,238.6,75.6,1804.4
2015-06-01,10000,238.6,75.6,1804.4
2015-06-03,10000,238.6,75.6,1804.4
2015-06-04,10000,238.6,75.6,1804.4
2015-06-05,10000,238.6,75.6,1804.4
2015-06-08,10000,238.6,75.6,1804.4
2015-06-09,10000,238.6,75.6,1804.4
2015-06-11,10000,238.6,75.6,1804.4
2015-06-12,10000,238.6,75.6,1804.4
2015-06-15,10000,238.6,75.6,1804.4
2015-06-16,10000,238.6,75.6,1804.4
2015-06-17,10000,238.6,75.6,1804.4
2015-06-18,10000,238.6,75.6,1804.4
2015-06-19,10000,238.6,75.6,1804.4
2015-06-23,10000,238.6,75.6,1804.4
2015-06-24,10000,238.6,75.6,1804.4
2015-06-25,10000,238.6,75.6,1804.4
2015-06-26,10000,238.6,75.6,1804.4
2015-07-01,10000,238.6,75.6,1804.4
2015-07-02,10000,238.6,75.6,1804.4
2015-07-06,10000,238.6,75.6,1804.4
2015-07-07,10000,238.6,75.6,1804.4
2015-07-08,10000,238.6,75.6,1804.4
2015-07-10,10000,238.6,75.6,1804.4
2015-07-24,10000,238.6,75.6,1804.4
2015-07-28,10000,238.6,75.6,1804.4
2015-07-30,10000,238.6,75.6,1804.4
2015-08-03,10000,238.6,75.6,1804.4
2015-08-06,10000,238.6,75.6,1804.4
2015-08-11,10000,238.6,75.6,1804.4
2015-08-14,10000,238.6,75.6,1804.4
2015-08-19,10000,238.6,75.6,1804.4
2015-08-21,9500,238.6,75.6,1804.4
2015-09-04,9500,238.6,75.6,1804.4
2015-09-07,9500,238.6,75.6,1804.4
2015-09-09,9500,238.6,75.6,1804.4
2015-09-11,9500,238.6,75.6,1804.4
2015-09-15,9500,238.6,75.6,1804.4
2015-09-17,9500,238.6,75.6,1804.4
2015-09-18,9500,238.6,75.6,1804.4
2015-09-21,9500,238.6,75.6,1804.4
2015-09-22,9500,238.6,75.6,1804.4
2015-09-23,9500,238.6,75.6,1804.4
2015-09-25,9500,238.6,75.6,1804.4
2015-09-29,9500,238.6,75.6,1804.4
2015-09-30,9500,238.6,75.6,1804.4
2015-10-01,9500,238.6,75.6,1804.4
2015-10-05,9500,238.6,75.6,1804.4
2015-10-07,9500,238.6,75.6,1804.4
2015-10-13,9500,238.6,75.6,1804.4
2015-10-15,10000,238.6,75.6,1804.4
2015-10-16,10000,238.6,75.6,1804.4
2015-10-20,10000,238.6,75.6,1804.4
2015-10-21,10000,238.6,75.6,1804.4
2015-10-26,10000,238.6,75.6,1804.4
2015-10-29,10000,238.6,75.6,1804.4
2015-11-06,10000,238.6,75.6,1804.4
2015-11-09,10000,238.6,75.6,1804.4
2015-11-10,10000,238.6,75.6,1804.4
2015-11-11,10000,238.6,75.6,1804.4
2015-11-12,10000,238.6,75.6,1804.4
2015-11-13,10000,238.6,75.6,1804.4
2015-11-19,10000,238.6,75.6,1804.4
2015-11-20,10000,238.6,75.6,1804.4
2015-11-24,10000,238.6,75.6,1804.4
2015-11-25,10000,238.6,75.6,1804.4
2015-11-27,10000,238.6,75.6,1804.4
2015-11-30,10000,238.6,75.6,1804.4
2015-12-02,10000,238.6,75.6,1804.4
2015-12-03,10000,238.6,75.6,1804.4
2015-12-04,10000,238.6,75.6,1804.4
2015-12-09,10000,238.6,75.6,1804.4
2015-12-11,10000,238.6,75.6,1804.4
2015-12-14,10000,238.6,75.6,1804.4
2015-12-15,10000,238.6,75.6,1804.4
2015-12-29,10000,238.6,75.6,1804.4
2016-01-04,10000,239.3,71.9,1719.9
2016-01-05,10000,239.3,71.9,1719.9
2016-02-15,9500,239.3,71.9,1719.9
2016-02-17,9500,239.3,71.9,1719.9
2016-02-18,9500,239.3,71.9,1719.9
2016-02-22,10000,239.3,71.9,1719.9
2016-02-23,10000,239.3,71.9,1719.9
2016-02-24,10000,239.3,71.9,1719.9
2016-03-02,10000,239.3,71.9,1719.9
2016-03-04,10500,239.3,71.9,1719.9
2016-03-08,10500,239.3,71.9,1719.9
2016-03-09,10500,239.3,71.9,1719.9
2016-03-11,10500,239.3,71.9,1719.9
2016-03-14,10500,239.3,71.9,1719.9
2016-03-15,10500,239.3,71.9,1719.9
2016-03-23,10500,239.3,71.9,1719.9
2016-03-25,10500,239.3,71.9,1719.9
2016-03-31,10500,239.3,71.9,1719.9
2016-04-04,10500,239.3,71.9,1719.9
2016-04-06,10500,239.3,71.9,1719.9
2016-04-07,10500,239.3,71.9,1719.9
2016-04-08,10500,239.3,71.9,1719.9
2016-04-11,10500,239.3,71.9,1719.9
2016-04-12,10500,239.3,71.9,1719.9
2016-04-14,10500,239.3,71.9,1719.9
2016-04-15,10500,239.3,71.9,1719.9
2016-04-26,10500,239.3,71.9,1719.9
2016-05-04,10000,239.3,71.9,1719.9
2016-05-06,10000,239.3,71.9,1719.9
2016-05-13,10000,239.3,71.9,1719.9
2016-05-17,10000,239.3,71.9,1719.9
2016-05-18,10000,239.3,71.9,1719.9
2016-05-19,10000,239.3,71.9,1719.9
2016-05-20,10000,239.3,71.9,1719.9
2016-05-24,10000,239.3,71.9,1719.9
2016-05-25,10000,239.3,71.9,1719.9
2016-06-02,10000,239.3,71.9,1719.9
2016-06-03,10000,239.3,71.9,1719.9
2016-06-06,10000,239.3,71.9,1719.9
2016-06-13,10000,239.3,71.9,1719.9
2016-08-22,10000,239.3,71.9,1719.9
2016-08-23,10000,239.3,71.9,1719.9
2016-08-24,10000,239.3,71.9,1719.9
2016-08-29,9500,239.3,71.9,1719.9
2016-08-30,9500,239.3,71.9,1719.9
2016-08-31,9500,239.3,71.9,1719.9
2016-09-01,9500,239.3,71.9,1719.9
2016-09-06,9500,239.3,71.9,1719.9
2016-09-12,9500,239.3,71.9,1719.9
2016-09-13,9500,239.3,71.9,1719.9
2016-09-15,9500,239.3,71.9,1719.9
2016-09-20,9500,239.3,71.9,1719.9
2016-09-21,9500,239.3,71.9,1719.9
2016-09-22,9500,239.3,71.9,1719.9
2016-09-23,9500,239.3,71.9,1719.9
2016-09-27,9500,239.3,71.9,1719.9
2016-09-28,9500,239.3,71.9,1719.9
2016-09-30,10000,239.3,71.9,1719.9
2016-10-03,10000,239.3,71.9,1719.9
2016-10-04,10000,239.3,71.9,1719.9
2016-10-05,10000,239.3,71.9,1719.9
2016-10-07,10000,239.3,71.9,1719.9
2016-10-12,10000,239.3,71.9,1719.9
2016-10-13,10000,239.3,71.9,1719.9
2016-10-17,10000,239.3,71.9,1719.9
2016-10-20,10000,239.3,71.9,1719.9
2016-10-21,10000,239.3,71.9,1719.9
2016-10-24,10000,239.3,71.9,1719.9
2016-10-25,10000,239.3,71.9,1719.9
2016-10-26,10000,239.3,71.9,1719.9
2016-10-27,10000,239.3,71.9,1719.9
2016-10-28,10000,239.3,71.9,1719.9
2016-10-31,10000,239.3,71.9,1719.9
2016-11-01,10000,239.3,71.9,1719.9
2016-11-02,10000,239.3,71.9,1719.9
2016-11-03,10000,239.3,71.9,1719.9
2016-11-04,10000,239.3,71.9,1719.9
2016-11-07,10000,239.3,71.9,1719.9
2016-11-08,10000,239.3,71.9,1719.9
2016-11-09,10000,239.3,71.9,1719.9
2016-11-10,10000,239.3,71.9,1719.9
2016-11-11,10000,239.3,71.9,1719.9
2016-11-15,10000,239.3,71.9,1719.9
2016-11-16,10000,239.3,71.9,1719.9
2016-11-17,10000,239.3,71.9,1719.9
2016-11-18,10000,239.3,71.9,1719.9
2016-11-22,10000,239.3,71.9,1719.9
2016-11-23,10000,239.3,71.9,1719.9
2016-11-24,10000,239.3,71.9,1719.9
2016-11-25,10000,239.3,71.9,1719.9
2016-11-28,10000,239.3,71.9,1719.9
2016-11-29,10000,239.3,71.9,1719.9
2016-11-30,10000,239.3,71.9,1719.9
2016-12-01,10000,239.3,71.9,1719.9
2016-12-02,10000,239.3,71.9,1719.9
2016-12-05,10000,239.3,71.9,1719.9
2016-12-06,10000,239.3,71.9,1719.9
2016-12-08,10000,239.3,71.9,1719.9
2016-12-09,10000,239.3,71.9,1719.9
2016-12-27,11000,239.3,71.9,1719.9
2016-12-29,11000,239.3,71.9,1719.9
2017-01-05,10500,236.2,70.2963590177815,1660.4
2017-01-10,10500,236.2,70.2963590177815,1660.4
2017-01-11,10500,236.2,70.2963590177815,1660.4
2017-02-03,10000,236.2,70.2963590177815,1660.4
2017-02-06,10000,236.2,70.2963590177815,1660.4
2017-02-07,10000,236.2,70.2963590177815,1660.4
2017-02-08,10000,236.2,70.2963590177815,1660.4
2017-02-09,10000,236.2,70.2963590177815,1660.4
2017-02-10,10000,236.2,70.2963590177815,1660.4
2017-02-13,10000,236.2,70.2963590177815,1660.4
2017-02-15,10500,236.2,70.2963590177815,1660.4
2017-02-16,10500,236.2,70.2963590177815,1660.4
2017-02-20,10500,236.2,70.2963590177815,1660.4
2017-02-21,10500,236.2,70.2963590177815,1660.4
2017-02-22,10500,236.2,70.2963590177815,1660.4
2017-02-23,10000,236.2,70.2963590177815,1660.4
2017-02-24,10000,236.2,70.2963590177815,1660.4
2017-02-27,10000,236.2,70.2963590177815,1660.4
2017-03-01,10000,236.2,70.2963590177815,1660.4
2017-03-02,10000,236.2,70.2963590177815,1660.4
2017-03-03,10000,236.2,70.2963590177815,1660.4
2017-03-07,10000,236.2,70.2963590177815,1660.4
2017-03-13,10000,236.2,70.2963590177815,1660.4
2017-03-14,10000,236.2,70.2963590177815,1660.4
2017-03-15,10000,236.2,70.2963590177815,1660.4
2017-03-16,10000,236.2,70.2963590177815,1660.4
2017-03-23,10000,236.2,70.2963590177815,1660.4
2017-03-27,10000,236.2,70.2963590177815,1660.4
2017-03-28,10000,236.2,70.2963590177815,1660.4
2017-03-29,10000,236.2,70.2963590177815,1660.4
2017-03-30,10000,236.2,70.2963590177815,1660.4
2017-04-05,10000,236.2,70.2963590177815,1660.4
2017-04-10,10000,236.2,70.2963590177815,1660.4
2017-04-13,10000,236.2,70.2963590177815,1660.4
2017-04-14,10000,236.2,70.2963590177815,1660.4
2017-04-17,10000,236.2,70.2963590177815,1660.4
2017-04-18,10000,236.2,70.2963590177815,1660.4
2017-04-19,10000,236.2,70.2963590177815,1660.4
2017-04-21,10000,236.2,70.2963590177815,1660.4
2017-04-24,10000,236.2,70.2963590177815,1660.4
2017-04-25,10000,236.2,70.2963590177815,1660.4
2017-04-26,10000,236.2,70.2963590177815,1660.4
2017-05-05,10000,236.2,70.2963590177815,1660.4
2017-05-09,10000,236.2,70.2963590177815,1660.4
2017-05-10,10000,236.2,70.2963590177815,1660.4
2017-05-11,10000,236.2,70.2963590177815,1660.4
2017-05-12,10000,236.2,70.2963590177815,1660.4
2017-05-17,10000,236.2,70.2963590177815,1660.4
2017-05-18,10000,236.2,70.2963590177815,1660.4
2017-05-19,10000,236.2,70.2963590177815,1660.4
2017-05-25,10000,236.2,70.2963590177815,1660.4
2017-05-26,10000,236.2,70.2963590177815,1660.4
2017-05-30,10000,236.2,70.2963590177815,1660.4
2017-06-02,10000,236.2,70.2963590177815,1660.4
2017-06-06,10000,236.2,70.2963590177815,1660.4
2017-06-07,10000,236.2,70.2963590177815,1660.4
2017-06-12,10000,236.2,70.2963590177815,1660.4
2017-06-15,10000,236.2,70.2963590177815,1660.4
2017-06-19,10000,236.2,70.2963590177815,1660.4
2017-06-20,10000,236.2,70.2963590177815,1660.4
2017-06-22,10000,236.2,70.2963590177815,1660.4
2017-06-23,10000,236.2,70.2963590177815,1660.4
2017-06-26,10000,236.2,70.2963590177815,1660.4
2017-06-29,10000,236.2,70.2963590177815,1660.4
2017-06-30,10000,236.2,70.2963590177815,1660.4
2017-07-03,10000,236.2,70.2963590177815,1660.4
2017-07-05,10000,236.2,70.2963590177815,1660.4
2017-07-06,10000,236.2,70.2963590177815,1660.4
2017-07-11,10000,236.2,70.2963590177815,1660.4
2017-07-14,10000,236.2,70.2963590177815,1660.4
2017-07-17,10000,236.2,70.2963590177815,1660.4
2017-07-20,10000,236.2,70.2963590177815,1660.4
2017-07-28,10000,236.2,70.2963590177815,1660.4
2017-08-01,10000,236.2,70.2963590177815,1660.4
2017-08-02,10000,236.2,70.2963590177815,1660.4
2017-08-03,10000,236.2,70.2963590177815,1660.4
2017-08-04,10000,236.2,70.2963590177815,1660.4
2017-08-07,10000,236.2,70.2963590177815,1660.4
2017-08-08,10000,236.2,70.2963590177815,1660.4
2017-08-09,10000,236.2,70.2963590177815,1660.4
2017-08-10,10000,236.2,70.2963590177815,1660.4
2017-08-11,10000,236.2,70.2963590177815,1660.4
2017-08-14,10000,236.2,70.2963590177815,1660.4
2017-08-15,10000,236.2,70.2963590177815,1660.4
2017-08-17,10000,236.2,70.2963590177815,1660.4
2017-08-18,10000,236.2,70.2963590177815,1660.4
2017-08-21,10000,236.2,70.2963590177815,1660.4
2017-08-22,10000,236.2,70.2963590177815,1660.4
2017-08-23,10000,236.2,70.2963590177815,1660.4
2017-08-24,10000,236.2,70.2963590177815,1660.4
2017-08-25,10000,236.2,70.2963590177815,1660.4
2017-08-28,10000,236.2,70.2963590177815,1660.4
2017-08-29,10000,236.2,70.2963590177815,1660.4
2017-08-31,10000,236.2,70.2963590177815,1660.4
2017-09-01,10000,236.2,70.2963590177815,1660.4
2017-09-05,10000,236.2,70.2963590177815,1660.4
2017-09-06,10000,236.2,70.2963590177815,1660.4
2017-09-07,10000,236.2,70.2963590177815,1660.4
2017-09-08,10000,236.2,70.2963590177815,1660.4
2017-09-11,10000,236.2,70.2963590177815,1660.4
2017-09-12,10000,236.2,70.2963590177815,1660.4
2017-09-13,10000,236.2,70.2963590177815,1660.4
2017-09-14,10000,236.2,70.2963590177815,1660.4
2017-09-15,10000,236.2,70.2963590177815,1660.4
2017-09-18,10000,236.2,70.2963590177815,1660.4
2017-09-19,10000,236.2,70.2963590177815,1660.4
2017-09-20,10000,236.2,70.2963590177815,1660.4
2017-09-22,10000,236.2,70.2963590177815,1660.4
2017-09-25,10000,236.2,70.2963590177815,1660.4
2017-09-26,10000,236.2,70.2963590177815,1660.4
2017-09-27,10000,236.2,70.2963590177815,1660.4
2017-09-28,10000,236.2,70.2963590177815,1660.4
2017-09-29,10000,236.2,70.2963590177815,1660.4
2017-10-02,10000,236.2,70.2963590177815,1660.4
2017-10-03,10000,236.2,70.2963590177815,1660.4
2017-10-04,10000,236.2,70.2963590177815,1660.4
2017-10-05,10000,236.2,70.2963590177815,1660.4
2017-10-06,10000,236.2,70.2963590177815,1660.4
2017-10-09,10000,236.2,70.2963590177815,1660.4
2017-10-10,10000,236.2,70.2963590177815,1660.4
2017-10-11,10000,236.2,70.2963590177815,1660.4
2017-10-13,10000,236.2,70.2963590177815,1660.4
2017-10-16,10000,236.2,70.2963590177815,1660.4
2017-10-17,10000,236.2,70.2963590177815,1660.4
2017-10-20,10000,236.2,70.2963590177815,1660.4
2017-10-23,10000,236.2,70.2963590177815,1660.4
2017-10-24,10000,236.2,70.2963590177815,1660.4
2017-10-30,10500,236.2,70.2963590177815,1660.4
2017-10-31,10500,236.2,70.2963590177815,1660.4
2017-11-01,10500,236.2,70.2963590177815,1660.4
2017-11-02,10500,236.2,70.2963590177815,1660.4
2017-11-03,10500,236.2,70.2963590177815,1660.4
2017-11-06,10500,236.2,70.2963590177815,1660.4
2017-11-07,10500,236.2,70.2963590177815,1660.4
2017-11-09,10500,236.2,70.2963590177815,1660.4
2017-11-10,10500,236.2,70.2963590177815,1660.4
2017-11-13,10500,236.2,70.2963590177815,1660.4
2017-11-14,10500,236.2,70.2963590177815,1660.4
2017-11-15,10500,236.2,70.2963590177815,1660.4
2017-11-16,10500,236.2,70.2963590177815,1660.4
2017-11-17,10500,236.2,70.2963590177815,1660.4
2017-11-20,10500,236.2,70.2963590177815,1660.4
2017-11-21,10500,236.2,70.2963590177815,1660.4
2017-11-22,10500,236.2,70.2963590177815,1660.4
2017-11-23,10500,236.2,70.2963590177815,1660.4
2017-11-24,10500,236.2,70.2963590177815,1660.4
2017-11-27,10500,236.2,70.2963590177815,1660.4
2017-11-28,10500,236.2,70.2963590177815,1660.4
2017-11-29,10500,236.2,70.2963590177815,1660.4
2017-12-01,10500,236.2,70.2963590177815,1660.4
2017-12-04,10500,236.2,70.2963590177815,1660.4
2017-12-05,10500,236.2,70.2963590177815,1660.4
2017-12-06,10500,236.2,70.2963590177815,1660.4
2017-12-07,10500,236.2,70.2963590177815,1660.4
2017-12-08,10500,236.2,70.2963590177815,1660.4
2017-12-11,10500,236.2,70.2963590177815,1660.4
2017-12-12,10500,236.2,70.2963590177815,1660.4
2017-12-13,10500,236.2,70.2963590177815,1660.4
2017-12-15,10500,236.2,70.2963590177815,1660.4
2017-12-18,10500,236.2,70.2963590177815,1660.4
2017-12-19,10500,236.2,70.2963590177815,1660.4
2017-12-21,10500,236.2,70.2963590177815,1660.4
2017-12-25,10500,236.2,70.2963590177815,1660.4
2017-12-27,10500,236.2,70.2963590177815,1660.4
2017-12-28,10500,236.2,70.2963590177815,1660.4
2017-12-29,10500,236.2,70.2963590177815,1660.4
2018-01-02,10500,235.0,73.5,1727.4
2018-01-03,10500,235.0,73.5,1727.4
2018-01-04,10500,235.0,73.5,1727.4
2018-01-09,10500,235.0,73.5,1727.4
2018-01-10,10500,235.0,73.5,1727.4
2018-01-12,10500,235.0,73.5,1727.4
2018-01-17,10500,235.0,73.5,1727.4
2018-01-18,10500,235.0,73.5,1727.4
2018-01-19,10500,235.0,73.5,1727.4
2018-01-24,10500,235.0,73.5,1727.4
2018-01-25,10500,235.0,73.5,1727.4
2018-02-28,10500,235.0,73.5,1727.4
2018-03-01,10500,235.0,73.5,1727.4
2018-03-02,10500,235.0,73.5,1727.4
2018-03-05,10500,235.0,73.5,1727.4
2018-03-06,10500,235.0,73.5,1727.4
2018-03-07,10500,235.0,73.5,1727.4
2018-03-08,10500,235.0,73.5,1727.4
2018-03-09,10500,235.0,73.5,1727.4
2018-03-13,10500,235.0,73.5,1727.4
2018-03-14,10500,235.0,73.5,1727.4
2018-03-15,10500,235.0,73.5,1727.4
2018-03-16,10500,235.0,73.5,1727.4
2018-03-19,10500,235.0,73.5,1727.4
2018-03-20,10500,235.0,73.5,1727.4
2018-03-21,10500,235.0,73.5,1727.4
2018-03-22,10500,235.0,73.5,1727.4
2018-03-23,10500,235.0,73.5,1727.4
2018-03-26,10500,235.0,73.5,1727.4
2018-03-27,10500,235.0,73.5,1727.4
2018-03-28,10500,235.0,73.5,1727.4
2018-03-29,10500,235.0,73.5,1727.4
2018-03-30,11000,235.0,73.5,1727.4
2018-04-02,11000,235.0,73.5,1727.4
2018-04-03,11000,235.0,73.5,1727.4
2018-04-04,11000,235.0,73.5,1727.4
2018-04-05,11000,235.0,73.5,1727.4
2018-04-06,11000,235.0,73.5,1727.4
2018-04-09,11000,235.0,73.5,1727.4
2018-04-10,11000,235.0,73.5,1727.4
2018-04-11,11000,235.0,73.5,1727.4
2018-04-12,11000,235.0,73.5,1727.4
2018-04-13,11000,235.0,73.5,1727.4
2018-04-16,11000,235.0,73.5,1727.4
2018-04-17,11000,235.0,73.5,1727.4
2018-04-18,11000,235.0,73.5,1727.4
2018-04-19,11000,235.0,73.5,1727.4
2018-04-20,11000,235.0,73.5,1727.4
2018-04-23,11000,235.0,73.5,1727.4
2018-04-26,11000,235.0,73.5,1727.4
2018-05-16,11000,235.0,73.5,1727.4
2018-05-17,11000,235.0,73.5,1727.4
2018-05-18,11000,235.0,73.5,1727.4
2018-05-21,11000,235.0,73.5,1727.4
2018-05-22,11000,235.0,73.5,1727.4
2018-05-23,11000,235.0,73.5,1727.4
2018-05-24,10500,235.0,73.5,1727.4
2018-05-28,10500,235.0,73.5,1727.4
2018-05-29,10500,235.0,73.5,1727.4
2018-05-30,10500,235.0,73.5,1727.4
2018-06-04,10500,235.0,73.5,1727.4
2018-06-05,10500,235.0,73.5,1727.4
2018-06-07,10500,235.0,73.5,1727.4
2018-06-08,10500,235.0,73.5,1727.4
2018-06-11,10500,235.0,73.5,1727.4
2018-06-12,10500,235.0,73.5,1727.4
2018-06-13,10500,235.0,73.5,1727.4
2018-06-14,10500,235.0,73.5,1727.4
2018-06-15,10500,235.0,73.5,1727.4
2018-06-18,10500,235.0,73.5,1727.4
2018-06-19,10500,235.0,73.5,1727.4
2018-06-20,10500,235.0,73.5,1727.4
2018-06-21,10500,235.0,73.5,1727.4
2018-06-22,10500,235.0,73.5,1727.4
2018-06-25,10500,235.0,73.5,1727.4
2018-06-26,10500,235.0,73.5,1727.4
2018-06-27,10500,235.0,73.5,1727.4
2018-06-28,10500,235.0,73.5,1727.4
2018-06-29,10500,235.0,73.5,1727.4
2018-07-02,10500,235.0,73.5,1727.4
2018-07-03,10500,235.0,73.5,1727.4
2018-07-04,10500,235.0,73.5,1727.4
2018-07-05,10500,235.0,73.5,1727.4
2018-07-06,10500,235.0,73.5,1727.4
2018-07-09,10500,235.0,73.5,1727.4
2018-07-10,10500,235.0,73.5,1727.4
2018-07-11,10500,235.0,73.5,1727.4
2018-07-12,10500,235.0,73.5,1727.4
2018-07-13,10500,235.0,73.5,1727.4
2018-07-16,10500,235.0,73.5,1727.4
2018-07-24,10500,235.0,73.5,1727.4
2018-07-25,10500,235.0,73.5,1727.4
2018-07-26,10500,235.0,73.5,1727.4
2018-07-27,10500,235.0,73.5,1727.4
2018-08-01,10500,235.0,73.5,1727.4
2018-08-02,10500,235.0,73.5,1727.4
2018-08-03,10500,235.0,73.5,1727.4
2018-08-06,10500,235.0,73.5,1727.4
2018-08-07,10500,235.0,73.5,1727.4
2018-08-08,10500,235.0,73.5,1727.4
2018-08-09,10500,235.0,73.5,1727.4
2018-08-10,10500,235.0,73.5,1727.4
2018-08-13,10500,235.0,73.5,1727.4
2018-08-14,10500,235.0,73.5,1727.4
2018-08-15,10500,235.0,73.5,1727.4
2018-08-16,11000,235.0,73.5,1727.4
2018-08-17,11000,235.0,73.5,1727.4
2018-08-20,11000,235.0,73.5,1727.4
2018-08-21,11000,235.0,73.5,1727.4
2018-08-22,11000,235.0,73.5,1727.4
2018-08-23,11000,235.0,73.5,1727.4
2018-08-24,11000,235.0,73.5,1727.4
2018-08-27,11000,235.0,73.5,1727.4
2018-08-28,11000,235.0,73.5,1727.4
2018-08-29,11000,235.0,73.5,1727.4
2018-08-30,11000,235.0,73.5,1727.4
2018-08-31,11000,235.0,73.5,1727.4
2018-09-04,11000,235.0,73.5,1727.4
2018-09-05,11000,235.0,73.5,1727.4
2018-09-06,11000,235.0,73.5,1727.4
2018-09-07,11000,235.0,73.5,1727.4
2018-09-10,11000,235.0,73.5,1727.4
2018-09-11,11000,235.0,73.5,1727.4
2018-09-12,11000,235.0,73.5,1727.4
2018-09-13,11000,235.0,73.5,1727.4
2018-09-14,11000,235.0,73.5,1727.4
2018-09-17,11000,235.0,73.5,1727.4
2018-09-18,11000,235.0,73.5,1727.4
2018-09-19,11000,235.0,73.5,1727.4
2018-09-20,11000,235.0,73.5,1727.4
2018-09-21,11000,235.0,73.5,1727.4
2018-09-24,11000,235.0,73.5,1727.4
2018-09-25,11000,235.0,73.5,1727.4
2018-09-26,11000,235.0,73.5,1727.4
2018-10-05,11000,235.0,73.5,1727.4
2018-10-10,11000,235.0,73.5,1727.4
2018-10-11,11000,235.0,73.5,1727.4
2018-10-15,11000,235.0,73.5,1727.4
2018-10-16,11000,235.0,73.5,1727.4
2018-10-17,11000,235.0,73.5,1727.4
2018-10-18,11000,235.0,73.5,1727.4
2018-10-19,11000,235.0,73.5,1727.4
2018-10-22,11000,235.0,73.5,1727.4
2018-10-25,11000,235.0,73.5,1727.4
2018-10-26,11000,235.0,73.5,1727.4
2018-10-29,11000,235.0,73.5,1727.4
2018-10-30,11000,235.0,73.5,1727.4
2018-10-31,11000,235.0,73.5,1727.4
2018-11-01,11000,235.0,73.5,1727.4
2018-11-02,11000,235.0,73.5,1727.4
2018-11-06,11000,235.0,73.5,1727.4
2018-11-07,11000,235.0,73.5,1727.4
2018-11-08,11000,235.0,73.5,1727.4
2018-11-09,11000,235.0,73.5,1727.4
2018-11-10,11000,235.0,73.5,1727.4
2018-11-12,11000,235.0,73.5,1727.4
2018-11-13,11000,235.0,73.5,1727.4
2018-11-14,11000,235.0,73.5,1727.4
2018-11-15,11000,235.0,73.5,1727.4
2018-11-16,11000,235.0,73.5,1727.4
2018-11-19,11000,235.0,73.5,1727.4
2018-11-20,11000,235.0,73.5,1727.4
2018-11-21,11000,235.0,73.5,1727.4
2018-11-22,11000,235.0,73.5,1727.4
2018-11-23,11000,235.0,73.5,1727.4
2018-11-26,11000,235.0,73.5,1727.4
2018-11-27,11000,235.0,73.5,1727.4
2018-12-24,11000,235.0,73.5,1727.4
2018-12-25,11000,235.0,73.5,1727.4
2018-12-26,11000,235.0,73.5,1727.4
2018-12-28,10500,235.0,73.5,1727.4
2019-01-03,10500,233.7,71.0,1659.3
2019-01-04,10500,233.7,71.0,1659.3
2019-01-07,10500,233.7,71.0,1659.3
2019-01-08,10500,233.7,71.0,1659.3
2019-01-09,10500,233.7,71.0,1659.3
2019-01-16,10500,233.7,71.0,1659.3
2019-01-17,10500,233.7,71.0,1659.3
2019-01-18,10500,233.7,71.0,1659.3
2019-01-25,10500,233.7,71.0,1659.3
2019-02-12,10500,233.7,71.0,1659.3
2019-02-13,10500,233.7,71.0,1659.3
2019-02-14,10500,233.7,71.0,1659.3
2019-02-15,10500,233.7,71.0,1659.3
2019-02-18,10500,233.7,71.0,1659.3
2019-02-19,10000,233.7,71.0,1659.3
2019-02-20,10000,233.7,71.0,1659.3
2019-02-22,10000,233.7,71.0,1659.3
2019-02-25,10000,233.7,71.0,1659.3
2019-02-26,10000,233.7,71.0,1659.3
2019-02-28,10500,233.7,71.0,1659.3
2019-03-01,10500,233.7,71.0,1659.3
2019-03-04,10500,233.7,71.0,1659.3
2019-03-05,10500,233.7,71.0,1659.3
2019-03-06,10500,233.7,71.0,1659.3
2019-03-07,10500,233.7,71.0,1659.3
2019-03-08,10500,233.7,71.0,1659.3
2019-03-11,10500,233.7,71.0,1659.3
2019-03-12,10500,233.7,71.0,1659.3
2019-03-13,10500,233.7,71.0,1659.3
2019-03-14,10500,233.7,71.0,1659.3
2019-03-15,10500,233.7,71.0,1659.3
2019-03-18,10500,233.7,71.0,1659.3
2019-03-19,10500,233.7,71.0,1659.3
2019-04-01,10500,233.7,71.0,1659.3
2019-04-02,10500,233.7,71.0,1659.3
2019-04-03,10500,233.7,71.0,1659.3
2019-04-05,10500,233.7,71.0,1659.3
2019-04-08,10500,233.7,71.0,1659.3
2019-04-09,10500,233.7,71.0,1659.3
2019-04-10,10500,233.7,71.0,1659.3
2019-04-11,10500,233.7,71.0,1659.3
2019-04-12,10500,233.7,71.0,1659.3
2019-04-16,10500,233.7,71.0,1659.3
2019-04-17,10500,233.7,71.0,1659.3
2019-04-18,10500,233.7,71.0,1659.3
2019-04-19,10500,233.7,71.0,1659.3
2019-04-22,10500,233.7,71.0,1659.3
2019-04-24,10500,233.7,71.0,1659.3
2019-04-25,10500,233.7,71.0,1659.3
2019-04-26,10500,233.7,71.0,1659.3
2019-05-02,10500,233.7,71.0,1659.3
2019-05-03,10500,233.7,71.0,1659.3
2019-05-04,10500,233.7,71.0,1659.3
2019-05-09,10500,233.7,71.0,1659.3
2019-05-10,10500,233.7,71.0,1659.3
2019-05-13,10500,233.7,71.0,1659.3
2019-05-14,10500,233.7,71.0,1659.3
2019-05-15,10500,233.7,71.0,1659.3
2019-05-17,10500,233.7,71.0,1659.3
2019-05-20,10500,233.7,71.0,1659.3
2019-05-21,10500,233.7,71.0,1659.3
2019-05-22,10500,233.7,71.0,1659.3
2019-05-31,10500,233.7,71.0,1659.3
2019-06-03,10500,233.7,71.0,1659.3
2019-06-04,10500,233.7,71.0,1659.3
2019-06-05,10500,233.7,71.0,1659.3
2019-06-06,10500,233.7,71.0,1659.3
2019-06-07,10500,233.7,71.0,1659.3
2019-06-10,10500,233.7,71.0,1659.3
2019-06-12,10500,233.7,71.0,1659.3
2019-06-14,10500,233.7,71.0,1659.3
2019-06-17,10500,233.7,71.0,1659.3
2019-06-18,10500,233.7,71.0,1659.3
2019-06-19,10500,233.7,71.0,1659.3
2019-06-20,10500,233.7,71.0,1659.3
2019-06-21,10500,233.7,71.0,1659.3
2019-06-22,10500,233.7,71.0,1659.3
2019-06-24,10500,233.7,71.0,1659.3
2019-06-25,10500,233.7,71.0,1659.3
2019-06-26,10500,233.7,71.0,1659.3
2019-06-27,10500,233.7,71.0,1659.3
2019-07-02,10500,233.7,71.0,1659.3
2019-07-03,10500,233.7,71.0,1659.3
2019-07-04,10500,233.7,71.0,1659.3
2019-07-05,10500,233.7,71.0,1659.3
2019-07-08,10500,233.7,71.0,1659.3
2019-07-10,10500,233.7,71.0,1659.3
2019-07-11,10500,233.7,71.0,1659.3
2019-07-12,10500,233.7,71.0,1659.3
2019-07-15,10500,233.7,71.0,1659.3
2019-07-16,10500,233.7,71.0,1659.3
2019-07-17,10500,233.7,71.0,1659.3
2019-07-18,10500,233.7,71.0,1659.3
2019-07-19,10500,233.7,71.0,1659.3
2019-07-22,10500,233.7,71.0,1659.3
2019-07-23,10500,233.7,71.0,1659.3
2019-07-24,10500,233.7,71.0,1659.3
2019-07-25,10500,233.7,71.0,1659.3
2019-07-26,10500,233.7,71.0,1659.3
2019-07-29,10500,233.7,71.0,1659.3
2019-07-30,10500,233.7,71.0,1659.3
2019-07-31,10500,233.7,71.0,1659.3
2019-08-01,10500,233.7,71.0,1659.3
2019-08-02,10500,233.7,71.0,1659.3
2019-08-05,10500,233.7,71.0,1659.3
2019-08-06,10500,233.7,71.0,1659.3
2019-08-07,10500,233.7,71.0,1659.3
2019-08-08,10500,233.7,71.0,1659.3
2019-08-09,10500,233.7,71.0,1659.3
2019-08-12,10500,233.7,71.0,1659.3
2019-08-13,10500,233.7,71.0,1659.3
2019-08-14,10500,233.7,71.0,1659.3
2019-08-15,10500,233.7,71.0,1659.3
2019-08-16,10500,233.7,71.0,1659.3
2019-08-19,10500,233.7,71.0,1659.3
2019-08-20,10500,233.7,71.0,1659.3
2019-08-21,10500,233.7,71.0,1659.3
2019-08-22,10500,233.7,71.0,1659.3
2019-08-23,10500,233.7,71.0,1659.3
2019-09-11,10500,233.7,71.0,1659.3
2019-09-12,10500,233.7,71.0,1659.3
2019-09-13,10500,233.7,71.0,1659.3
2019-09-16,10500,233.7,71.0,1659.3
2019-09-17,10500,233.7,71.0,1659.3
2019-09-18,10500,233.7,71.0,1659.3
2019-09-19,10500,233.7,71.0,1659.3
2019-09-20,10500,233.7,71.0,1659.3
2019-09-23,10500,233.7,71.0,1659.3
2019-09-24,10500,233.7,71.0,1659.3
2019-09-25,10500,233.7,71.0,1659.3
2019-09-26,10500,233.7,71.0,1659.3
2019-09-27,10500,233.7,71.0,1659.3
2019-10-01,11000,233.7,71.0,1659.3
2019-10-02,11000,233.7,71.0,1659.3
2019-10-03,11000,233.7,71.0,1659.3
2019-10-07,11000,233.7,71.0,1659.3
2019-10-08,11000,233.7,71.0,1659.3
2019-10-10,11000,233.7,71.0,1659.3
2019-10-11,11000,233.7,71.0,1659.3
2019-10-14,11000,233.7,71.0,1659.3
2019-10-15,11000,233.7,71.0,1659.3
2019-10-16,11000,233.7,71.0,1659.3
2019-10-17,11000,233.7,71.0,1659.3
2019-10-21,11000,233.7,71.0,1659.3
2019-10-22,11000,233.7,71.0,1659.3
2019-10-23,11000,233.7,71.0,1659.3
2019-10-24,11000,233.7,71.0,1659.3
2019-10-25,11000,233.7,71.0,1659.3
2019-10-28,11000,233.7,71.0,1659.3
2019-10-29,11000,233.7,71.0,1659.3
2019-10-30,11000,233.7,71.0,1659.3
2019-10-31,11000,233.7,71.0,1659.3
2019-11-05,11000,233.7,71.0,1659.3
2019-11-06,11000,233.7,71.0,1659.3
2019-11-07,11000,233.7,71.0,1659.3
2019-11-08,11000,233.7,71.0,1659.3
2019-11-16,11000,233.7,71.0,1659.3
2019-11-19,11000,233.7,71.0,1659.3
2019-11-20,11000,233.7,71.0,1659.3
2019-11-22,11000,233.7,71.0,1659.3
2019-11-23,11000,233.7,71.0,1659.3
2019-11-25,11000,233.7,71.0,1659.3
2019-12-13,11000,233.7,71.0,1659.3
2019-12-16,11000,233.7,71.0,1659.3
2019-12-17,11000,233.7,71.0,1659.3
2019-12-18,11000,233.7,71.0,1659.3
2019-12-19,11000,233.7,71.0,1659.3
2019-12-20,11000,233.7,71.0,1659.3
2019-12-23,11000,233.7,71.0,1659.3
2019-12-25,11000,233.7,71.0,1659.3
2019-12-26,11000,233.7,71.0,1659.3
2019-12-30,11000,233.7,71.0,1659.3
2020-01-09,11000,229.4,71.7,1645.1
2020-01-10,11000,229.4,71.7,1645.1
2020-01-15,11000,229.4,71.7,1645.1
2020-01-20,11000,229.4,71.7,1645.1
2020-01-31,11000,229.4,71.7,1645.1
2020-02-03,11000,229.4,71.7,1645.1
2020-02-04,11000,229.4,71.7,1645.1
2020-02-05,11000,229.4,71.7,1645.1
2020-02-06,11000,229.4,71.7,1645.1
2020-02-07,11000,229.4,71.7,1645.1
2020-02-10,11000,229.4,71.7,1645.1
2020-02-11,11000,229.4,71.7,1645.1
2020-02-12,11000,229.4,71.7,1645.1
2020-02-13,11000,229.4,71.7,1645.1
2020-02-14,11000,229.4,71.7,1645.1
2020-02-17,11000,229.4,71.7,1645.1
2020-02-18,11000,229.4,71.7,1645.1
2020-02-19,11000,229.4,71.7,1645.1
2020-02-20,11000,229.4,71.7,1645.1
2020-02-21,11000,229.4,71.7,1645.1
2020-02-24,11000,229.4,71.7,1645.1
2020-02-25,11000,229.4,71.7,1645.1
2020-02-26,11000,229.4,71.7,1645.1
2020-02-27,11000,229.4,71.7,1645.1
2020-02-28,11000,229.4,71.7,1645.1
2020-03-02,11000,229.4,71.7,1645.1
2020-03-03,11000,229.4,71.7,1645.1
2020-03-04,11000,229.4,71.7,1645.1
2020-03-05,11000,229.4,71.7,1645.1
2020-03-09,11000,229.4,71.7,1645.1
2020-03-10,11000,229.4,71.7,1645.1
2020-03-11,11000,229.4,71.7,1645.1
2020-03-12,11000,229.4,71.7,1645.1
2020-03-13,11000,229.4,71.7,1645.1
2020-03-16,11000,229.4,71.7,1645.1
2020-03-17,11000,229.4,71.7,1645.1
2020-03-18,11000,229.4,71.7,1645.1
2020-03-19,11500,229.4,71.7,1645.1
2020-03-20,11500,229.4,71.7,1645.1
2020-03-23,11500,229.4,71.7,1645.1
2020-03-24,11500,229.4,71.7,1645.1
2020-03-25,11500,229.4,71.7,1645.1
2020-03-26,11500,229.4,71.7,1645.1
2020-03-27,11500,229.4,71.7,1645.1
2020-03-30,11500,229.4,71.7,1645.1
2020-03-31,11500,229.4,71.7,1645.1
2020-04-01,11500,229.4,71.7,1645.1
2020-04-02,11500,229.4,71.7,1645.1
2020-04-03,11500,229.4,71.7,1645.1
2020-04-06,11500,229.4,71.7,1645.1
2020-04-07,11500,229.4,71.7,1645.1
2020-04-08,11500,229.4,71.7,1645.1
2020-04-09,11500,229.4,71.7,1645.1
2020-04-10,11500,229.4,71.7,1645.1
2020-04-13,11500,229.4,71.7,1645.1
2020-04-14,11500,229.4,71.7,1645.1
2020-04-15,11500,229.4,71.7,1645.1
2020-04-16,11500,229.4,71.7,1645.1
2020-04-17,11500,229.4,71.7,1645.1
2020-04-20,11500,229.4,71.7,1645.1
2020-04-21,11500,229.4,71.7,1645.1
2020-04-22,11500,229.4,71.7,1645.1
2020-04-23,11500,229.4,71.7,1645.1
2020-04-24,11500,229.4,71.7,1645.1
2020-04-27,11500,229.4,71.7,1645.1
2020-04-28,11500,229.4,71.7,1645.1
2020-04-29,11500,229.4,71.7,1645.1
2020-05-04,11500,229.4,71.7,1645.1
2020-05-05,11500,229.4,71.7,1645.1
2020-05-06,11500,229.4,71.7,1645.1
2020-05-07,11500,229.4,71.7,1645.1
2020-05-08,11500,229.4,71.7,1645.1
2020-05-11,11500,229.4,71.7,1645.1
2020-05-12,11500,229.4,71.7,1645.1
2020-05-13,11500,229.4,71.7,1645.1
2020-05-14,11500,229.4,71.7,1645.1
2020-05-15,11500,229.4,71.7,1645.1
2020-05-18,11500,229.4,71.7,1645.1
2020-05-19,11500,229.4,71.7,1645.1
2020-05-20,11500,229.4,71.7,1645.1
2020-05-21,11500,229.4,71.7,1645.1
2020-05-22,11500,229.4,71.7,1645.1
2020-05-25,11500,229.4,71.7,1645.1
2020-05-26,11500,229.4,71.7,1645.1
2020-05-27,11500,229.4,71.7,1645.1
2020-05-28,11500,229.4,71.7,1645.1
2020-05-29,11500,229.4,71.7,1645.1
2020-06-01,11500,229.4,71.7,1645.1
2020-06-02,11500,229.4,71.7,1645.1
2020-06-03,11500,229.4,71.7,1645.1
2020-06-04,11500,229.4,71.7,1645.1
2020-06-05,11500,229.4,71.7,1645.1
2020-06-08,11500,229.4,71.7,1645.1
2020-06-09,11500,229.4,71.7,1645.1
2020-06-10,11500,229.4,71.7,1645.1
2020-06-11,11500,229.4,71.7,1645.1
2020-06-12,11500,229.4,71.7,1645.1
2020-06-15,11500,229.4,71.7,1645.1
2020-06-16,11500,229.4,71.7,1645.1
2020-06-17,11500,229.4,71.7,1645.1
2020-06-18,11500,229.4,71.7,1645.1
2020-06-19,11500,229.4,71.7,1645.1
2020-06-22,11500,229.4,71.7,1645.1
2020-06-23,11500,229.4,71.7,1645.1
2020-06-24,11500,229.4,71.7,1645.1
2020-06-25,11500,229.4,71.7,1645.1
2020-06-26,11500,229.4,71.7,1645.1
2020-06-29,11500,229.4,71.7,1645.1
2020-06-30,11500,229.4,71.7,1645.1
2020-07-01,11500,229.4,71.7,1645.1
2020-07-02,11500,229.4,71.7,1645.1
2020-07-03,11500,229.4,71.7,1645.1
2020-07-06,11500,229.4,71.7,1645.1
2020-07-07,11500,229.4,71.7,1645.1
2020-07-08,11500,229.4,71.7,1645.1
2020-07-09,11500,229.4,71.7,1645.1
2020-07-10,11500,229.4,71.7,1645.1
2020-07-13,11500,229.4,71.7,1645.1
2020-07-14,11500,229.4,71.7,1645.1
2020-07-15,11500,229.4,71.7,1645.1
2020-07-17,11500,229.4,71.7,1645.1
2020-07-20,11500,229.4,71.7,1645.1
2020-07-21,11500,229.4,71.7,1645.1
2020-07-22,11500,229.4,71.7,1645.1
2020-07-23,11500,229.4,71.7,1645.1
2020-07-24,11500,229.4,71.7,1645.1
2020-07-27,11500,229.4,71.7,1645.1
2020-07-28,11500,229.4,71.7,1645.1
2020-08-10,11500,229.4,71.7,1645.1
2020-08-11,11500,229.4,71.7,1645.1
2020-08-12,11500,229.4,71.7,1645.1
2020-08-13,11500,229.4,71.7,1645.1
2020-08-14,11500,229.4,71.7,1645.1
2020-08-17,11500,229.4,71.7,1645.1
2020-08-18,11500,229.4,71.7,1645.1
2020-08-19,11500,229.4,71.7,1645.1
2020-08-21,11500,229.4,71.7,1645.1
2020-08-24,11500,229.4,71.7,1645.1
2020-08-25,11500,229.4,71.7,1645.1
2020-08-26,11500,229.4,71.7,1645.1
2020-08-27,11500,229.4,71.7,1645.1
2020-08-31,11500,229.4,71.7,1645.1
2020-09-01,11500,229.4,71.7,1645.1
2020-09-03,11500,229.4,71.7,1645.1
2020-09-04,11500,229.4,71.7,1645.1
2020-09-07,11500,229.4,71.7,1645.1
2020-09-08,11500,229.4,71.7,1645.1
2020-09-10,11500,229.4,71.7,1645.1
2020-09-11,11500,229.4,71.7,1645.1
2020-09-14,11500,229.4,71.7,1645.1
2020-09-15,11500,229.4,71.7,1645.1
2020-09-23,11500,229.4,71.7,1645.1
2020-09-24,11500,229.4,71.7,1645.1
2020-09-25,11500,229.4,71.7,1645.1
2020-09-28,11500,229.4,71.7,1645.1
2020-09-29,11500,229.4,71.7,1645.1
2020-10-06,11500,229.4,71.7,1645.1
2020-10-07,11500,229.4,71.7,1645.1
2020-10-08,11500,229.4,71.7,1645.1
2020-10-09,11500,229.4,71.7,1645.1
2020-10-12,11500,229.4,71.7,1645.1
2020-10-13,11500,229.4,71.7,1645.1
2020-10-14,11500,229.4,71.7,1645.1
2020-10-15,11500,229.4,71.7,1645.1
2020-10-19,11500,229.4,71.7,1645.1
2020-10-20,11500,229.4,71.7,1645.1
2020-10-21,11500,229.4,71.7,1645.1
2020-10-22,11500,229.4,71.7,1645.1
2020-10-23,11500,229.4,71.7,1645.1
2020-10-26,11500,229.4,71.7,1645.1
2020-10-27,11500,229.4,71.7,1645.1
2020-10-28,11500,229.4,71.7,1645.1
2020-10-29,11500,229.4,71.7,1645.1
2020-11-02,11500,229.4,71.7,1645.1
2020-11-03,11500,229.4,71.7,1645.1
2020-11-04,11500,229.4,71.7,1645.1
2020-11-05,11500,229.4,71.7,1645.1
2020-11-06,11500,229.4,71.7,1645.1
2020-11-09,11500,229.4,71.7,1645.1
2020-11-10,11500,229.4,71.7,1645.1
2020-11-11,11500,229.4,71.7,1645.1
2020-11-12,11500,229.4,71.7,1645.1
2020-11-13,11500,229.4,71.7,1645.1
2020-11-16,11500,229.4,71.7,1645.1
2020-11-17,11500,229.4,71.7,1645.1
2020-11-18,11500,229.4,71.7,1645.1
2020-11-19,11500,229.4,71.7,1645.1
2020-11-20,11500,229.4,71.7,1645.1
2020-11-23,11500,229.4,71.7,1645.1
2020-11-24,11500,229.4,71.7,1645.1
2020-11-25,11500,229.4,71.7,1645.1
2020-11-26,11500,229.4,71.7,1645.1
2020-11-27,11500,229.4,71.7,1645.1
2020-11-30,11500,229.4,71.7,1645.1
2020-12-01,11500,229.4,71.7,1645.1
2020-12-02,11500,229.4,71.7,1645.1
2020-12-03,11500,229.4,71.7,1645.1
2020-12-04,11500,229.4,71.7,1645.1
2020-12-07,11500,229.4,71.7,1645.1
2020-12-08,11500,229.4,71.7,1645.1
2020-12-09,11500,229.4,71.7,1645.1
2020-12-10,11500,229.4,71.7,1645.1
2020-12-11,11500,229.4,71.7,1645.1
2020-12-14,11500,229.4,71.7,1645.1
2020-12-15,11000,229.4,71.7,1645.1
2020-12-16,11000,229.4,71.7,1645.1
2020-12-17,11000,229.4,71.7,1645.1
2020-12-18,11000,229.4,71.7,1645.1
2020-12-21,11000,229.4,71.7,1645.1
2020-12-22,11000,229.4,71.7,1645.1
2020-12-23,11000,229.4,71.7,1645.1
2020-12-28,11500,229.4,71.7,1645.1
2020-12-31,11500,229.4,71.7,1645.1
2021-01-04,11500,230.4,76.9,1771.8
2021-01-06,11500,230.4,76.9,1771.8
2021-01-08,11500,230.4,76.9,1771.8
2021-01-11,11500,230.4,76.9,1771.8
2021-01-12,11500,230.4,76.9,1771.8
2021-01-13,11500,230.4,76.9,1771.8
2021-01-14,11500,230.4,76.9,1771.8
2021-01-15,11500,230.4,76.9,1771.8
2021-01-18,11500,230.4,76.9,1771.8
2021-01-19,11500,230.4,76.9,1771.8
2021-01-20,11500,230.4,76.9,1771.8
2021-01-21,11500,230.4,76.9,1771.8
2021-01-22,11500,230.4,76.9,1771.8
2021-01-25,11500,230.4,76.9,1771.8
2021-01-26,11500,230.4,76.9,1771.8
2021-01-27,11500,230.4,76.9,1771.8
2021-01-28,11500,230.4,76.9,1771.8
2021-02-03,11500,230.4,76.9,1771.8
2021-02-18,11500,230.4,76.9,1771.8
2021-02-19,11500,230.4,76.9,1771.8
2021-02-22,11500,230.4,76.9,1771.8
2021-02-23,11500,230.4,76.9,1771.8
2021-02-24,11500,230.4,76.9,1771.8
2021-02-25,11500,230.4,76.9,1771.8
2021-02-26,11500,230.4,76.9,1771.8
2021-03-01,11500,230.4,76.9,1771.8
2021-03-02,11500,230.4,76.9,1771.8
2021-03-05,12000,230.4,76.9,1771.8
2021-03-08,12000,230.4,76.9,1771.8
2021-03-09,12000,230.4,76.9,1771.8
2021-03-10,12000,230.4,76.9,1771.8
2021-03-11,12000,230.4,76.9,1771.8
2021-03-12,12000,230.4,76.9,1771.8
2021-03-15,11500,230.4,76.9,1771.8
2021-03-16,11500,230.4,76.9,1771.8
2021-03-17,11500,230.4,76.9,1771.8
2021-03-18,11500,230.4,76.9,1771.8
2021-03-19,11500,230.4,76.9,1771.8
2021-03-22,11500,230.4,76.9,1771.8
2021-03-23,11500,230.4,76.9,1771.8
2021-03-24,11500,230.4,76.9,1771.8
2021-03-25,11500,230.4,76.9,1771.8
2021-03-26,11500,230.4,76.9,1771.8
2021-03-29,11500,230.4,76.9,1771.8
2021-03-30,11500,230.4,76.9,1771.8
2021-03-31,11500,230.4,76.9,1771.8
2021-04-02,11500,230.4,76.9,1771.8
2021-04-05,11500,230.4,76.9,1771.8
2021-04-06,11500,230.4,76.9,1771.8
2021-04-07,11500,230.4,76.9,1771.8
2021-04-08,11500,230.4,76.9,1771.8
2021-04-09,11500,230.4,76.9,1771.8
2021-04-12,11500,230.4,76.9,1771.8
2021-04-13,11500,230.4,76.9,1771.8
2021-04-14,11500,230.4,76.9,1771.8
2021-04-15,11500,230.4,76.9,1771.8
2021-04-16,11500,230.4,76.9,1771.8
2021-04-19,11500,230.4,76.9,1771.8
2021-04-20,11500,230.4,76.9,1771.8
2021-04-22,11500,230.4,76.9,1771.8
2021-04-23,12000,230.4,76.9,1771.8
2021-04-26,12000,230.4,76.9,1771.8
2021-04-27,12000,230.4,76.9,1771.8
2021-04-29,11500,230.4,76.9,1771.8
2021-05-04,12000,230.4,76.9,1771.8
2021-05-05,12000,230.4,76.9,1771.8
2021-05-07,12000,230.4,76.9,1771.8
2021-05-10,12000,230.4,76.9,1771.8
2021-05-11,12000,230.4,76.9,1771.8
2021-05-12,12000,230.4,76.9,1771.8
2021-05-13,12000,230.4,76.9,1771.8
2021-05-14,12000,230.4,76.9,1771.8
2021-05-17,12000,230.4,76.9,1771.8
2021-05-18,12000,230.4,76.9,1771.8
2021-05-20,12000,230.4,76.9,1771.8
2021-05-21,12000,230.4,76.9,1771.8
2021-05-24,12000,230.4,76.9,1771.8
2021-05-25,12000,230.4,76.9,1771.8
2021-05-26,12000,230.4,76.9,1771.8
2021-05-27,12000,230.4,76.9,1771.8
2021-05-28,12000,230.4,76.9,1771.8
2021-05-31,12000,230.4,76.9,1771.8
2021-06-01,12000,230.4,76.9,1771.8
2021-06-02,12000,230.4,76.9,1771.8
2021-06-03,12000,230.4,76.9,1771.8
2021-06-04,12000,230.4,76.9,1771.8
2021-06-07,12000,230.4,76.9,1771.8
2021-06-08,12000,230.4,76.9,1771.8
2021-06-09,12000,230.4,76.9,1771.8
2021-06-10,12500,230.4,76.9,1771.8
2021-06-11,13250,230.4,76.9,1771.8
2021-06-14,12500,230.4,76.9,1771.8
2021-06-15,12500,230.4,76.9,1771.8
2021-06-16,12500,230.4,76.9,1771.8
2021-06-17,12500,230.4,76.9,1771.8
2021-06-18,12500,230.4,76.9,1771.8
2021-06-21,12500,230.4,76.9,1771.8
2021-06-22,12500,230.4,76.9,1771.8
2021-06-23,12500,230.4,76.9,1771.8
2021-06-24,12000,230.4,76.9,1771.8
2021-06-25,12000,230.4,76.9,1771.8
2021-06-28,12000,230.4,76.9,1771.8
2021-06-29,12000,230.4,76.9,1771.8
2021-07-01,12000,230.4,76.9,1771.8
2021-07-02,12000,230.4,76.9,1771.8
2021-07-05,12000,230.4,76.9,1771.8
2021-07-06,12000,230.4,76.9,1771.8
2021-07-07,12000,230.4,76.9,1771.8
2021-07-08,12000,230.4,76.9,1771.8
2021-07-09,12000,230.4,76.9,1771.8
2021-07-12,12000,230.4,76.9,1771.8
2021-07-13,12000,230.4,76.9,1771.8
2021-07-14,12000,230.4,76.9,1771.8
2021-07-15,12000,230.4,76.9,1771.8
2021-07-16,12000,230.4,76.9,1771.8
2021-07-19,12000,230.4,76.9,1771.8
2021-07-22,12000,230.4,76.9,1771.8
2021-07-23,12000,230.4,76.9,1771.8
2021-07-26,12500,230.4,76.9,1771.8
2021-07-27,12500,230.4,76.9,1771.8
2021-07-28,12500,230.4,76.9,1771.8
2021-07-29,12500,230.4,76.9,1771.8
2021-07-30,12500,230.4,76.9,1771.8
2021-08-02,12500,230.4,76.9,1771.8
2021-08-03,12500,230.4,76.9,1771.8
2021-08-04,12800,230.4,76.9,1771.8
2021-08-05,12800,230.4,76.9,1771.8
2021-08-06,12000,230.4,76.9,1771.8
2021-08-09,12000,230.4,76.9,1771.8
2021-08-10,11500,230.4,76.9,1771.8
2021-08-11,11500,230.4,76.9,1771.8
2021-08-12,11500,230.4,76.9,1771.8
2021-08-13,11500,230.4,76.9,1771.8
2021-08-16,11500,230.4,76.9,1771.8
2021-08-17,11500,230.4,76.9,1771.8
2021-08-18,11500,230.4,76.9,1771.8
2021-08-19,11500,230.4,76.9,1771.8
2021-08-20,11500,230.4,76.9,1771.8
2021-08-23,11500,230.4,76.9,1771.8
2021-08-24,11500,230.4,76.9,1771.8
2021-08-25,11500,230.4,76.9,1771.8
2021-08-26,11500,230.4,76.9,1771.8
2021-08-27,11500,230.4,76.9,1771.8
2021-08-30,11500,230.4,76.9,1771.8
2021-08-31,11500,230.4,76.9,1771.8
2021-09-01,11500,230.4,76.9,1771.8
2021-09-06,11500,230.4,76.9,1771.8
2021-09-07,11500,230.4,76.9,1771.8
2021-09-08,11500,230.4,76.9,1771.8
2021-09-09,11500,230.4,76.9,1771.8
2021-09-10,11500,230.4,76.9,1771.8
2021-09-13,11500,230.4,76.9,1771.8
2021-09-14,11500,230.4,76.9,1771.8
2021-09-15,11500,230.4,76.9,1771.8
2021-09-16,11500,230.4,76.9,1771.8
2021-09-17,11500,230.4,76.9,1771.8
2021-09-20,11500,230.4,76.9,1771.8
2021-09-21,11500,230.4,76.9,1771.8
2021-09-22,11500,230.4,76.9,1771.8
2021-09-23,11500,230.4,76.9,1771.8
2021-09-24,11500,230.4,76.9,1771.8
2021-09-27,11500,230.4,76.9,1771.8
2021-09-28,11500,230.4,76.9,1771.8
2021-09-29,11500,230.4,76.9,1771.8
2021-09-30,11500,230.4,76.9,1771.8
2021-10-01,11500,230.4,76.9,1771.8
2021-10-04,11500,230.4,76.9,1771.8
2021-10-05,11500,230.4,76.9,1771.8
2021-10-06,11500,230.4,76.9,1771.8
2021-10-07,12000,230.4,76.9,1771.8
2021-10-08,12000,230.4,76.9,1771.8
2021-10-11,11500,230.4,76.9,1771.8
2021-10-12,11500,230.4,76.9,1771.8
2021-10-13,11500,230.4,76.9,1771.8
2021-10-14,11500,230.4,76.9,1771.8
2021-10-15,11500,230.4,76.9,1771.8
2021-10-18,11500,230.4,76.9,1771.8
2021-10-19,11500,230.4,76.9,1771.8
2021-10-20,11500,230.4,76.9,1771.8
2021-10-21,11500,230.4,76.9,1771.8
2021-10-26,11500,230.4,76.9,1771.8
2021-10-27,11500,230.4,76.9,1771.8
2021-10-28,11500,230.4,76.9,1771.8
2021-10-29,11500,230.4,76.9,1771.8
2021-11-02,11500,230.4,76.9,1771.8
2021-11-03,11500,230.4,76.9,1771.8
2021-11-05,12000,230.4,76.9,1771.8
2021-11-09,13000,230.4,76.9,1771.8
2021-11-10,12000,230.4,76.9,1771.8
2021-11-11,12000,230.4,76.9,1771.8
2021-11-12,12000,230.4,76.9,1771.8
2021-11-15,12000,230.4,76.9,1771.8
2021-11-16,12000,230.4,76.9,1771.8
2021-11-17,12000,230.4,76.9,1771.8
2021-11-18,12000,230.4,76.9,1771.8
2021-11-19,12000,230.4,76.9,1771.8
2021-11-23,12000,230.4,76.9,1771.8
2021-11-24,12000,230.4,76.9,1771.8
2021-11-25,12000,230.4,76.9,1771.8
2021-11-26,12000,230.4,76.9,1771.8
2021-11-29,12000,230.4,76.9,1771.8
2021-11-30,12000,230.4,76.9,1771.8
2021-12-01,12000,230.4,76.9,1771.8
2021-12-02,12000,230.4,76.9,1771.8
2021-12-06,12000,230.4,76.9,1771.8
2021-12-07,12000,230.4,76.9,1771.8
2021-12-08,12000,230.4,76.9,1771.8
2021-12-09,12000,230.4,76.9,1771.8
2021-12-10,12000,230.4,76.9,1771.8
2021-12-14,12000,230.4,76.9,1771.8
2021-12-15,12000,230.4,76.9,1771.8
2021-12-16,11500,230.4,76.9,1771.8
2021-12-17,11500,230.4,76.9,1771.8
2021-12-20,11500,230.4,76.9,1771.8
2021-12-21,11500,230.4,76.9,1771.8
2021-12-22,11500,230.4,76.9,1771.8
2021-12-23,11500,230.4,76.9,1771.8
2021-12-24,12000,230.4,76.9,1771.8
2021-12-27,11500,230.4,76.9,1771.8
2021-12-28,11500,230.4,76.9,1771.8
2021-12-29,11500,230.4,76.9,1771.8
2021-12-30,11500,230.4,76.9,1771.8
2021-12-31,11500,230.4,76.9,1771.8
2022-01-04,11500,229.8,73.4,1685.9
2022-01-05,11500,229.8,73.4,1685.9
2022-01-06,11500,229.8,73.4,1685.9
2022-01-07,11500,229.8,73.4,1685.9
2022-01-11,11500,229.8,73.4,1685.9
2022-01-14,11500,229.8,73.4,1685.9
2022-01-17,11500,229.8,73.4,1685.9
2022-01-18,11500,229.8,73.4,1685.9
2022-02-18,12000,229.8,73.4,1685.9
2022-02-21,12000,229.8,73.4,1685.9
2022-02-23,12000,229.8,73.4,1685.9
2022-03-04,12000,229.8,73.4,1685.9
2022-03-07,12000,229.8,73.4,1685.9
2022-03-08,12000,229.8,73.4,1685.9
2022-03-09,12000,229.8,73.4,1685.9
2022-03-10,12000,229.8,73.4,1685.9
2022-03-11,12000,229.8,73.4,1685.9
2022-03-14,12000,229.8,73.4,1685.9
2022-03-15,12000,229.8,73.4,1685.9
2022-03-17,12000,229.8,73.4,1685.9
2022-03-18,12000,229.8,73.4,1685.9
2022-03-21,12000,229.8,73.4,1685.9
2022-03-22,12000,229.8,73.4,1685.9
2022-03-23,12000,229.8,73.4,1685.9
2022-03-24,12000,229.8,73.4,1685.9
2022-03-25,12000,229.8,73.4,1685.9
2022-03-30,12000,229.8,73.4,1685.9
2022-03-31,12000,229.8,73.4,1685.9
2022-04-05,12000,229.8,73.4,1685.9
2022-04-06,12000,229.8,73.4,1685.9
2022-04-07,12000,229.8,73.4,1685.9
2022-04-08,12000,229.8,73.4,1685.9
2022-04-12,12000,229.8,73.4,1685.9
2022-04-13,12000,229.8,73.4,1685.9
2022-04-14,12000,229.8,73.4,1685.9
2022-04-18,12000,229.8,73.4,1685.9
2022-04-19,12000,229.8,73.4,1685.9
2022-04-20,12000,229.8,73.4,1685.9
2022-04-21,12500,229.8,73.4,1685.9
2022-04-22,12500,229.8,73.4,1685.9
2022-04-25,12500,229.8,73.4,1685.9
2022-04-26,12500,229.8,73.4,1685.9
2022-04-27,12500,229.8,73.4,1685.9
2022-04-28,12500,229.8,73.4,1685.9
2022-04-29,12500,229.8,73.4,1685.9
2022-05-04,12500,229.8,73.4,1685.9
2022-05-05,12500,229.8,73.4,1685.9
2022-05-06,12500,229.8,73.4,1685.9
2022-05-09,12500,229.8,73.4,1685.9
2022-05-10,12500,229.8,73.4,1685.9
2022-05-11,12500,229.8,73.4,1685.9
2022-05-12,12500,229.8,73.4,1685.9
2022-05-16,12500,229.8,73.4,1685.9
2022-05-17,12500,229.8,73.4,1685.9
2022-05-18,12500,229.8,73.4,1685.9
2022-05-19,12500,229.8,73.4,1685.9
2022-05-26,12500,229.8,73.4,1685.9
2022-05-31,12500,229.8,73.4,1685.9
2022-06-01,12500,229.8,73.4,1685.9
2022-06-03,12500,229.8,73.4,1685.9
2022-06-06,12500,229.8,73.4,1685.9
2022-06-07,12500,229.8,73.4,1685.9
2022-06-08,12500,229.8,73.4,1685.9
2022-06-09,12500,229.8,73.4,1685.9
2022-06-10,12500,229.8,73.4,1685.9
2022-06-13,12500,229.8,73.4,1685.9
2022-06-14,12500,229.8,73.4,1685.9
2022-06-16,12500,229.8,73.4,1685.9
2022-06-17,12500,229.8,73.4,1685.9
2022-06-20,12500,229.8,73.4,1685.9
2022-06-21,12500,229.8,73.4,1685.9
2022-06-23,12500,229.8,73.4,1685.9
2022-06-24,12500,229.8,73.4,1685.9
2022-06-27,12500,229.8,73.4,1685.9
2022-07-08,12500,229.8,73.4,1685.9
2022-07-13,12500,229.8,73.4,1685.9
2022-07-14,12500,229.8,73.4,1685.9
2022-07-15,12500,229.8,73.4,1685.9
2022-07-18,12000,229.8,73.4,1685.9
2022-07-19,12000,229.8,73.4,1685.9
2022-07-20,12000,229.8,73.4,1685.9
2022-07-21,12000,229.8,73.4,1685.9
2022-07-22,12000,229.8,73.4,1685.9
2022-07-25,12000,229.8,73.4,1685.9
2022-07-26,12000,229.8,73.4,1685.9
2022-07-27,12000,229.8,73.4,1685.9
2022-07-28,12000,229.8,73.4,1685.9
2022-07-29,12500,229.8,73.4,1685.9
2022-08-01,12500,229.8,73.4,1685.9
2022-08-02,12500,229.8,73.4,1685.9
2022-08-03,12500,229.8,73.4,1685.9
2022-08-04,12500,229.8,73.4,1685.9
2022-08-05,12500,229.8,73.4,1685.9
2022-08-08,12500,229.8,73.4,1685.9
2022-08-09,12500,229.8,73.4,1685.9
2022-08-10,12500,229.8,73.4,1685.9
2022-08-11,12500,229.8,73.4,1685.9
2022-08-12,12500,229.8,73.4,1685.9
2022-08-15,12500,229.8,73.4,1685.9
2022-08-16,12500,229.8,73.4,1685.9
2022-08-17,12500,229.8,73.4,1685.9
2022-08-18,12500,229.8,73.4,1685.9
2022-08-22,12500,229.8,73.4,1685.9
2022-08-23,12500,229.8,73.4,1685.9
2022-08-24,12500,229.8,73.4,1685.9
2022-08-31,12500,229.8,73.4,1685.9
2022-09-07,12500,229.8,73.4,1685.9
2022-09-08,12500,229.8,73.4,1685.9
2022-09-09,12500,229.8,73.4,1685.9
2022-09-12,12500,229.8,73.4,1685.9
2022-09-13,12500,229.8,73.4,1685.9
2022-09-14,12500,229.8,73.4,1685.9
2022-09-16,12500,229.8,73.4,1685.9
2022-09-19,12500,229.8,73.4,1685.9
2022-09-20,12500,229.8,73.4,1685.9
2022-09-21,12500,229.8,73.4,1685.9
2022-09-22,12500,229.8,73.4,1685.9
2022-09-23,12500,229.8,73.4,1685.9
2022-09-26,12000,229.8,73.4,1685.9
2022-09-27,12000,229.8,73.4,1685.9
2022-09-28,12000,229.8,73.4,1685.9
2022-09-29,12000,229.8,73.4,1685.9
2022-10-03,12000,229.8,73.4,1685.9
2022-10-04,12000,229.8,73.4,1685.9
2022-10-05,12000,229.8,73.4,1685.9
2022-10-06,12000,229.8,73.4,1685.9
2022-10-07,12000,229.8,73.4,1685.9
2022-10-10,12000,229.8,73.4,1685.9
2022-10-11,12000,229.8,73.4,1685.9
2022-10-13,12500,229.8,73.4,1685.9
2022-10-14,12500,229.8,73.4,1685.9
2022-10-17,12500,229.8,73.4,1685.9
2022-10-18,12500,229.8,73.4,1685.9
2022-10-19,12500,229.8,73.4,1685.9
2022-10-20,12500,229.8,73.4,1685.9
2022-10-21,12500,229.8,73.4,1685.9
2022-10-24,12500,229.8,73.4,1685.9
2022-10-25,12500,229.8,73.4,1685.9
2022-10-26,12500,229.8,73.4,1685.9
2022-10-27,12500,229.8,73.4,1685.9
2022-10-28,12500,229.8,73.4,1685.9
2022-10-31,12500,229.8,73.4,1685.9
2022-11-01,12500,229.8,73.4,1685.9
2022-11-02,12500,229.8,73.4,1685.9
2022-11-03,12500,229.8,73.4,1685.9
2022-11-07,12500,229.8,73.4,1685.9
2022-11-08,12500,229.8,73.4,1685.9
2022-11-09,12500,229.8,73.4,1685.9
2022-11-14,12500,229.8,73.4,1685.9
2022-11-15,12500,229.8,73.4,1685.9
2022-11-16,12500,229.8,73.4,1685.9
2022-11-17,12500,229.8,73.4,1685.9
2022-11-18,12500,229.8,73.4,1685.9
2022-11-21,12500,229.8,73.4,1685.9
2022-11-22,12500,229.8,73.4,1685.9
2022-11-23,12500,229.8,73.4,1685.9
2022-11-24,12500,229.8,73.4,1685.9
2022-11-25,12500,229.8,73.4,1685.9
2022-11-28,12500,229.8,73.4,1685.9
2022-11-29,12500,229.8,73.4,1685.9
2022-12-05,12500,229.8,73.4,1685.9
2022-12-08,12500,229.8,73.4,1685.9
2022-12-12,12500,229.8,73.4,1685.9
2022-12-13,12500,229.8,73.4,1685.9
2022-12-14,12500,229.8,73.4,1685.9
2022-12-19,12500,229.8,73.4,1685.9
2022-12-20,12500,229.8,73.4,1685.9
2022-12-23,12500,229.8,73.4,1685.9
2022-12-26,12500,229.8,73.4,1685.9
2022-12-27,12500,229.8,73.4,1685.9
