date,price,Gia tri (USD) / Khoi luong (tan),RON 95-III
8/22/2018,11000,489.1325408,21.17
8/23/2018,11000,489.1325408,21.17
8/24/2018,11000,489.1325408,21.17
8/25/2018,11000,489.1325408,21.17
8/26/2018,11000,489.1325408,21.17
8/27/2018,11000,489.1325408,21.17
8/28/2018,11000,489.1325408,21.17
8/29/2018,11000,489.1325408,21.17
8/30/2018,11000,489.1325408,21.17
8/31/2018,11000,489.1325408,21.17
9/1/2018,11000,482.9030423,21.17
9/2/2018,11000,482.9030423,21.17
9/3/2018,11000,482.9030423,21.17
9/4/2018,11000,482.9030423,21.17
9/5/2018,11000,482.9030423,21.17
9/6/2018,11000,482.9030423,21.47
9/7/2018,11000,482.9030423,21.47
9/8/2018,11000,482.9030423,21.47
9/9/2018,11000,482.9030423,21.47
9/10/2018,11000,482.9030423,21.47
9/11/2018,11000,482.9030423,21.47
9/12/2018,11000,482.9030423,21.47
9/13/2018,11000,482.9030423,21.47
9/14/2018,11000,482.9030423,21.47
9/15/2018,11000,482.9030423,21.47
9/16/2018,11000,482.9030423,21.47
9/17/2018,11000,482.9030423,21.47
9/18/2018,11000,482.9030423,21.47
9/19/2018,11000,482.9030423,21.47
9/20/2018,11000,482.9030423,21.47
9/21/2018,11000,482.9030423,21.77
9/22/2018,11000,482.9030423,21.77
9/23/2018,11000,482.9030423,21.77
9/24/2018,11000,482.9030423,21.77
9/25/2018,11000,482.9030423,21.77
9/26/2018,11000,482.9030423,21.77
9/27/2018,11000,482.9030423,21.77
9/28/2018,11000,482.9030423,21.77
9/29/2018,11000,482.9030423,21.77
9/30/2018,11000,482.9030423,21.77
10/1/2018,11000,516.5744492,21.77
10/2/2018,11000,516.5744492,21.77
10/3/2018,11000,516.5744492,21.77
10/4/2018,11000,516.5744492,21.77
10/5/2018,11000,516.5744492,21.77
10/6/2018,11000,516.5744492,22.34
10/7/2018,11000,516.5744492,22.34
10/8/2018,11000,516.5744492,22.34
10/9/2018,11000,516.5744492,22.34
10/10/2018,11000,516.5744492,22.34
10/11/2018,11000,516.5744492,22.34
10/12/2018,11000,516.5744492,22.34
10/13/2018,11000,516.5744492,22.34
10/14/2018,11000,516.5744492,22.34
10/15/2018,11000,516.5744492,22.34
10/16/2018,11000,516.5744492,22.34
10/17/2018,11000,516.5744492,22.34
10/18/2018,11000,516.5744492,22.34
10/19/2018,11000,516.5744492,22.34
10/20/2018,11000,516.5744492,22.34
10/21/2018,11000,516.5744492,22.34
10/22/2018,11000,516.5744492,22.2
10/23/2018,11000,516.5744492,22.2
10/24/2018,11000,516.5744492,22.2
10/25/2018,11000,516.5744492,22.2
10/26/2018,11000,516.5744492,22.2
10/27/2018,11000,516.5744492,22.2
10/28/2018,11000,516.5744492,22.2
10/29/2018,11000,516.5744492,22.2
10/30/2018,11000,516.5744492,22.2
10/31/2018,11000,516.5744492,22.2
11/1/2018,11000,516.5744492,22.2
11/2/2018,11000,516.5744492,22.2
11/3/2018,11000,516.5744492,22.2
11/4/2018,11000,516.5744492,22.2
11/5/2018,11000,516.5744492,22.2
11/6/2018,11000,516.5744492,21.06
11/7/2018,11000,516.5744492,21.06
11/8/2018,11000,516.5744492,21.06
11/9/2018,11000,516.5744492,21.06
11/10/2018,11000,516.5744492,21.06
11/11/2018,11000,516.5744492,21.06
11/12/2018,11000,516.5744492,21.06
11/13/2018,11000,516.5744492,21.06
11/14/2018,11000,516.5744492,21.06
11/15/2018,11000,516.5744492,21.06
11/16/2018,11000,516.5744492,21.06
11/17/2018,11000,516.5744492,21.06
11/18/2018,11000,516.5744492,21.06
11/19/2018,11000,516.5744492,21.06
11/20/2018,11000,516.5744492,21.06
11/21/2018,11000,516.5744492,19.97
11/22/2018,11000,516.5744492,19.97
11/23/2018,11000,516.5744492,19.97
11/24/2018,11000,516.5744492,19.97
11/25/2018,11000,516.5744492,19.97
11/26/2018,11000,516.5744492,19.97
11/27/2018,11000,516.5744492,19.97
11/28/2018,11000,516.5744492,19.97
11/29/2018,11000,516.5744492,19.97
11/30/2018,11000,516.5744492,19.97
12/1/2018,11000,516.5744492,19.97
12/2/2018,11000,516.5744492,19.97
12/3/2018,11000,516.5744492,19.97
12/4/2018,11000,516.5744492,19.97
12/5/2018,11000,516.5744492,19.97
12/6/2018,11000,516.5744492,18.45
12/7/2018,11000,516.5744492,18.45
12/8/2018,11000,516.5744492,18.45
12/9/2018,11000,516.5744492,18.45
12/10/2018,11000,516.5744492,18.45
12/11/2018,11000,516.5744492,18.45
12/12/2018,11000,516.5744492,18.45
12/13/2018,11000,516.5744492,18.45
12/14/2018,11000,516.5744492,18.45
12/15/2018,11000,516.5744492,18.45
12/16/2018,11000,516.5744492,18.45
12/17/2018,11000,516.5744492,18.45
12/18/2018,11000,516.5744492,18.45
12/19/2018,11000,516.5744492,18.45
12/20/2018,11000,516.5744492,18.45
12/21/2018,11000,516.5744492,18.14
12/22/2018,11000,516.5744492,18.14
12/23/2018,11000,516.5744492,18.14
12/24/2018,11000,516.5744492,18.14
12/25/2018,11000,516.5744492,18.14
12/26/2018,11000,516.5744492,18.14
12/27/2018,11000,516.5744492,18.14
12/28/2018,10500,516.5744492,18.14
12/29/2018,10500,516.5744492,18.14
12/30/2018,10500,516.5744492,18.14
12/31/2018,10500,516.5744492,18.14
1/1/2019,10500,446.3706074,17.6
1/2/2019,10500,446.3706074,17.6
1/3/2019,10500,446.3706074,17.6
1/4/2019,10500,446.3706074,17.6
1/5/2019,10500,446.3706074,17.6
1/6/2019,10500,446.3706074,17.6
1/7/2019,10500,446.3706074,17.6
1/8/2019,10500,446.3706074,17.6
1/9/2019,10500,446.3706074,17.6
1/10/2019,10500,446.3706074,17.6
1/11/2019,10500,446.3706074,17.6
1/12/2019,10500,446.3706074,17.6
1/13/2019,10500,446.3706074,17.6
1/14/2019,10500,446.3706074,17.6
1/15/2019,10500,446.3706074,17.6
1/16/2019,10500,446.3706074,17.6
1/17/2019,10500,446.3706074,17.6
1/18/2019,10500,446.3706074,17.6
1/19/2019,10500,446.3706074,17.6
1/20/2019,10500,446.3706074,17.6
1/21/2019,10500,446.3706074,17.6
1/22/2019,10500,446.3706074,17.6
1/23/2019,10500,446.3706074,17.6
1/24/2019,10500,446.3706074,17.6
1/25/2019,10500,446.3706074,17.6
1/26/2019,10500,446.3706074,17.6
1/27/2019,10500,446.3706074,17.6
1/28/2019,10500,446.3706074,17.6
1/29/2019,10500,446.3706074,17.6
1/30/2019,10500,446.3706074,17.6
1/31/2019,10500,446.3706074,17.6
2/1/2019,10500,424.439077,17.6
2/2/2019,10500,424.439077,17.6
2/3/2019,10500,424.439077,17.6
2/4/2019,10500,424.439077,17.6
2/5/2019,10500,424.439077,17.6
2/6/2019,10500,424.439077,17.6
2/7/2019,10500,424.439077,17.6
2/8/2019,10500,424.439077,17.6
2/9/2019,10500,424.439077,17.6
2/10/2019,10500,424.439077,17.6
2/11/2019,10500,424.439077,17.6
2/12/2019,10500,424.439077,17.6
2/13/2019,10500,424.439077,17.6
2/14/2019,10500,424.439077,17.6
2/15/2019,10500,424.439077,17.6
2/16/2019,10500,424.439077,17.6
2/17/2019,10500,424.439077,17.6
2/18/2019,10500,424.439077,17.6
2/19/2019,10000,424.439077,17.6
2/20/2019,10000,424.439077,17.6
2/21/2019,10000,424.439077,17.6
2/22/2019,10000,424.439077,17.6
2/23/2019,10000,424.439077,17.6
2/24/2019,10000,424.439077,17.6
2/25/2019,10000,424.439077,17.6
2/26/2019,10000,424.439077,17.6
2/27/2019,10000,424.439077,17.6
2/28/2019,10500,424.439077,17.6
3/1/2019,10500,430.1327208,17.6
3/2/2019,10500,430.1327208,18.54
3/3/2019,10500,430.1327208,18.54
3/4/2019,10500,430.1327208,18.54
3/5/2019,10500,430.1327208,18.54
3/6/2019,10500,430.1327208,18.54
3/7/2019,10500,430.1327208,18.54
3/8/2019,10500,430.1327208,18.54
3/9/2019,10500,430.1327208,18.54
3/10/2019,10500,430.1327208,18.54
3/11/2019,10500,430.1327208,18.54
3/12/2019,10500,430.1327208,18.54
3/13/2019,10500,430.1327208,18.54
3/14/2019,10500,430.1327208,18.54
3/15/2019,10500,430.1327208,18.54
3/16/2019,10500,430.1327208,18.54
3/17/2019,10500,430.1327208,18.54
3/18/2019,10500,430.1327208,18.54
3/19/2019,10500,430.1327208,18.54
3/20/2019,10500,430.1327208,18.54
3/21/2019,10500,430.1327208,18.54
3/22/2019,10500,430.1327208,18.54
3/23/2019,10500,430.1327208,18.54
3/24/2019,10500,430.1327208,18.54
3/25/2019,10500,430.1327208,18.54
3/26/2019,10500,430.1327208,18.54
3/27/2019,10500,430.1327208,18.54
3/28/2019,10500,430.1327208,18.54
3/29/2019,10500,430.1327208,18.54
3/30/2019,10500,430.1327208,18.54
3/31/2019,10500,430.1327208,18.54
4/1/2019,10500,414.6128892,18.54
4/2/2019,10500,414.6128892,20.03
4/3/2019,10500,414.6128892,20.03
4/4/2019,10500,414.6128892,20.03
4/5/2019,10500,414.6128892,20.03
4/6/2019,10500,414.6128892,20.03
4/7/2019,10500,414.6128892,20.03
4/8/2019,10500,414.6128892,20.03
4/9/2019,10500,414.6128892,20.03
4/10/2019,10500,414.6128892,20.03
4/11/2019,10500,414.6128892,20.03
4/12/2019,10500,414.6128892,20.03
4/13/2019,10500,414.6128892,20.03
4/14/2019,10500,414.6128892,20.03
4/15/2019,10500,414.6128892,20.03
4/16/2019,10500,414.6128892,20.03
4/17/2019,10500,414.6128892,21.23
4/18/2019,10500,414.6128892,21.23
4/19/2019,10500,414.6128892,21.23
4/20/2019,10500,414.6128892,21.23
4/21/2019,10500,414.6128892,21.23
4/22/2019,10500,414.6128892,21.23
4/23/2019,10500,414.6128892,21.23
4/24/2019,10500,414.6128892,21.23
4/25/2019,10500,414.6128892,21.23
4/26/2019,10500,414.6128892,21.23
4/27/2019,10500,414.6128892,21.23
4/28/2019,10500,414.6128892,21.23
4/29/2019,10500,414.6128892,21.23
4/30/2019,10500,414.6128892,21.23
5/1/2019,10500,433.0258118,21.23
5/2/2019,10500,433.0258118,22.19
5/3/2019,10500,433.0258118,22.19
5/4/2019,10500,433.0258118,22.19
5/5/2019,10500,433.0258118,22.19
5/6/2019,10500,433.0258118,22.19
5/7/2019,10500,433.0258118,22.19
5/8/2019,10500,433.0258118,22.19
5/9/2019,10500,433.0258118,22.19
5/10/2019,10500,433.0258118,22.19
5/11/2019,10500,433.0258118,22.19
5/12/2019,10500,433.0258118,22.19
5/13/2019,10500,433.0258118,22.19
5/14/2019,10500,433.0258118,22.19
5/15/2019,10500,433.0258118,22.19
5/16/2019,10500,433.0258118,22.19
5/17/2019,10500,433.0258118,21.59
5/18/2019,10500,433.0258118,21.59
5/19/2019,10500,433.0258118,21.59
5/20/2019,10500,433.0258118,21.59
5/21/2019,10500,433.0258118,21.59
5/22/2019,10500,433.0258118,21.59
5/23/2019,10500,433.0258118,21.59
5/24/2019,10500,433.0258118,21.59
5/25/2019,10500,433.0258118,21.59
5/26/2019,10500,433.0258118,21.59
5/27/2019,10500,433.0258118,21.59
5/28/2019,10500,433.0258118,21.59
5/29/2019,10500,433.0258118,21.59
5/30/2019,10500,433.0258118,21.59
5/31/2019,10500,433.0258118,21.59
6/1/2019,10500,442.9677112,21.21
6/2/2019,10500,442.9677112,21.21
6/3/2019,10500,442.9677112,21.21
6/4/2019,10500,442.9677112,21.21
6/5/2019,10500,442.9677112,21.21
6/6/2019,10500,442.9677112,21.21
6/7/2019,10500,442.9677112,21.21
6/8/2019,10500,442.9677112,21.21
6/9/2019,10500,442.9677112,21.21
6/10/2019,10500,442.9677112,21.21
6/11/2019,10500,442.9677112,21.21
6/12/2019,10500,442.9677112,21.21
6/13/2019,10500,442.9677112,21.21
6/14/2019,10500,442.9677112,21.21
6/15/2019,10500,442.9677112,21.21
6/16/2019,10500,442.9677112,21.21
6/17/2019,10500,442.9677112,20.13
6/18/2019,10500,442.9677112,20.13
6/19/2019,10500,442.9677112,20.13
6/20/2019,10500,442.9677112,20.13
6/21/2019,10500,442.9677112,20.13
6/22/2019,10500,442.9677112,20.13
6/23/2019,10500,442.9677112,20.13
6/24/2019,10500,442.9677112,20.13
6/25/2019,10500,442.9677112,20.13
6/26/2019,10500,442.9677112,20.13
6/27/2019,10500,442.9677112,20.13
6/28/2019,10500,442.9677112,20.13
6/29/2019,10500,442.9677112,20.13
6/30/2019,10500,442.9677112,20.13
7/1/2019,10500,437.13396,20.13
7/2/2019,10500,437.13396,20.51
7/3/2019,10500,437.13396,20.51
7/4/2019,10500,437.13396,20.51
7/5/2019,10500,437.13396,20.51
7/6/2019,10500,437.13396,20.51
7/7/2019,10500,437.13396,20.51
7/8/2019,10500,437.13396,20.51
7/9/2019,10500,437.13396,20.51
7/10/2019,10500,437.13396,20.51
7/11/2019,10500,437.13396,20.51
7/12/2019,10500,437.13396,20.51
7/13/2019,10500,437.13396,20.51
7/14/2019,10500,437.13396,20.51
7/15/2019,10500,437.13396,20.51
7/16/2019,10500,437.13396,20.51
7/17/2019,10500,437.13396,21.23
7/18/2019,10500,437.13396,21.23
7/19/2019,10500,437.13396,21.23
7/20/2019,10500,437.13396,21.23
7/21/2019,10500,437.13396,21.23
7/22/2019,10500,437.13396,21.23
7/23/2019,10500,437.13396,21.23
7/24/2019,10500,437.13396,21.23
7/25/2019,10500,437.13396,21.23
7/26/2019,10500,437.13396,21.23
7/27/2019,10500,437.13396,21.23
7/28/2019,10500,437.13396,21.23
7/29/2019,10500,437.13396,21.23
7/30/2019,10500,437.13396,21.23
7/31/2019,10500,437.13396,21.23
8/1/2019,10500,447.4633526,20.91
8/2/2019,10500,447.4633526,20.91
8/3/2019,10500,447.4633526,20.91
8/4/2019,10500,447.4633526,20.91
8/5/2019,10500,447.4633526,20.91
8/6/2019,10500,447.4633526,20.91
8/7/2019,10500,447.4633526,20.91
8/8/2019,10500,447.4633526,20.91
8/9/2019,10500,447.4633526,20.91
8/10/2019,10500,447.4633526,20.91
8/11/2019,10500,447.4633526,20.91
8/12/2019,10500,447.4633526,20.91
8/13/2019,10500,447.4633526,20.91
8/14/2019,10500,447.4633526,20.91
8/15/2019,10500,447.4633526,20.91
8/16/2019,10500,447.4633526,20.4
8/17/2019,10500,447.4633526,20.4
8/18/2019,10500,447.4633526,20.4
8/19/2019,10500,447.4633526,20.4
8/20/2019,10500,447.4633526,20.4
8/21/2019,10500,447.4633526,20.4
8/22/2019,10500,447.4633526,20.4
8/23/2019,10500,447.4633526,20.4
8/24/2019,10500,447.4633526,20.4
8/25/2019,10500,447.4633526,20.4
8/26/2019,10500,447.4633526,20.4
8/27/2019,10500,447.4633526,20.4
8/28/2019,10500,447.4633526,20.4
8/29/2019,10500,447.4633526,20.4
8/30/2019,10500,447.4633526,20.4
8/31/2019,10500,447.4633526,20.23
9/1/2019,10500,440.0409064,20.23
9/2/2019,10500,440.0409064,20.23
9/3/2019,10500,440.0409064,20.23
9/4/2019,10500,440.0409064,20.23
9/5/2019,10500,440.0409064,20.23
9/6/2019,10500,440.0409064,20.23
9/7/2019,10500,440.0409064,20.23
9/8/2019,10500,440.0409064,20.23
9/9/2019,10500,440.0409064,20.23
9/10/2019,10500,440.0409064,20.23
9/11/2019,10500,440.0409064,20.23
9/12/2019,10500,440.0409064,20.23
9/13/2019,10500,440.0409064,20.23
9/14/2019,10500,440.0409064,20.23
9/15/2019,10500,440.0409064,20.23
9/16/2019,10500,440.0409064,20.14
9/17/2019,10500,440.0409064,20.14
9/18/2019,10500,440.0409064,20.14
9/19/2019,10500,440.0409064,20.14
9/20/2019,10500,440.0409064,20.14
9/21/2019,10500,440.0409064,20.14
9/22/2019,10500,440.0409064,20.14
9/23/2019,10500,440.0409064,20.14
9/24/2019,10500,440.0409064,20.14
9/25/2019,10500,440.0409064,20.14
9/26/2019,10500,440.0409064,20.14
9/27/2019,10500,440.0409064,20.14
9/28/2019,10500,440.0409064,20.14
9/29/2019,10500,440.0409064,20.14
9/30/2019,10500,440.0409064,20.14
10/1/2019,11000,462.6124191,21.06
10/2/2019,11000,462.6124191,21.06
10/3/2019,11000,462.6124191,21.06
10/4/2019,11000,462.6124191,21.06
10/5/2019,11000,462.6124191,21.06
10/6/2019,11000,462.6124191,21.06
10/7/2019,11000,462.6124191,21.06
10/8/2019,11000,462.6124191,21.06
10/9/2019,11000,462.6124191,21.06
10/10/2019,11000,462.6124191,21.06
10/11/2019,11000,462.6124191,21.06
10/12/2019,11000,462.6124191,21.06
10/13/2019,11000,462.6124191,21.06
10/14/2019,11000,462.6124191,21.06
10/15/2019,11000,462.6124191,21.06
10/16/2019,11000,462.6124191,20.79
10/17/2019,11000,462.6124191,20.79
10/18/2019,11000,462.6124191,20.79
10/19/2019,11000,462.6124191,20.79
10/20/2019,11000,462.6124191,20.79
10/21/2019,11000,462.6124191,20.79
10/22/2019,11000,462.6124191,20.79
10/23/2019,11000,462.6124191,20.79
10/24/2019,11000,462.6124191,20.79
10/25/2019,11000,462.6124191,20.79
10/26/2019,11000,462.6124191,20.79
10/27/2019,11000,462.6124191,20.79
10/28/2019,11000,462.6124191,20.79
10/29/2019,11000,462.6124191,20.79
10/30/2019,11000,462.6124191,20.79
10/31/2019,11000,462.6124191,20.44
11/1/2019,11000,460.0780562,20.44
11/2/2019,11000,460.0780562,20.44
11/3/2019,11000,460.0780562,20.44
11/4/2019,11000,460.0780562,20.44
11/5/2019,11000,460.0780562,20.44
11/6/2019,11000,460.0780562,20.44
11/7/2019,11000,460.0780562,20.44
11/8/2019,11000,460.0780562,20.44
11/9/2019,11000,460.0780562,20.44
11/10/2019,11000,460.0780562,20.44
11/11/2019,11000,460.0780562,20.44
11/12/2019,11000,460.0780562,20.44
11/13/2019,11000,460.0780562,20.44
11/14/2019,11000,460.0780562,20.44
11/15/2019,11000,460.0780562,20.79
11/16/2019,11000,460.0780562,20.79
11/17/2019,11000,460.0780562,20.79
11/18/2019,11000,460.0780562,20.79
11/19/2019,11000,460.0780562,20.79
11/20/2019,11000,460.0780562,20.79
11/21/2019,11000,460.0780562,20.79
11/22/2019,11000,460.0780562,20.79
11/23/2019,11000,460.0780562,20.79
11/24/2019,11000,460.0780562,20.79
11/25/2019,11000,460.0780562,20.79
11/26/2019,11000,460.0780562,20.79
11/27/2019,11000,460.0780562,20.79
11/28/2019,11000,460.0780562,20.79
11/29/2019,11000,460.0780562,20.79
11/30/2019,11000,460.0780562,21.07
12/1/2019,11000,456.3393458,21.07
12/2/2019,11000,456.3393458,21.07
12/3/2019,11000,456.3393458,21.07
12/4/2019,11000,456.3393458,21.07
12/5/2019,11000,456.3393458,21.07
12/6/2019,11000,456.3393458,21.07
12/7/2019,11000,456.3393458,21.07
12/8/2019,11000,456.3393458,21.07
12/9/2019,11000,456.3393458,21.07
12/10/2019,11000,456.3393458,21.07
12/11/2019,11000,456.3393458,21.07
12/12/2019,11000,456.3393458,21.07
12/13/2019,11000,456.3393458,21.07
12/14/2019,11000,456.3393458,21.07
12/15/2019,11000,456.3393458,21.07
12/16/2019,11000,456.3393458,20.88
12/17/2019,11000,456.3393458,20.88
12/18/2019,11000,456.3393458,20.88
12/19/2019,11000,456.3393458,20.88
12/20/2019,11000,456.3393458,20.88
12/21/2019,11000,456.3393458,20.88
12/22/2019,11000,456.3393458,20.88
12/23/2019,11000,456.3393458,20.88
12/24/2019,11000,456.3393458,20.88
12/25/2019,11000,456.3393458,20.88
12/26/2019,11000,456.3393458,20.88
12/27/2019,11000,456.3393458,20.88
12/28/2019,11000,456.3393458,20.88
12/29/2019,11000,456.3393458,20.88
12/30/2019,11000,456.3393458,20.88
12/31/2019,11000,456.3393458,20.99
1/1/2020,11000,478.1668228,20.99
1/2/2020,11000,478.1668228,20.99
1/3/2020,11000,478.1668228,20.99
1/4/2020,11000,478.1668228,20.99
1/5/2020,11000,478.1668228,20.99
1/6/2020,11000,478.1668228,20.99
1/7/2020,11000,478.1668228,20.99
1/8/2020,11000,478.1668228,20.99
1/9/2020,11000,478.1668228,20.99
1/10/2020,11000,478.1668228,20.99
1/11/2020,11000,478.1668228,20.99
1/12/2020,11000,478.1668228,20.99
1/13/2020,11000,478.1668228,20.99
1/14/2020,11000,478.1668228,20.99
1/15/2020,11000,478.1668228,20.91
1/16/2020,11000,478.1668228,20.91
1/17/2020,11000,478.1668228,20.91
1/18/2020,11000,478.1668228,20.91
1/19/2020,11000,478.1668228,20.91
1/20/2020,11000,478.1668228,20.91
1/21/2020,11000,478.1668228,20.91
1/22/2020,11000,478.1668228,20.91
1/23/2020,11000,478.1668228,20.91
1/24/2020,11000,478.1668228,20.91
1/25/2020,11000,478.1668228,20.91
1/26/2020,11000,478.1668228,20.91
1/27/2020,11000,478.1668228,20.91
1/28/2020,11000,478.1668228,20.91
1/29/2020,11000,478.1668228,20.91
1/30/2020,11000,478.1668228,20.12
1/31/2020,11000,478.1668228,20.12
2/1/2020,11000,446.9065172,20.12
2/2/2020,11000,446.9065172,20.12
2/3/2020,11000,446.9065172,20.12
2/4/2020,11000,446.9065172,20.12
2/5/2020,11000,446.9065172,20.12
2/6/2020,11000,446.9065172,20.12
2/7/2020,11000,446.9065172,20.12
2/8/2020,11000,446.9065172,20.12
2/9/2020,11000,446.9065172,20.12
2/10/2020,11000,446.9065172,20.12
2/11/2020,11000,446.9065172,20.12
2/12/2020,11000,446.9065172,20.12
2/13/2020,11000,446.9065172,20.12
2/14/2020,11000,446.9065172,19.38
2/15/2020,11000,446.9065172,19.38
2/16/2020,11000,446.9065172,19.38
2/17/2020,11000,446.9065172,19.38
2/18/2020,11000,446.9065172,19.38
2/19/2020,11000,446.9065172,19.38
2/20/2020,11000,446.9065172,19.38
2/21/2020,11000,446.9065172,19.38
2/22/2020,11000,446.9065172,19.38
2/23/2020,11000,446.9065172,19.38
2/24/2020,11000,446.9065172,19.38
2/25/2020,11000,446.9065172,19.38
2/26/2020,11000,446.9065172,19.38
2/27/2020,11000,446.9065172,19.38
2/28/2020,11000,446.9065172,19.38
2/29/2020,11000,446.9065172,19.12
3/1/2020,11000,459.0985937,19.12
3/2/2020,11000,459.0985937,19.12
3/3/2020,11000,459.0985937,19.12
3/4/2020,11000,459.0985937,19.12
3/5/2020,11000,459.0985937,19.12
3/6/2020,11000,459.0985937,19.12
3/7/2020,11000,459.0985937,19.12
3/8/2020,11000,459.0985937,19.12
3/9/2020,11000,459.0985937,19.12
3/10/2020,11000,459.0985937,19.12
3/11/2020,11000,459.0985937,19.12
3/12/2020,11000,459.0985937,19.12
3/13/2020,11000,459.0985937,19.12
3/14/2020,11000,459.0985937,19.12
3/15/2020,11000,459.0985937,16.81
3/16/2020,11000,459.0985937,16.81
3/17/2020,11000,459.0985937,16.81
3/18/2020,11000,459.0985937,16.81
3/19/2020,11500,459.0985937,16.81
3/20/2020,11500,459.0985937,16.81
3/21/2020,11500,459.0985937,16.81
3/22/2020,11500,459.0985937,16.81
3/23/2020,11500,459.0985937,16.81
3/24/2020,11500,459.0985937,16.81
3/25/2020,11500,459.0985937,16.81
3/26/2020,11500,459.0985937,16.81
3/27/2020,11500,459.0985937,16.81
3/28/2020,11500,459.0985937,16.81
3/29/2020,11500,459.0985937,16.81
3/30/2020,11500,459.0985937,16.81
3/31/2020,11500,459.0985937,16.81
4/1/2020,11500,498.5798917,16.81
4/2/2020,11500,498.5798917,16.81
4/3/2020,11500,498.5798917,16.81
4/4/2020,11500,498.5798917,16.81
4/5/2020,11500,498.5798917,16.81
4/6/2020,11500,498.5798917,16.81
4/7/2020,11500,498.5798917,16.81
4/8/2020,11500,498.5798917,16.81
4/9/2020,11500,498.5798917,16.81
4/10/2020,11500,498.5798917,16.81
4/11/2020,11500,498.5798917,16.81
4/12/2020,11500,498.5798917,16.81
4/13/2020,11500,498.5798917,16.81
4/14/2020,11500,498.5798917,16.81
4/15/2020,11500,498.5798917,16.81
4/16/2020,11500,498.5798917,16.81
4/17/2020,11500,498.5798917,16.81
4/18/2020,11500,498.5798917,16.81
4/19/2020,11500,498.5798917,16.81
4/20/2020,11500,498.5798917,16.81
4/21/2020,11500,498.5798917,16.81
4/22/2020,11500,498.5798917,16.81
4/23/2020,11500,498.5798917,16.81
4/24/2020,11500,498.5798917,16.81
4/25/2020,11500,498.5798917,16.81
4/26/2020,11500,498.5798917,16.81
4/27/2020,11500,498.5798917,16.81
4/28/2020,11500,498.5798917,16.81
4/29/2020,11500,498.5798917,16.81
4/30/2020,11500,498.5798917,16.81
5/1/2020,11500,516.3209204,16.81
5/2/2020,11500,516.3209204,16.81
5/3/2020,11500,516.3209204,16.81
5/4/2020,11500,516.3209204,16.81
5/5/2020,11500,516.3209204,16.81
5/6/2020,11500,516.3209204,16.81
5/7/2020,11500,516.3209204,16.81
5/8/2020,11500,516.3209204,16.81
5/9/2020,11500,516.3209204,16.81
5/10/2020,11500,516.3209204,16.81
5/11/2020,11500,516.3209204,16.81
5/12/2020,11500,516.3209204,16.81
5/13/2020,11500,516.3209204,16.81
5/14/2020,11500,516.3209204,16.81
5/15/2020,11500,516.3209204,16.81
5/16/2020,11500,516.3209204,16.81
5/17/2020,11500,516.3209204,16.81
5/18/2020,11500,516.3209204,16.81
5/19/2020,11500,516.3209204,16.81
5/20/2020,11500,516.3209204,16.81
5/21/2020,11500,516.3209204,16.81
5/22/2020,11500,516.3209204,16.81
5/23/2020,11500,516.3209204,16.81
5/24/2020,11500,516.3209204,16.81
5/25/2020,11500,516.3209204,16.81
5/26/2020,11500,516.3209204,16.81
5/27/2020,11500,516.3209204,16.81
5/28/2020,11500,516.3209204,16.81
5/29/2020,11500,516.3209204,16.81
5/30/2020,11500,516.3209204,16.81
5/31/2020,11500,516.3209204,16.81
6/1/2020,11500,504.557649,16.81
6/2/2020,11500,504.557649,16.81
6/3/2020,11500,504.557649,16.81
6/4/2020,11500,504.557649,16.81
6/5/2020,11500,504.557649,16.81
6/6/2020,11500,504.557649,16.81
6/7/2020,11500,504.557649,16.81
6/8/2020,11500,504.557649,16.81
6/9/2020,11500,504.557649,16.81
6/10/2020,11500,504.557649,16.81
6/11/2020,11500,504.557649,16.81
6/12/2020,11500,504.557649,16.81
6/13/2020,11500,504.557649,16.81
6/14/2020,11500,504.557649,16.81
6/15/2020,11500,504.557649,16.81
6/16/2020,11500,504.557649,16.81
6/17/2020,11500,504.557649,16.81
6/18/2020,11500,504.557649,16.81
6/19/2020,11500,504.557649,16.81
6/20/2020,11500,504.557649,16.81
6/21/2020,11500,504.557649,16.81
6/22/2020,11500,504.557649,16.81
6/23/2020,11500,504.557649,16.81
6/24/2020,11500,504.557649,16.81
6/25/2020,11500,504.557649,16.81
6/26/2020,11500,504.557649,16.81
6/27/2020,11500,504.557649,14.97
6/28/2020,11500,504.557649,14.97
6/29/2020,11500,504.557649,14.97
6/30/2020,11500,504.557649,14.97
7/1/2020,11500,484.0054187,14.97
7/2/2020,11500,484.0054187,14.97
7/3/2020,11500,484.0054187,14.97
7/4/2020,11500,484.0054187,14.97
7/5/2020,11500,484.0054187,14.97
7/6/2020,11500,484.0054187,14.97
7/7/2020,11500,484.0054187,14.97
7/8/2020,11500,484.0054187,14.97
7/9/2020,11500,484.0054187,14.97
7/10/2020,11500,484.0054187,14.97
7/11/2020,11500,484.0054187,14.97
7/12/2020,11500,484.0054187,14.97
7/13/2020,11500,484.0054187,14.97
7/14/2020,11500,484.0054187,14.97
7/15/2020,11500,484.0054187,14.97
7/16/2020,11500,484.0054187,14.97
7/17/2020,11500,484.0054187,14.97
7/18/2020,11500,484.0054187,14.97
7/19/2020,11500,484.0054187,14.97
7/20/2020,11500,484.0054187,14.97
7/21/2020,11500,484.0054187,14.97
7/22/2020,11500,484.0054187,14.97
7/23/2020,11500,484.0054187,14.97
7/24/2020,11500,484.0054187,14.97
7/25/2020,11500,484.0054187,14.97
7/26/2020,11500,484.0054187,14.97
7/27/2020,11500,484.0054187,14.97
7/28/2020,11500,484.0054187,14.97
7/29/2020,11500,484.0054187,14.97
7/30/2020,11500,484.0054187,14.97
7/31/2020,11500,484.0054187,14.97
8/1/2020,11500,502.5489559,14.97
8/2/2020,11500,502.5489559,14.97
8/3/2020,11500,502.5489559,14.97
8/4/2020,11500,502.5489559,14.97
8/5/2020,11500,502.5489559,14.97
8/6/2020,11500,502.5489559,14.97
8/7/2020,11500,502.5489559,14.97
8/8/2020,11500,502.5489559,14.97
8/9/2020,11500,502.5489559,14.97
8/10/2020,11500,502.5489559,14.97
8/11/2020,11500,502.5489559,14.97
8/12/2020,11500,502.5489559,14.92
8/13/2020,11500,502.5489559,14.92
8/14/2020,11500,502.5489559,14.92
8/15/2020,11500,502.5489559,14.92
8/16/2020,11500,502.5489559,14.92
8/17/2020,11500,502.5489559,14.92
8/18/2020,11500,502.5489559,14.92
8/19/2020,11500,502.5489559,14.92
8/20/2020,11500,502.5489559,14.92
8/21/2020,11500,502.5489559,14.92
8/22/2020,11500,502.5489559,14.92
8/23/2020,11500,502.5489559,14.92
8/24/2020,11500,502.5489559,14.92
8/25/2020,11500,502.5489559,14.92
8/26/2020,11500,502.5489559,14.92
8/27/2020,11500,502.5489559,15.11
8/28/2020,11500,502.5489559,15.11
8/29/2020,11500,502.5489559,15.11
8/30/2020,11500,502.5489559,15.11
8/31/2020,11500,502.5489559,15.11
9/1/2020,11500,508.0163869,15.11
9/2/2020,11500,508.0163869,15.11
9/3/2020,11500,508.0163869,15.11
9/4/2020,11500,508.0163869,15.11
9/5/2020,11500,508.0163869,15.11
9/6/2020,11500,508.0163869,15.11
9/7/2020,11500,508.0163869,15.11
9/8/2020,11500,508.0163869,15.11
9/9/2020,11500,508.0163869,15.11
9/10/2020,11500,508.0163869,15.11
9/11/2020,11500,508.0163869,14.98
9/12/2020,11500,508.0163869,14.98
9/13/2020,11500,508.0163869,14.98
9/14/2020,11500,508.0163869,14.98
9/15/2020,11500,508.0163869,14.98
9/16/2020,11500,508.0163869,14.98
9/17/2020,11500,508.0163869,14.98
9/18/2020,11500,508.0163869,14.98
9/19/2020,11500,508.0163869,14.98
9/20/2020,11500,508.0163869,14.98
9/21/2020,11500,508.0163869,14.98
9/22/2020,11500,508.0163869,14.98
9/23/2020,11500,508.0163869,14.98
9/24/2020,11500,508.0163869,14.98
9/25/2020,11500,508.0163869,14.98
9/26/2020,11500,508.0163869,14.98
9/27/2020,11500,508.0163869,14.98
9/28/2020,11500,508.0163869,14.98
9/29/2020,11500,508.0163869,14.98
9/30/2020,11500,508.0163869,14.98
10/1/2020,11500,529.0606591,14.98
10/2/2020,11500,529.0606591,14.98
10/3/2020,11500,529.0606591,14.98
10/4/2020,11500,529.0606591,14.98
10/5/2020,11500,529.0606591,14.98
10/6/2020,11500,529.0606591,14.98
10/7/2020,11500,529.0606591,14.98
10/8/2020,11500,529.0606591,14.98
10/9/2020,11500,529.0606591,14.98
10/10/2020,11500,529.0606591,14.98
10/11/2020,11500,529.0606591,14.98
10/12/2020,11500,529.0606591,15.12
10/13/2020,11500,529.0606591,15.12
10/14/2020,11500,529.0606591,15.12
10/15/2020,11500,529.0606591,15.12
10/16/2020,11500,529.0606591,15.12
10/17/2020,11500,529.0606591,15.12
10/18/2020,11500,529.0606591,15.12
10/19/2020,11500,529.0606591,15.12
10/20/2020,11500,529.0606591,15.12
10/21/2020,11500,529.0606591,15.12
10/22/2020,11500,529.0606591,15.12
10/23/2020,11500,529.0606591,15.12
10/24/2020,11500,529.0606591,15.12
10/25/2020,11500,529.0606591,15.12
10/26/2020,11500,529.0606591,15.12
10/27/2020,11500,529.0606591,14.94
10/28/2020,11500,529.0606591,14.94
10/29/2020,11500,529.0606591,14.94
10/30/2020,11500,529.0606591,14.94
10/31/2020,11500,529.0606591,14.94
11/1/2020,11500,537.5819467,14.94
11/2/2020,11500,537.5819467,14.94
11/3/2020,11500,537.5819467,14.94
11/4/2020,11500,537.5819467,14.94
11/5/2020,11500,537.5819467,14.94
11/6/2020,11500,537.5819467,14.94
11/7/2020,11500,537.5819467,14.94
11/8/2020,11500,537.5819467,14.94
11/9/2020,11500,537.5819467,14.94
11/10/2020,11500,537.5819467,14.94
11/11/2020,11500,537.5819467,14.7
11/12/2020,11500,537.5819467,14.7
11/13/2020,11500,537.5819467,14.7
11/14/2020,11500,537.5819467,14.7
11/15/2020,11500,537.5819467,14.7
11/16/2020,11500,537.5819467,14.7
11/17/2020,11500,537.5819467,14.7
11/18/2020,11500,537.5819467,14.7
11/19/2020,11500,537.5819467,14.7
11/20/2020,11500,537.5819467,14.7
11/21/2020,11500,537.5819467,14.7
11/22/2020,11500,537.5819467,14.7
11/23/2020,11500,537.5819467,14.7
11/24/2020,11500,537.5819467,14.7
11/25/2020,11500,537.5819467,14.7
11/26/2020,11500,537.5819467,15.35
11/27/2020,11500,537.5819467,15.35
11/28/2020,11500,537.5819467,15.35
11/29/2020,11500,537.5819467,15.35
11/30/2020,11500,537.5819467,15.35
12/1/2020,11500,533.8265877,15.35
12/2/2020,11500,533.8265877,15.35
12/3/2020,11500,533.8265877,15.35
12/4/2020,11500,533.8265877,15.35
12/5/2020,11500,533.8265877,15.35
12/6/2020,11500,533.8265877,15.35
12/7/2020,11500,533.8265877,15.35
12/8/2020,11500,533.8265877,15.35
12/9/2020,11500,533.8265877,15.35
12/10/2020,11500,533.8265877,15.35
12/11/2020,11500,533.8265877,16
12/12/2020,11500,533.8265877,16
12/13/2020,11500,533.8265877,16
12/14/2020,11500,533.8265877,16
12/15/2020,11000,533.8265877,16
12/16/2020,11000,533.8265877,16
12/17/2020,11000,533.8265877,16
12/18/2020,11000,533.8265877,16
12/19/2020,11000,533.8265877,16
12/20/2020,11000,533.8265877,16
12/21/2020,11000,533.8265877,16
12/22/2020,11000,533.8265877,16
12/23/2020,11000,533.8265877,16
12/24/2020,11000,533.8265877,16
12/25/2020,11000,533.8265877,16
12/26/2020,11000,533.8265877,16.47
12/27/2020,11000,533.8265877,16.47
12/28/2020,11500,533.8265877,16.47
12/29/2020,11500,533.8265877,16.47
12/30/2020,11500,533.8265877,16.47
12/31/2020,11500,533.8265877,16.47
1/1/2021,11500,551.743549,16.47
1/2/2021,11500,551.743549,16.47
1/3/2021,11500,551.743549,16.47
1/4/2021,11500,551.743549,16.47
1/5/2021,11500,551.743549,16.47
1/6/2021,11500,551.743549,16.47
1/7/2021,11500,551.743549,16.47
1/8/2021,11500,551.743549,16.47
1/9/2021,11500,551.743549,16.47
1/10/2021,11500,551.743549,16.47
1/11/2021,11500,551.743549,16.93
1/12/2021,11500,551.743549,16.93
1/13/2021,11500,551.743549,16.93
1/14/2021,11500,551.743549,16.93
1/15/2021,11500,551.743549,16.93
1/16/2021,11500,551.743549,16.93
1/17/2021,11500,551.743549,16.93
1/18/2021,11500,551.743549,16.93
1/19/2021,11500,551.743549,16.93
1/20/2021,11500,551.743549,16.93
1/21/2021,11500,551.743549,16.93
1/22/2021,11500,551.743549,16.93
1/23/2021,11500,551.743549,16.93
1/24/2021,11500,551.743549,16.93
1/25/2021,11500,551.743549,16.93
1/26/2021,11500,551.743549,17.27
1/27/2021,11500,551.743549,17.27
1/28/2021,11500,551.743549,17.27
1/29/2021,11500,551.743549,17.27
1/30/2021,11500,551.743549,17.27
1/31/2021,11500,551.743549,17.27
2/1/2021,11500,543.6808851,17.27
2/2/2021,11500,543.6808851,17.27
2/3/2021,11500,543.6808851,17.27
2/4/2021,11500,543.6808851,17.27
2/5/2021,11500,543.6808851,17.27
2/6/2021,11500,543.6808851,17.27
2/7/2021,11500,543.6808851,17.27
2/8/2021,11500,543.6808851,17.27
2/9/2021,11500,543.6808851,17.27
2/10/2021,11500,543.6808851,17.27
2/11/2021,11500,543.6808851,17.27
2/12/2021,11500,543.6808851,17.27
2/13/2021,11500,543.6808851,17.27
2/14/2021,11500,543.6808851,17.27
2/15/2021,11500,543.6808851,17.27
2/16/2021,11500,543.6808851,17.27
2/17/2021,11500,543.6808851,17.27
2/18/2021,11500,543.6808851,17.27
2/19/2021,11500,543.6808851,17.27
2/20/2021,11500,543.6808851,17.27
2/21/2021,11500,543.6808851,17.27
2/22/2021,11500,543.6808851,17.27
2/23/2021,11500,543.6808851,17.27
2/24/2021,11500,543.6808851,17.27
2/25/2021,11500,543.6808851,18.08
2/26/2021,11500,543.6808851,18.08
2/27/2021,11500,543.6808851,18.08
2/28/2021,11500,543.6808851,18.08
3/1/2021,11500,539.5395351,18.08
3/2/2021,11500,539.5395351,18.08
3/3/2021,11500,539.5395351,18.08
3/4/2021,11500,539.5395351,18.08
3/5/2021,12000,539.5395351,18.08
3/6/2021,12000,539.5395351,18.08
3/7/2021,12000,539.5395351,18.08
3/8/2021,12000,539.5395351,18.08
3/9/2021,12000,539.5395351,18.08
3/10/2021,12000,539.5395351,18.08
3/11/2021,12000,539.5395351,18.08
3/12/2021,12000,539.5395351,18.88
3/13/2021,12000,539.5395351,18.88
3/14/2021,12000,539.5395351,18.88
3/15/2021,11500,539.5395351,18.88
3/16/2021,11500,539.5395351,18.88
3/17/2021,11500,539.5395351,18.88
3/18/2021,11500,539.5395351,18.88
3/19/2021,11500,539.5395351,18.88
3/20/2021,11500,539.5395351,18.88
3/21/2021,11500,539.5395351,18.88
3/22/2021,11500,539.5395351,18.88
3/23/2021,11500,539.5395351,18.88
3/24/2021,11500,539.5395351,18.88
3/25/2021,11500,539.5395351,18.88
3/26/2021,11500,539.5395351,18.88
3/27/2021,11500,539.5395351,19.04
3/28/2021,11500,539.5395351,19.04
3/29/2021,11500,539.5395351,19.04
3/30/2021,11500,539.5395351,19.04
3/31/2021,11500,539.5395351,19.04
4/1/2021,11500,542.3673294,19.04
4/2/2021,11500,542.3673294,19.04
4/3/2021,11500,542.3673294,19.04
4/4/2021,11500,542.3673294,19.04
4/5/2021,11500,542.3673294,19.04
4/6/2021,11500,542.3673294,19.04
4/7/2021,11500,542.3673294,19.04
4/8/2021,11500,542.3673294,19.04
4/9/2021,11500,542.3673294,19.04
4/10/2021,11500,542.3673294,19.04
4/11/2021,11500,542.3673294,19.04
4/12/2021,11500,542.3673294,18.97
4/13/2021,11500,542.3673294,18.97
4/14/2021,11500,542.3673294,18.97
4/15/2021,11500,542.3673294,18.97
4/16/2021,11500,542.3673294,18.97
4/17/2021,11500,542.3673294,18.97
4/18/2021,11500,542.3673294,18.97
4/19/2021,11500,542.3673294,18.97
4/20/2021,11500,542.3673294,18.97
4/21/2021,11500,542.3673294,18.97
4/22/2021,11500,542.3673294,18.97
4/23/2021,12000,542.3673294,18.97
4/24/2021,12000,542.3673294,18.97
4/25/2021,12000,542.3673294,18.97
4/26/2021,12000,542.3673294,18.97
4/27/2021,12000,542.3673294,19.16
4/28/2021,12000,542.3673294,19.16
4/29/2021,11500,542.3673294,19.16
4/30/2021,11500,542.3673294,19.16
5/1/2021,11500,540.9679697,19.16
5/2/2021,11500,540.9679697,19.16
5/3/2021,11500,540.9679697,19.16
5/4/2021,12000,540.9679697,19.16
5/5/2021,12000,540.9679697,19.16
5/6/2021,12000,540.9679697,19.16
5/7/2021,12000,540.9679697,19.16
5/8/2021,12000,540.9679697,19.16
5/9/2021,12000,540.9679697,19.16
5/10/2021,12000,540.9679697,19.16
5/11/2021,12000,540.9679697,19.16
5/12/2021,12000,540.9679697,19.53
5/13/2021,12000,540.9679697,19.53
5/14/2021,12000,540.9679697,19.53
5/15/2021,12000,540.9679697,19.53
5/16/2021,12000,540.9679697,19.53
5/17/2021,12000,540.9679697,19.53
5/18/2021,12000,540.9679697,19.53
5/19/2021,12000,540.9679697,19.53
5/20/2021,12000,540.9679697,19.53
5/21/2021,12000,540.9679697,19.53
5/22/2021,12000,540.9679697,19.53
5/23/2021,12000,540.9679697,19.53
5/24/2021,12000,540.9679697,19.53
5/25/2021,12000,540.9679697,19.53
5/26/2021,12000,540.9679697,19.53
5/27/2021,12000,540.9679697,19.53
5/28/2021,12000,540.9679697,19.53
5/29/2021,12000,540.9679697,19.53
5/30/2021,12000,540.9679697,19.53
5/31/2021,12000,540.9679697,19.53
6/1/2021,12000,553.9775485,19.53
6/2/2021,12000,553.9775485,19.53
6/3/2021,12000,553.9775485,19.53
6/4/2021,12000,553.9775485,19.53
6/5/2021,12000,553.9775485,19.53
6/6/2021,12000,553.9775485,19.53
6/7/2021,12000,553.9775485,19.53
6/8/2021,12000,553.9775485,19.53
6/9/2021,12000,553.9775485,19.53
6/10/2021,12500,553.9775485,19.53
6/11/2021,13250,553.9775485,20.16
6/12/2021,13250,553.9775485,20.16
6/13/2021,13250,553.9775485,20.16
6/14/2021,12500,553.9775485,20.16
6/15/2021,12500,553.9775485,20.16
6/16/2021,12500,553.9775485,20.16
6/17/2021,12500,553.9775485,20.16
6/18/2021,12500,553.9775485,20.16
6/19/2021,12500,553.9775485,20.16
6/20/2021,12500,553.9775485,20.16
6/21/2021,12500,553.9775485,20.16
6/22/2021,12500,553.9775485,20.16
6/23/2021,12500,553.9775485,20.16
6/24/2021,12000,553.9775485,20.16
6/25/2021,12000,553.9775485,20.16
6/26/2021,12000,553.9775485,20.91
6/27/2021,12000,553.9775485,20.91
6/28/2021,12000,553.9775485,20.91
6/29/2021,12000,553.9775485,20.91
6/30/2021,12000,553.9775485,20.91
7/1/2021,12000,516.6904788,20.91
7/2/2021,12000,516.6904788,20.91
7/3/2021,12000,516.6904788,20.91
7/4/2021,12000,516.6904788,20.91
7/5/2021,12000,516.6904788,20.91
7/6/2021,12000,516.6904788,20.91
7/7/2021,12000,516.6904788,20.91
7/8/2021,12000,516.6904788,20.91
7/9/2021,12000,516.6904788,20.91
7/10/2021,12000,516.6904788,20.91
7/11/2021,12000,516.6904788,20.91
7/12/2021,12000,516.6904788,21.78
7/13/2021,12000,516.6904788,21.78
7/14/2021,12000,516.6904788,21.78
7/15/2021,12000,516.6904788,21.78
7/16/2021,12000,516.6904788,21.78
7/17/2021,12000,516.6904788,21.78
7/18/2021,12000,516.6904788,21.78
7/19/2021,12000,516.6904788,21.78
7/20/2021,12000,516.6904788,21.78
7/21/2021,12000,516.6904788,21.78
7/22/2021,12000,516.6904788,21.78
7/23/2021,12000,516.6904788,21.78
7/24/2021,12000,516.6904788,21.78
7/25/2021,12000,516.6904788,21.78
7/26/2021,12500,516.6904788,21.78
7/27/2021,12500,516.6904788,21.68
7/28/2021,12500,516.6904788,21.68
7/29/2021,12500,516.6904788,21.68
7/30/2021,12500,516.6904788,21.68
7/31/2021,12500,516.6904788,21.68
8/1/2021,12500,487.555849,21.68
8/2/2021,12500,487.555849,21.68
8/3/2021,12500,487.555849,21.68
8/4/2021,12800,487.555849,21.68
8/5/2021,12800,487.555849,21.68
8/6/2021,12000,487.555849,21.68
8/7/2021,12000,487.555849,21.68
8/8/2021,12000,487.555849,21.68
8/9/2021,12000,487.555849,21.68
8/10/2021,11500,487.555849,21.68
8/11/2021,11500,487.555849,21.68
8/12/2021,11500,487.555849,21.68
8/13/2021,11500,487.555849,21.68
8/14/2021,11500,487.555849,21.68
8/15/2021,11500,487.555849,21.68
8/16/2021,11500,487.555849,21.68
8/17/2021,11500,487.555849,21.68
8/18/2021,11500,487.555849,21.68
8/19/2021,11500,487.555849,21.68
8/20/2021,11500,487.555849,21.68
8/21/2021,11500,487.555849,21.68
8/22/2021,11500,487.555849,21.68
8/23/2021,11500,487.555849,21.68
8/24/2021,11500,487.555849,21.68
8/25/2021,11500,487.555849,21.68
8/26/2021,11500,487.555849,21.13
8/27/2021,11500,487.555849,21.13
8/28/2021,11500,487.555849,21.13
8/29/2021,11500,487.555849,21.13
8/30/2021,11500,487.555849,21.13
8/31/2021,11500,487.555849,21.13
9/1/2021,11500,493.8297693,21.13
9/2/2021,11500,493.8297693,21.13
9/3/2021,11500,493.8297693,21.13
9/4/2021,11500,493.8297693,21.13
9/5/2021,11500,493.8297693,21.13
9/6/2021,11500,493.8297693,21.13
9/7/2021,11500,493.8297693,21.13
9/8/2021,11500,493.8297693,21.13
9/9/2021,11500,493.8297693,21.13
9/10/2021,11500,493.8297693,21.39
9/11/2021,11500,493.8297693,21.39
9/12/2021,11500,493.8297693,21.39
9/13/2021,11500,493.8297693,21.39
9/14/2021,11500,493.8297693,21.39
9/15/2021,11500,493.8297693,21.39
9/16/2021,11500,493.8297693,21.39
9/17/2021,11500,493.8297693,21.39
9/18/2021,11500,493.8297693,21.39
9/19/2021,11500,493.8297693,21.39
9/20/2021,11500,493.8297693,21.39
9/21/2021,11500,493.8297693,21.39
9/22/2021,11500,493.8297693,21.39
9/23/2021,11500,493.8297693,21.39
9/24/2021,11500,493.8297693,21.39
9/25/2021,11500,493.8297693,21.94
9/26/2021,11500,493.8297693,21.94
9/27/2021,11500,493.8297693,21.94
9/28/2021,11500,493.8297693,21.94
9/29/2021,11500,493.8297693,21.94
9/30/2021,11500,493.8297693,21.94
10/1/2021,11500,520.8041371,21.94
10/2/2021,11500,520.8041371,21.94
10/3/2021,11500,520.8041371,21.94
10/4/2021,11500,520.8041371,21.94
10/5/2021,11500,520.8041371,21.94
10/6/2021,11500,520.8041371,21.94
10/7/2021,12000,520.8041371,21.94
10/8/2021,12000,520.8041371,21.94
10/9/2021,12000,520.8041371,21.94
10/10/2021,12000,520.8041371,21.94
10/11/2021,11500,520.8041371,22.87
10/12/2021,11500,520.8041371,22.87
10/13/2021,11500,520.8041371,22.87
10/14/2021,11500,520.8041371,22.87
10/15/2021,11500,520.8041371,22.87
10/16/2021,11500,520.8041371,22.87
10/17/2021,11500,520.8041371,22.87
10/18/2021,11500,520.8041371,22.87
10/19/2021,11500,520.8041371,22.87
10/20/2021,11500,520.8041371,22.87
10/21/2021,11500,520.8041371,22.87
10/22/2021,11500,520.8041371,22.87
10/23/2021,11500,520.8041371,22.87
10/24/2021,11500,520.8041371,22.87
10/25/2021,11500,520.8041371,22.87
10/26/2021,11500,520.8041371,24.33
10/27/2021,11500,520.8041371,24.33
10/28/2021,11500,520.8041371,24.33
10/29/2021,11500,520.8041371,24.33
10/30/2021,11500,520.8041371,24.33
10/31/2021,11500,520.8041371,24.33
11/1/2021,11500,523.351585,24.33
11/2/2021,11500,523.351585,24.33
11/3/2021,11500,523.351585,24.33
11/4/2021,11500,523.351585,24.33
11/5/2021,12000,523.351585,24.33
11/6/2021,12000,523.351585,24.33
11/7/2021,12000,523.351585,24.33
11/8/2021,12000,523.351585,24.33
11/9/2021,13000,523.351585,24.33
11/10/2021,12000,523.351585,24.99
11/11/2021,12000,523.351585,24.99
11/12/2021,12000,523.351585,24.99
11/13/2021,12000,523.351585,24.99
11/14/2021,12000,523.351585,24.99
11/15/2021,12000,523.351585,24.99
11/16/2021,12000,523.351585,24.99
11/17/2021,12000,523.351585,24.99
11/18/2021,12000,523.351585,24.99
11/19/2021,12000,523.351585,24.99
11/20/2021,12000,523.351585,24.99
11/21/2021,12000,523.351585,24.99
11/22/2021,12000,523.351585,24.99
11/23/2021,12000,523.351585,24.99
11/24/2021,12000,523.351585,24.99
11/25/2021,12000,523.351585,23.9
11/26/2021,12000,523.351585,23.9
11/27/2021,12000,523.351585,23.9
11/28/2021,12000,523.351585,23.9
11/29/2021,12000,523.351585,23.9
11/30/2021,12000,523.351585,23.9
12/1/2021,12000,516.275126,23.9
12/2/2021,12000,516.275126,23.9
12/3/2021,12000,516.275126,23.9
12/4/2021,12000,516.275126,23.9
12/5/2021,12000,516.275126,23.9
12/6/2021,12000,516.275126,23.9
12/7/2021,12000,516.275126,23.9
12/8/2021,12000,516.275126,23.9
12/9/2021,12000,516.275126,23.9
12/10/2021,12000,516.275126,22.8
12/11/2021,12000,516.275126,22.8
12/12/2021,12000,516.275126,22.8
12/13/2021,12000,516.275126,22.8
12/14/2021,12000,516.275126,22.8
12/15/2021,12000,516.275126,22.8
12/16/2021,11500,516.275126,22.8
12/17/2021,11500,516.275126,22.8
12/18/2021,11500,516.275126,22.8
12/19/2021,11500,516.275126,22.8
12/20/2021,11500,516.275126,22.8
12/21/2021,11500,516.275126,22.8
12/22/2021,11500,516.275126,22.8
12/23/2021,11500,516.275126,22.8
12/24/2021,12000,516.275126,22.8
12/25/2021,12000,516.275126,23.29
12/26/2021,12000,516.275126,23.29
12/27/2021,11500,516.275126,23.29
12/28/2021,11500,516.275126,23.29
12/29/2021,11500,516.275126,23.29
12/30/2021,11500,516.275126,23.29
12/31/2021,11500,516.275126,23.29
1/1/2022,11500,486.4633696,23.29
1/2/2022,11500,486.4633696,23.29
1/3/2022,11500,486.4633696,23.29
1/4/2022,11500,486.4633696,23.29
1/5/2022,11500,486.4633696,23.29
1/6/2022,11500,486.4633696,23.29
1/7/2022,11500,486.4633696,23.29
1/8/2022,11500,486.4633696,23.29
1/9/2022,11500,486.4633696,23.29
1/10/2022,11500,486.4633696,23.29
1/11/2022,11500,486.4633696,23.87
1/12/2022,11500,486.4633696,23.87
1/13/2022,11500,486.4633696,23.87
1/14/2022,11500,486.4633696,23.87
1/15/2022,11500,486.4633696,23.87
1/16/2022,11500,486.4633696,23.87
1/17/2022,11500,486.4633696,23.87
1/18/2022,11500,486.4633696,23.87
1/19/2022,11500,486.4633696,23.87
1/20/2022,11500,486.4633696,23.87
1/21/2022,11500,486.4633696,24.36
1/22/2022,11500,486.4633696,24.36
1/23/2022,11500,486.4633696,24.36
1/24/2022,11500,486.4633696,24.36
1/25/2022,11500,486.4633696,24.36
1/26/2022,11500,486.4633696,24.36
1/27/2022,11500,486.4633696,24.36
1/28/2022,11500,486.4633696,24.36
1/29/2022,11500,486.4633696,24.36
1/30/2022,11500,486.4633696,24.36
1/31/2022,11500,486.4633696,24.36
2/1/2022,11500,476.285792,24.36
2/2/2022,11500,476.285792,24.36
2/3/2022,11500,476.285792,24.36
2/4/2022,11500,476.285792,24.36
2/5/2022,11500,476.285792,24.36
2/6/2022,11500,476.285792,24.36
2/7/2022,11500,476.285792,24.36
2/8/2022,11500,476.285792,24.36
2/9/2022,11500,476.285792,24.36
2/10/2022,11500,476.285792,24.36
2/11/2022,11500,476.285792,25.32
2/12/2022,11500,476.285792,25.32
2/13/2022,11500,476.285792,25.32
2/14/2022,11500,476.285792,25.32
2/15/2022,11500,476.285792,25.32
2/16/2022,11500,476.285792,25.32
2/17/2022,11500,476.285792,25.32
2/18/2022,12000,476.285792,25.32
2/19/2022,12000,476.285792,25.32
2/20/2022,12000,476.285792,25.32
2/21/2022,12000,476.285792,26.28
2/22/2022,12000,476.285792,26.28
2/23/2022,12000,476.285792,26.28
2/24/2022,12000,476.285792,26.28
2/25/2022,12000,476.285792,26.28
2/26/2022,12000,476.285792,26.28
2/27/2022,12000,476.285792,26.28
2/28/2022,12000,476.285792,26.28
3/1/2022,12000,494.8408416,26.83
3/2/2022,12000,494.8408416,26.83
3/3/2022,12000,494.8408416,26.83
3/4/2022,12000,494.8408416,26.83
3/5/2022,12000,494.8408416,26.83
3/6/2022,12000,494.8408416,26.83
3/7/2022,12000,494.8408416,26.83
3/8/2022,12000,494.8408416,26.83
3/9/2022,12000,494.8408416,26.83
3/10/2022,12000,494.8408416,26.83
3/11/2022,12000,494.8408416,26.83
3/12/2022,12000,494.8408416,26.83
3/13/2022,12000,494.8408416,26.83
3/14/2022,12000,494.8408416,26.83
3/15/2022,12000,494.8408416,26.83
3/16/2022,12000,494.8408416,26.83
3/17/2022,12000,494.8408416,26.83
3/18/2022,12000,494.8408416,26.83
3/19/2022,12000,494.8408416,26.83
3/20/2022,12000,494.8408416,26.83
3/21/2022,12000,494.8408416,26.83
3/22/2022,12000,494.8408416,26.83
3/23/2022,12000,494.8408416,26.83
3/24/2022,12000,494.8408416,26.83
3/25/2022,12000,494.8408416,26.83
3/26/2022,12000,494.8408416,26.83
3/27/2022,12000,494.8408416,26.83
3/28/2022,12000,494.8408416,26.83
3/29/2022,12000,494.8408416,26.83
3/30/2022,12000,494.8408416,26.83
3/31/2022,12000,494.8408416,26.83
4/1/2022,12000,496.5113977,28.15
4/2/2022,12000,496.5113977,28.15
4/3/2022,12000,496.5113977,28.15
4/4/2022,12000,496.5113977,28.15
4/5/2022,12000,496.5113977,28.15
4/6/2022,12000,496.5113977,28.15
4/7/2022,12000,496.5113977,28.15
4/8/2022,12000,496.5113977,28.15
4/9/2022,12000,496.5113977,28.15
4/10/2022,12000,496.5113977,28.15
4/11/2022,12000,496.5113977,28.15
4/12/2022,12000,496.5113977,27.31
4/13/2022,12000,496.5113977,27.31
4/14/2022,12000,496.5113977,27.31
4/15/2022,12000,496.5113977,27.31
4/16/2022,12000,496.5113977,27.31
4/17/2022,12000,496.5113977,27.31
4/18/2022,12000,496.5113977,27.31
4/19/2022,12000,496.5113977,27.31
4/20/2022,12000,496.5113977,27.31
4/21/2022,12500,496.5113977,27.99
4/22/2022,12500,496.5113977,27.99
4/23/2022,12500,496.5113977,27.99
4/24/2022,12500,496.5113977,27.99
4/25/2022,12500,496.5113977,27.99
4/26/2022,12500,496.5113977,27.99
4/27/2022,12500,496.5113977,27.99
4/28/2022,12500,496.5113977,27.99
4/29/2022,12500,496.5113977,27.99
4/30/2022,12500,496.5113977,27.99
5/1/2022,12500,488.6724388,27.99
5/2/2022,12500,488.6724388,27.99
5/3/2022,12500,488.6724388,27.99
5/4/2022,12500,488.6724388,28.43
5/5/2022,12500,488.6724388,28.43
5/6/2022,12500,488.6724388,28.43
5/7/2022,12500,488.6724388,28.43
5/8/2022,12500,488.6724388,28.43
5/9/2022,12500,488.6724388,28.43
5/10/2022,12500,488.6724388,28.43
5/11/2022,12500,488.6724388,28.43
5/12/2022,12500,488.6724388,28.43
5/13/2022,12500,488.6724388,28.43
5/14/2022,12500,488.6724388,28.43
5/15/2022,12500,488.6724388,28.43
5/16/2022,12500,488.6724388,28.43
5/17/2022,12500,488.6724388,28.43
5/18/2022,12500,488.6724388,28.43
5/19/2022,12500,488.6724388,28.43
5/20/2022,12500,488.6724388,28.43
5/21/2022,12500,488.6724388,28.43
5/22/2022,12500,488.6724388,28.43
5/23/2022,12500,488.6724388,28.43
5/24/2022,12500,488.6724388,28.43
5/25/2022,12500,488.6724388,28.43
5/26/2022,12500,488.6724388,28.43
5/27/2022,12500,488.6724388,28.43
5/28/2022,12500,488.6724388,28.43
5/29/2022,12500,488.6724388,28.43
5/30/2022,12500,488.6724388,28.43
5/31/2022,12500,488.6724388,28.43
6/1/2022,12500,487.9746994,28.43
6/2/2022,12500,487.9746994,28.43
6/3/2022,12500,487.9746994,28.43
6/4/2022,12500,487.9746994,28.43
6/5/2022,12500,487.9746994,28.43
6/6/2022,12500,487.9746994,28.43
6/7/2022,12500,487.9746994,28.43
6/8/2022,12500,487.9746994,28.43
6/9/2022,12500,487.9746994,28.43
6/10/2022,12500,487.9746994,28.43
6/11/2022,12500,487.9746994,28.43
6/12/2022,12500,487.9746994,28.43
6/13/2022,12500,487.9746994,28.43
6/14/2022,12500,487.9746994,28.43
6/15/2022,12500,487.9746994,28.43
6/16/2022,12500,487.9746994,28.43
6/17/2022,12500,487.9746994,28.43
6/18/2022,12500,487.9746994,28.43
6/19/2022,12500,487.9746994,28.43
6/20/2022,12500,487.9746994,28.43
6/21/2022,12500,487.9746994,28.43
6/22/2022,12500,487.9746994,28.43
6/23/2022,12500,487.9746994,28.43
6/24/2022,12500,487.9746994,28.43
6/25/2022,12500,487.9746994,28.43
6/26/2022,12500,487.9746994,28.43
6/27/2022,12500,487.9746994,28.43
6/28/2022,12500,487.9746994,28.43
6/29/2022,12500,487.9746994,28.43
6/30/2022,12500,487.9746994,28.43
7/1/2022,12500,489.645967,28.43
7/2/2022,12500,489.645967,28.43
7/3/2022,12500,489.645967,28.43
7/4/2022,12500,489.645967,28.43
7/5/2022,12500,489.645967,28.43
7/6/2022,12500,489.645967,28.43
7/7/2022,12500,489.645967,28.43
7/8/2022,12500,489.645967,28.43
7/9/2022,12500,489.645967,28.43
7/10/2022,12500,489.645967,28.43
7/11/2022,12500,489.645967,28.43
7/12/2022,12500,489.645967,28.43
7/13/2022,12500,489.645967,28.43
7/14/2022,12500,489.645967,28.43
7/15/2022,12500,489.645967,28.43
7/16/2022,12500,489.645967,28.43
7/17/2022,12500,489.645967,28.43
7/18/2022,12000,489.645967,28.43
7/19/2022,12000,489.645967,28.43
7/20/2022,12000,489.645967,28.43
7/21/2022,12000,489.645967,26.07
7/22/2022,12000,489.645967,26.07
7/23/2022,12000,489.645967,26.07
7/24/2022,12000,489.645967,26.07
7/25/2022,12000,489.645967,26.07
7/26/2022,12000,489.645967,26.07
7/27/2022,12000,489.645967,26.07
7/28/2022,12000,489.645967,26.07
7/29/2022,12500,489.645967,26.07
7/30/2022,12500,489.645967,26.07
7/31/2022,12500,489.645967,26.07
8/1/2022,12500,472.8668005,25.6
8/2/2022,12500,472.8668005,25.6
8/3/2022,12500,472.8668005,25.6
8/4/2022,12500,472.8668005,25.6
8/5/2022,12500,472.8668005,25.6
8/6/2022,12500,472.8668005,25.6
8/7/2022,12500,472.8668005,25.6
8/8/2022,12500,472.8668005,25.6
8/9/2022,12500,472.8668005,25.6
8/10/2022,12500,472.8668005,25.6
8/11/2022,12500,472.8668005,24.66
8/12/2022,12500,472.8668005,24.66
8/13/2022,12500,472.8668005,24.66
8/14/2022,12500,472.8668005,24.66
8/15/2022,12500,472.8668005,24.66
8/16/2022,12500,472.8668005,24.66
8/17/2022,12500,472.8668005,24.66
8/18/2022,12500,472.8668005,24.66
8/19/2022,12500,472.8668005,24.66
8/20/2022,12500,472.8668005,24.66
8/21/2022,12500,472.8668005,24.66
8/22/2022,12500,472.8668005,24.66
8/23/2022,12500,472.8668005,24.66
8/24/2022,12500,472.8668005,24.66
8/25/2022,12500,472.8668005,24.66
8/26/2022,12500,472.8668005,24.66
8/27/2022,12500,472.8668005,24.66
8/28/2022,12500,472.8668005,24.66
8/29/2022,12500,472.8668005,24.66
8/30/2022,12500,472.8668005,24.66
8/31/2022,12500,472.8668005,24.66
9/1/2022,12500,472.0695281,24.66
9/2/2022,12500,472.0695281,24.66
9/3/2022,12500,472.0695281,24.66
9/4/2022,12500,472.0695281,24.66
9/5/2022,12500,472.0695281,24.23
9/6/2022,12500,472.0695281,24.23
9/7/2022,12500,472.0695281,24.23
9/8/2022,12500,472.0695281,24.23
9/9/2022,12500,472.0695281,24.23
9/10/2022,12500,472.0695281,24.23
9/11/2022,12500,472.0695281,24.23
9/12/2022,12500,472.0695281,23.21
9/13/2022,12500,472.0695281,23.21
9/14/2022,12500,472.0695281,23.21
9/15/2022,12500,472.0695281,23.21
9/16/2022,12500,472.0695281,23.21
9/17/2022,12500,472.0695281,23.21
9/18/2022,12500,472.0695281,23.21
9/19/2022,12500,472.0695281,23.21
9/20/2022,12500,472.0695281,23.21
9/21/2022,12500,472.0695281,22.58
9/22/2022,12500,472.0695281,22.58
9/23/2022,12500,472.0695281,22.58
9/24/2022,12500,472.0695281,22.58
9/25/2022,12500,472.0695281,22.58
9/26/2022,12000,472.0695281,22.58
9/27/2022,12000,472.0695281,22.58
9/28/2022,12000,472.0695281,22.58
9/29/2022,12000,472.0695281,22.58
9/30/2022,12000,472.0695281,22.58
10/1/2022,12000,477.9849891,22.58
10/2/2022,12000,477.9849891,22.58
10/3/2022,12000,477.9849891,21.44
10/4/2022,12000,477.9849891,21.44
10/5/2022,12000,477.9849891,21.44
10/6/2022,12000,477.9849891,21.44
10/7/2022,12000,477.9849891,21.44
10/8/2022,12000,477.9849891,21.44
10/9/2022,12000,477.9849891,21.44
10/10/2022,12000,477.9849891,21.44
10/11/2022,12000,477.9849891,22
10/12/2022,12000,477.9849891,22
10/13/2022,12500,477.9849891,22
10/14/2022,12500,477.9849891,22
10/15/2022,12500,477.9849891,22
10/16/2022,12500,477.9849891,22
10/17/2022,12500,477.9849891,22
10/18/2022,12500,477.9849891,22
10/19/2022,12500,477.9849891,22
10/20/2022,12500,477.9849891,22
10/21/2022,12500,477.9849891,22.34
10/22/2022,12500,477.9849891,22.34
10/23/2022,12500,477.9849891,22.34
10/24/2022,12500,477.9849891,22.34
10/25/2022,12500,477.9849891,22.34
10/26/2022,12500,477.9849891,22.34
10/27/2022,12500,477.9849891,22.34
10/28/2022,12500,477.9849891,22.34
10/29/2022,12500,477.9849891,22.34
10/30/2022,12500,477.9849891,22.34
10/31/2022,12500,477.9849891,22.34
11/1/2022,12500,493.1242929,22.75
11/2/2022,12500,493.1242929,22.75
11/3/2022,12500,493.1242929,22.75
11/4/2022,12500,493.1242929,22.75
11/5/2022,12500,493.1242929,22.75
11/6/2022,12500,493.1242929,22.75
11/7/2022,12500,493.1242929,22.75
11/8/2022,12500,493.1242929,22.75
11/9/2022,12500,493.1242929,22.75
11/10/2022,12500,493.1242929,22.75
11/11/2022,12500,493.1242929,23.86
11/12/2022,12500,493.1242929,23.86
11/13/2022,12500,493.1242929,23.86
11/14/2022,12500,493.1242929,23.86
11/15/2022,12500,493.1242929,23.86
11/16/2022,12500,493.1242929,23.86
11/17/2022,12500,493.1242929,23.86
11/18/2022,12500,493.1242929,23.86
11/19/2022,12500,493.1242929,23.86
11/20/2022,12500,493.1242929,23.86
11/21/2022,12500,493.1242929,23.78
11/22/2022,12500,493.1242929,23.78
11/23/2022,12500,493.1242929,23.78
11/24/2022,12500,493.1242929,23.78
11/25/2022,12500,493.1242929,23.78
11/26/2022,12500,493.1242929,23.78
11/27/2022,12500,493.1242929,23.78
11/28/2022,12500,493.1242929,23.78
11/29/2022,12500,493.1242929,23.78
11/30/2022,12500,493.1242929,23.78
12/1/2022,12500,506.7989443,22.7
12/2/2022,12500,506.7989443,22.7
12/3/2022,12500,506.7989443,22.7
12/4/2022,12500,506.7989443,22.7
12/5/2022,12500,506.7989443,22.7
12/6/2022,12500,506.7989443,22.7
12/7/2022,12500,506.7989443,22.7
12/8/2022,12500,506.7989443,22.7
12/9/2022,12500,506.7989443,22.7
12/10/2022,12500,506.7989443,22.7
12/11/2022,12500,506.7989443,22.7
12/12/2022,12500,506.7989443,21.2
12/13/2022,12500,506.7989443,21.2
12/14/2022,12500,506.7989443,21.2
12/15/2022,12500,506.7989443,21.2
12/16/2022,12500,506.7989443,21.2
12/17/2022,12500,506.7989443,21.2
12/18/2022,12500,506.7989443,21.2
12/19/2022,12500,506.7989443,21.2
12/20/2022,12500,506.7989443,21.2
12/21/2022,12500,506.7989443,20.7
12/22/2022,12500,506.7989443,20.7
12/23/2022,12500,506.7989443,20.7
12/24/2022,12500,506.7989443,20.7
12/25/2022,12500,506.7989443,20.7
12/26/2022,12500,506.7989443,20.7
12/27/2022,12500,506.7989443,20.7
12/28/2022,12500,506.7989443,20.7
12/29/2022,12500,506.7989443,20.7
12/30/2022,12500,506.7989443,20.7
12/31/2022,12500,506.7989443,20.7
1/1/2023,12500,519.3262336,21.8
1/2/2023,12500,519.3262336,21.8
1/3/2023,12500,519.3262336,22.15
1/4/2023,12500,519.3262336,22.15
1/5/2023,12500,519.3262336,22.15
1/6/2023,12500,519.3262336,22.15
1/7/2023,12500,519.3262336,22.15
1/8/2023,12500,519.3262336,22.15
1/9/2023,12500,519.3262336,22.15
1/10/2023,12500,519.3262336,22.15
1/11/2023,12500,519.3262336,22.15
1/12/2023,12500,519.3262336,22.15
1/13/2023,12500,519.3262336,22.15
1/14/2023,12500,519.3262336,22.15
1/15/2023,12500,519.3262336,22.15
1/16/2023,12500,519.3262336,22.15
1/17/2023,12500,519.3262336,22.15
1/18/2023,12500,519.3262336,22.15
1/19/2023,12500,519.3262336,22.15
1/20/2023,12500,519.3262336,22.15
1/21/2023,12500,519.3262336,22.15
1/22/2023,12500,519.3262336,22.15
1/23/2023,12500,519.3262336,22.15
1/24/2023,12500,519.3262336,22.15
1/25/2023,12500,519.3262336,22.15
1/26/2023,12500,519.3262336,22.15
1/27/2023,12500,519.3262336,22.15
1/28/2023,12500,519.3262336,22.15
1/29/2023,12500,519.3262336,22.15
1/30/2023,12500,519.3262336,23.14
1/31/2023,12500,519.3262336,23.14
2/1/2023,12500,535.2930339,23.14
2/2/2023,12500,535.2930339,23.14
2/3/2023,12500,535.2930339,23.14
2/4/2023,12500,535.2930339,23.14
2/5/2023,12500,535.2930339,23.14
2/6/2023,12500,535.2930339,23.14
2/7/2023,12500,535.2930339,23.14
2/8/2023,12500,535.2930339,23.14
2/9/2023,12500,535.2930339,23.14
2/10/2023,12500,535.2930339,23.14
2/11/2023,12500,535.2930339,23.14
2/12/2023,12500,535.2930339,23.14
2/13/2023,12500,535.2930339,23.76
2/14/2023,12500,535.2930339,23.76
2/15/2023,12500,535.2930339,23.76
2/16/2023,12500,535.2930339,23.76
2/17/2023,12500,535.2930339,23.76
2/18/2023,12500,535.2930339,23.76
2/19/2023,12500,535.2930339,23.76
2/20/2023,12500,535.2930339,23.76
2/21/2023,12500,535.2930339,23.44
2/22/2023,12500,535.2930339,23.44
2/23/2023,12500,535.2930339,23.44
2/24/2023,12500,535.2930339,23.44
2/25/2023,12500,535.2930339,23.44
2/26/2023,12500,535.2930339,23.44
2/27/2023,12500,535.2930339,23.44
2/28/2023,12500,535.2930339,23.44
3/1/2023,12500,529.287065,23.32
3/2/2023,12500,529.287065,23.32
3/3/2023,12500,529.287065,23.32
3/4/2023,12500,529.287065,23.32
3/5/2023,12500,529.287065,23.32
3/6/2023,12500,529.287065,23.32
3/7/2023,12500,529.287065,23.32
3/8/2023,12500,529.287065,23.32
3/9/2023,12500,529.287065,23.32
3/10/2023,12500,529.287065,23.32
3/11/2023,12500,529.287065,23.32
3/12/2023,12500,529.287065,23.32
3/13/2023,12500,529.287065,23.81
3/14/2023,12500,529.287065,23.81
3/15/2023,12500,529.287065,23.81
3/16/2023,12500,529.287065,23.81
3/17/2023,12500,529.287065,23.81
3/18/2023,12500,529.287065,23.81
3/19/2023,12500,529.287065,23.81
3/20/2023,12500,529.287065,23.81
3/21/2023,12500,529.287065,23.03
3/22/2023,12500,529.287065,23.03
3/23/2023,12500,529.287065,23.03
3/24/2023,12500,529.287065,23.03
3/25/2023,12500,529.287065,23.03
3/26/2023,12500,529.287065,23.03
3/27/2023,12500,529.287065,23.03
3/28/2023,12000,529.287065,23.03
3/29/2023,12000,529.287065,23.03
3/30/2023,12000,529.287065,23.03
3/31/2023,12500,529.287065,23.03
4/1/2023,12500,523.0970092,23.03
4/2/2023,12500,523.0970092,23.03
4/3/2023,12500,523.0970092,23.12
4/4/2023,12500,523.0970092,23.12
4/5/2023,12500,523.0970092,23.12
4/6/2023,12500,523.0970092,23.12
4/7/2023,12500,523.0970092,23.12
4/8/2023,12500,523.0970092,23.12
4/9/2023,12500,523.0970092,23.12
4/10/2023,12500,523.0970092,23.12
4/11/2023,12500,523.0970092,24.24
4/12/2023,12500,523.0970092,24.24
4/13/2023,12500,523.0970092,24.24
4/14/2023,12500,523.0970092,24.24
4/15/2023,12500,523.0970092,24.24
4/16/2023,12500,523.0970092,24.24
4/17/2023,12500,523.0970092,24.24
4/18/2023,12500,523.0970092,24.24
4/19/2023,12500,523.0970092,24.24
4/20/2023,12500,523.0970092,24.24
4/21/2023,12500,523.0970092,23.63
4/22/2023,12500,523.0970092,23.63
4/23/2023,12500,523.0970092,23.63
4/24/2023,12500,523.0970092,23.63
4/25/2023,12500,523.0970092,23.63
4/26/2023,12500,523.0970092,23.63
4/27/2023,12500,523.0970092,23.63
4/28/2023,12500,523.0970092,23.63
4/29/2023,12500,523.0970092,23.63
4/30/2023,12500,523.0970092,23.63
5/1/2023,12500,539.0186597,23.63
5/2/2023,12500,539.0186597,23.63
5/3/2023,12500,539.0186597,23.63
5/4/2023,12500,539.0186597,22.32
5/5/2023,12500,539.0186597,22.32
5/6/2023,12500,539.0186597,22.32
5/7/2023,12500,539.0186597,22.32
5/8/2023,12500,539.0186597,22.32
5/9/2023,12500,539.0186597,22.32
5/10/2023,12500,539.0186597,22.32
5/11/2023,12500,539.0186597,21
5/12/2023,12500,539.0186597,21
5/13/2023,12500,539.0186597,21
5/14/2023,12500,539.0186597,21
5/15/2023,12500,539.0186597,21
5/16/2023,12500,539.0186597,21
5/17/2023,12500,539.0186597,21
5/18/2023,12500,539.0186597,21
5/19/2023,12500,539.0186597,21
5/20/2023,12500,539.0186597,21
5/21/2023,12500,539.0186597,21
5/22/2023,12500,539.0186597,21.49
5/23/2023,12500,539.0186597,21.49
5/24/2023,12500,539.0186597,21.49
5/25/2023,12500,539.0186597,21.49
5/26/2023,12500,539.0186597,21.49
5/27/2023,12500,539.0186597,21.49
5/28/2023,12500,539.0186597,21.49
5/29/2023,12500,539.0186597,21.49
5/30/2023,12500,539.0186597,21.49
5/31/2023,12500,539.0186597,21.49
6/1/2023,12500,551.4092489,22.01
6/2/2023,12500,551.4092489,22.01
6/3/2023,12500,551.4092489,22.01
6/4/2023,12500,551.4092489,22.01
6/5/2023,12500,551.4092489,22.01
6/6/2023,12500,551.4092489,22.01
6/7/2023,12500,551.4092489,22.01
6/8/2023,12500,551.4092489,22.01
6/9/2023,12500,551.4092489,22.01
6/10/2023,12500,551.4092489,22.01
6/11/2023,12500,551.4092489,22.01
6/12/2023,12500,551.4092489,22.01
6/13/2023,12000,551.4092489,22.01
6/14/2023,12000,551.4092489,22.01
6/15/2023,12000,551.4092489,22.01
6/16/2023,12000,551.4092489,22.01
6/17/2023,12000,551.4092489,22.01
6/18/2023,12000,551.4092489,22.01
6/19/2023,12000,551.4092489,22.01
6/20/2023,12000,551.4092489,22.01
6/21/2023,12000,551.4092489,22.01
6/22/2023,12000,551.4092489,22.01
6/23/2023,12000,551.4092489,22.01
6/24/2023,12000,551.4092489,22.01
6/25/2023,12000,551.4092489,22.01
6/26/2023,12000,551.4092489,22.01
6/27/2023,12000,551.4092489,22.01
6/28/2023,12000,551.4092489,22.01
6/29/2023,12000,551.4092489,22.01
6/30/2023,12000,551.4092489,22.01
7/1/2023,12000,548.8713166,22.01
7/2/2023,12000,548.8713166,22.01
7/3/2023,12000,548.8713166,21.42
7/4/2023,12000,548.8713166,21.42
7/5/2023,12000,548.8713166,21.42
7/6/2023,12000,548.8713166,21.42
7/7/2023,12000,548.8713166,21.42
7/8/2023,12000,548.8713166,21.42
7/9/2023,12000,548.8713166,21.42
7/10/2023,12000,548.8713166,21.42
7/11/2023,12000,548.8713166,21.49
7/12/2023,12000,548.8713166,21.49
7/13/2023,12500,548.8713166,21.49
7/14/2023,12500,548.8713166,21.49
7/15/2023,12500,548.8713166,21.49
7/16/2023,12500,548.8713166,21.49
7/17/2023,12500,548.8713166,21.49
7/18/2023,12500,548.8713166,21.49
7/19/2023,12500,548.8713166,21.49
7/20/2023,12500,548.8713166,21.49
7/21/2023,12500,548.8713166,22.79
7/22/2023,12500,548.8713166,22.79
7/23/2023,12500,548.8713166,22.79
7/24/2023,12500,548.8713166,22.79
7/25/2023,12500,548.8713166,22.79
7/26/2023,12500,548.8713166,22.79
7/27/2023,12500,548.8713166,22.79
7/28/2023,12500,548.8713166,22.79
7/29/2023,12500,548.8713166,22.79
7/30/2023,12500,548.8713166,22.79
7/31/2023,12500,548.8713166,22.79
8/1/2023,12500,592.9892527,23.96
8/2/2023,12500,592.9892527,23.96
8/3/2023,12500,592.9892527,23.96
8/4/2023,12500,592.9892527,23.96
8/5/2023,12500,592.9892527,23.96
8/6/2023,12500,592.9892527,23.96
8/7/2023,12500,592.9892527,23.96
8/8/2023,12500,592.9892527,23.96
8/9/2023,12500,592.9892527,23.96
8/10/2023,12500,592.9892527,23.96
8/11/2023,12500,592.9892527,23.99
8/12/2023,12500,592.9892527,23.99
8/13/2023,12500,592.9892527,23.99
8/14/2023,13000,592.9892527,23.99
8/15/2023,15000,592.9892527,23.99
8/16/2023,15000,592.9892527,23.99
8/17/2023,14500,592.9892527,23.99
8/18/2023,14000,592.9892527,23.99
8/19/2023,14000,592.9892527,23.99
8/20/2023,14000,592.9892527,23.99
8/21/2023,14000,592.9892527,24.6
8/22/2023,14000,592.9892527,24.6
8/23/2023,14000,592.9892527,24.6
8/24/2023,14000,592.9892527,24.6
8/25/2023,14000,592.9892527,24.6
8/26/2023,14000,592.9892527,24.6
8/27/2023,14000,592.9892527,24.6
8/28/2023,14000,592.9892527,24.6
8/29/2023,14000,592.9892527,24.6
8/30/2023,14000,592.9892527,24.6
8/31/2023,14000,592.9892527,24.6
9/1/2023,14000,602.4532471,24.6
9/2/2023,14000,602.4532471,24.6
9/3/2023,14000,602.4532471,24.6
9/4/2023,14000,602.4532471,24.6
9/5/2023,14000,602.4532471,24.87
9/6/2023,14000,602.4532471,24.87
9/7/2023,14000,602.4532471,24.87
9/8/2023,14000,602.4532471,24.87
9/9/2023,14000,602.4532471,24.87
9/10/2023,14000,602.4532471,24.87
9/11/2023,15000,602.4532471,24.87
9/12/2023,15000,602.4532471,24.87
9/13/2023,15000,602.4532471,24.87
9/14/2023,15000,602.4532471,24.87
9/15/2023,15000,602.4532471,24.87
9/16/2023,15000,602.4532471,24.87
9/17/2023,15000,602.4532471,24.87
9/18/2023,15000,602.4532471,24.87
9/19/2023,15000,602.4532471,24.87
9/20/2023,15000,602.4532471,24.87
9/21/2023,15000,602.4532471,25.74
9/22/2023,15000,602.4532471,25.74
9/23/2023,15000,602.4532471,25.74
9/24/2023,15000,602.4532471,25.74
9/25/2023,15000,602.4532471,25.74
9/26/2023,14000,602.4532471,25.74
9/27/2023,14000,602.4532471,25.74
9/28/2023,14000,602.4532471,25.74
9/29/2023,14000,602.4532471,25.74
9/30/2023,14000,602.4532471,25.74
10/1/2023,14000,602.4532471,25.74
10/2/2023,14000,602.4532471,24.84
10/3/2023,14000,602.4532471,24.84
10/4/2023,14000,602.4532471,24.84
10/5/2023,14000,602.4532471,24.84
10/6/2023,14000,602.4532471,24.84
10/7/2023,14000,602.4532471,24.84
10/8/2023,14000,602.4532471,24.84
10/9/2023,14000,602.4532471,24.84
10/10/2023,14000,602.4532471,24.84
10/11/2023,14000,602.4532471,23.04
10/12/2023,14000,602.4532471,23.04
10/13/2023,14000,602.4532471,23.04
10/14/2023,14000,602.4532471,23.04
10/15/2023,14000,602.4532471,23.04
10/16/2023,14000,602.4532471,23.04
10/17/2023,14000,602.4532471,23.04
10/18/2023,14000,602.4532471,23.04
10/19/2023,14000,602.4532471,23.04
10/20/2023,14000,602.4532471,23.04
10/21/2023,14000,602.4532471,23.04
10/22/2023,14000,602.4532471,23.04
10/23/2023,14000,602.4532471,23.51
10/24/2023,14000,602.4532471,23.51
10/25/2023,14000,602.4532471,23.51
10/26/2023,14000,602.4532471,23.51
10/27/2023,14000,602.4532471,23.51
10/28/2023,14000,602.4532471,23.51
10/29/2023,14000,602.4532471,23.51
10/30/2023,14000,602.4532471,23.51
10/31/2023,14000,602.4532471,23.51
11/1/2023,16000,602.4532471,23.92
11/2/2023,14000,602.4532471,23.92
11/3/2023,14000,602.4532471,23.92
11/4/2023,14000,602.4532471,23.92
11/5/2023,14000,602.4532471,23.92
11/6/2023,16500,602.4532471,23.92
11/7/2023,16500,602.4532471,23.92
11/8/2023,16500,602.4532471,23.92
11/9/2023,16500,602.4532471,23.92
11/10/2023,16500,602.4532471,23.92
11/11/2023,16500,602.4532471,23.92
11/12/2023,16500,602.4532471,23.92
11/13/2023,16500,602.4532471,23.53
11/14/2023,16500,602.4532471,23.53
11/15/2023,16500,602.4532471,23.53
11/16/2023,16500,602.4532471,23.53
11/17/2023,16500,602.4532471,23.53
11/18/2023,16500,602.4532471,23.53
11/19/2023,16500,602.4532471,23.53
11/20/2023,16500,602.4532471,23.53
11/21/2023,16500,602.4532471,23.53
11/22/2023,16500,602.4532471,23.53
11/23/2023,16500,602.4532471,23.02
11/24/2023,16500,602.4532471,23.02
11/25/2023,16500,602.4532471,23.02
11/26/2023,16500,602.4532471,23.02
11/27/2023,16500,602.4532471,23.02
11/28/2023,16500,602.4532471,23.02
11/29/2023,16500,602.4532471,23.02
11/30/2023,16500,602.4532471,22.99
12/1/2023,16500,602.4532471,22.99
12/2/2023,16500,602.4532471,22.99
12/3/2023,16500,602.4532471,22.99
12/4/2023,16500,602.4532471,22.99
12/5/2023,16500,602.4532471,22.99
12/6/2023,16500,602.4532471,22.99
12/7/2023,16500,602.4532471,22.32
12/8/2023,16500,602.4532471,22.32
12/9/2023,16500,602.4532471,22.32
12/10/2023,16500,602.4532471,22.32
12/11/2023,16500,602.4532471,22.32
12/12/2023,16500,602.4532471,22.32
12/13/2023,16500,602.4532471,22.32
12/14/2023,16500,602.4532471,21.4
12/15/2023,16500,602.4532471,21.4
12/16/2023,16500,602.4532471,21.4
12/17/2023,16500,602.4532471,21.4
12/18/2023,16500,602.4532471,21.4
12/19/2023,16500,602.4532471,21.4
12/20/2023,16500,602.4532471,21.4
12/21/2023,16500,602.4532471,22.14
12/22/2023,16500,602.4532471,22.14
12/23/2023,16500,602.4532471,22.14
12/24/2023,16500,602.4532471,22.14
12/25/2023,16500,602.4532471,22.14
12/26/2023,16500,602.4532471,22.14
12/27/2023,16500,602.4532471,22.14
12/28/2023,16500,602.4532471,22.14
12/29/2023,16500,602.4532471,22.14
12/30/2023,16500,602.4532471,22.14
12/31/2023,16500,602.4532471,22.14
1/1/2024,16500,602.4532471,22.14
1/2/2024,16500,602.4532471,22.14
1/3/2024,16500,602.4532471,22.14
1/4/2024,16500,602.4532471,21.91
1/5/2024,16000,602.4532471,21.91
1/6/2024,16000,602.4532471,21.91
1/7/2024,16000,602.4532471,21.91
1/8/2024,16000,602.4532471,21.91
1/9/2024,16000,602.4532471,21.91
1/10/2024,16000,602.4532471,21.91
1/11/2024,16000,602.4532471,21.93
1/12/2024,16000,602.4532471,21.93
1/13/2024,16000,602.4532471,21.93
1/14/2024,16000,602.4532471,21.93
1/15/2024,16000,602.4532471,21.93
1/16/2024,16000,602.4532471,21.93
1/17/2024,16000,602.4532471,21.93
1/18/2024,16000,602.4532471,22.48
1/19/2024,16000,602.4532471,22.48
1/20/2024,16000,602.4532471,22.48
1/21/2024,16000,602.4532471,22.48
1/22/2024,16000,602.4532471,22.48
1/23/2024,16000,602.4532471,22.48
1/24/2024,16000,602.4532471,22.48
1/25/2024,16000,602.4532471,23.4
1/26/2024,16000,602.4532471,23.4
1/27/2024,16000,602.4532471,23.4
1/28/2024,16000,602.4532471,23.4
1/29/2024,16000,602.4532471,23.4
1/30/2024,16000,602.4532471,23.4
1/31/2024,16000,602.4532471,23.4
2/1/2024,16000,602.4532471,24.16
2/2/2024,16000,602.4532471,24.16
2/3/2024,16000,602.4532471,24.16
2/4/2024,16000,602.4532471,24.16
2/5/2024,16000,602.4532471,24.16
2/6/2024,16000,602.4532471,24.16
2/7/2024,16000,602.4532471,24.16
2/8/2024,16000,602.4532471,23.26
2/9/2024,16000,602.4532471,23.26
2/10/2024,16000,602.4532471,23.26
2/11/2024,16000,602.4532471,23.26
2/12/2024,16000,602.4532471,23.26
2/13/2024,16000,602.4532471,23.26
2/14/2024,16000,602.4532471,23.26
2/15/2024,16000,602.4532471,23.91
2/16/2024,16000,602.4532471,23.91
2/17/2024,16000,602.4532471,23.91
2/18/2024,16000,602.4532471,23.91
2/19/2024,16000,602.4532471,23.91
2/20/2024,16000,602.4532471,23.91
2/21/2024,16000,602.4532471,23.91
2/22/2024,16000,602.4532471,23.59
2/23/2024,16000,602.4532471,23.59
2/24/2024,16000,602.4532471,23.59
2/25/2024,16000,602.4532471,23.59
2/26/2024,16000,602.4532471,23.59
2/27/2024,16000,602.4532471,23.59
2/28/2024,16000,602.4532471,23.59
2/29/2024,16000,602.4532471,23.92
3/1/2024,16000,602.4532471,23.92
3/2/2024,16000,602.4532471,23.92
3/3/2024,16000,602.4532471,23.92
3/4/2024,16000,602.4532471,23.92
3/5/2024,16000,602.4532471,23.92
3/6/2024,15000,602.4532471,23.92
3/7/2024,15000,602.4532471,23.55
3/8/2024,15000,602.4532471,23.55
3/9/2024,15000,602.4532471,23.55
3/10/2024,15000,602.4532471,23.55
3/11/2024,16000,602.4532471,23.55
3/12/2024,16500,602.4532471,23.55
3/13/2024,16500,602.4532471,23.55
3/14/2024,16500,602.4532471,23.54
3/15/2024,16500,602.4532471,23.54
3/16/2024,16500,602.4532471,23.54
3/17/2024,16500,602.4532471,23.54
3/18/2024,16500,602.4532471,23.54
3/19/2024,16500,602.4532471,23.54
3/20/2024,16500,602.4532471,23.54
3/21/2024,16500,602.4532471,24.28
3/22/2024,16500,602.4532471,24.28
3/23/2024,16500,602.4532471,24.28
3/24/2024,16500,602.4532471,24.28
3/25/2024,16500,602.4532471,24.28
3/26/2024,16500,602.4532471,24.28
3/27/2024,16500,602.4532471,24.28
3/28/2024,16500,602.4532471,24.81
3/29/2024,16500,602.4532471,24.81
3/30/2024,16500,602.4532471,24.81
3/31/2024,16500,602.4532471,24.81
4/1/2024,16500,602.4532471,24.81
4/2/2024,16500,602.4532471,24.81
4/3/2024,16500,602.4532471,24.81
4/4/2024,16500,602.4532471,24.8
4/5/2024,16500,602.4532471,24.8
4/6/2024,16500,602.4532471,24.8
4/7/2024,16500,602.4532471,24.8
4/8/2024,16500,602.4532471,24.8
4/9/2024,16500,602.4532471,24.8
4/10/2024,16500,602.4532471,24.8
4/11/2024,16500,602.4532471,24.82
4/12/2024,16500,602.4532471,24.82
4/13/2024,16500,602.4532471,24.82
4/14/2024,16500,602.4532471,24.82
4/15/2024,16500,602.4532471,24.82
4/16/2024,16500,602.4532471,24.82
4/17/2024,16000,602.4532471,25.23
4/18/2024,16000,602.4532471,25.23
4/19/2024,16000,602.4532471,25.23
4/20/2024,16000,602.4532471,25.23
4/21/2024,16000,602.4532471,25.23
4/22/2024,16000,602.4532471,25.23
4/23/2024,16000,602.4532471,25.23
4/24/2024,16000,602.4532471,25.23
4/25/2024,16000,602.4532471,24.91
4/26/2024,16000,602.4532471,24.91
4/27/2024,16000,602.4532471,24.91
4/28/2024,16000,602.4532471,24.91
4/29/2024,16000,602.4532471,24.91
4/30/2024,16000,602.4532471,24.91
5/1/2024,16000,602.4532471,24.91
5/2/2024,16000,602.4532471,24.95
5/3/2024,16000,602.4532471,24.95
5/4/2024,16000,602.4532471,24.95
5/5/2024,16000,602.4532471,24.95
5/6/2024,16000,602.4532471,24.95
5/7/2024,16000,602.4532471,24.95
5/8/2024,16000,602.4532471,24.95
5/9/2024,16000,602.4532471,23.54
5/10/2024,16000,602.4532471,23.54
5/11/2024,16000,602.4532471,23.54
5/12/2024,16000,602.4532471,23.54
5/13/2024,16000,602.4532471,23.54
5/14/2024,16000,602.4532471,23.54
5/15/2024,16000,602.4532471,23.54
