,price,tavg,tmin,tmax,prcp,wdir,wspd,pres,area,productivity,quantity,RON 95-III
2018-08-22,11000,29.22222222222222,26.0,33.0,0.268,235.0,11.7,1005.8,235.0,73.5,1727.4,21.17
2018-08-23,11000,28.277777777777786,25.0,34.0,0.268,221.0,9.8,1007.5,235.0,73.5,1727.4,21.17
2018-08-24,11000,28.72222222222222,26.0,32.0,0.268,235.0,7.6,1007.9,235.0,73.5,1727.4,21.17
2018-08-27,11000,28.38888888888889,26.0,32.0,0.268,244.0,10.4,1007.7,235.0,73.5,1727.4,21.17
2018-08-28,11000,28.38888888888889,25.0,33.0,0.268,258.0,8.8,1008.8,235.0,73.5,1727.4,21.17
2018-08-29,11000,28.61111111111111,26.0,34.0,0.268,252.0,9.7,1007.8,235.0,73.5,1727.4,21.17
2018-08-30,11000,29.38888888888889,26.0,33.0,0.268,244.0,11.4,1007.5,235.0,73.5,1727.4,21.17
2018-08-31,11000,29.61111111111111,27.0,33.0,0.268,249.0,8.5,1008.7,235.0,73.5,1727.4,21.17
2018-09-04,11000,27.27777777777777,24.0,32.0,0.268,239.0,5.8,1009.3,235.0,73.5,1727.4,21.17
2018-09-05,11000,28.38888888888889,24.0,33.0,0.268,264.0,9.6,1008.3,235.0,73.5,1727.4,21.17
2018-09-06,11000,28.77777777777778,24.0,33.0,0.268,274.0,6.5,1006.4,235.0,73.5,1727.4,21.47
2018-09-07,11000,27.22222222222222,24.0,32.0,0.268,269.0,5.2,1005.7,235.0,73.5,1727.4,21.47
2018-09-10,11000,28.77777777777778,25.0,33.0,0.268,251.0,5.3,1010.4,235.0,73.5,1727.4,21.47
2018-09-11,11000,28.61111111111111,25.0,32.0,0.268,254.0,5.4,1009.5,235.0,73.5,1727.4,21.47
2018-09-12,11000,26.22222222222222,24.0,31.0,0.268,256.0,6.9,1008.1,235.0,73.5,1727.4,21.47
2018-09-13,11000,27.0,23.000000000000004,32.0,0.268,240.0,6.1,1007.0,235.0,73.5,1727.4,21.47
2018-09-14,11000,27.11111111111111,25.0,31.0,0.268,252.0,7.0,1006.9,235.0,73.5,1727.4,21.47
2018-09-17,11000,26.0,25.0,29.0,0.268,235.0,10.2,1006.2,235.0,73.5,1727.4,21.47
2018-09-18,11000,26.22222222222222,25.0,32.0,0.268,246.0,7.9,1008.6,235.0,73.5,1727.4,21.47
2018-09-19,11000,27.88888888888889,25.0,34.0,0.268,314.0,4.8,1008.6,235.0,73.5,1727.4,21.47
2018-09-20,11000,27.11111111111111,25.0,32.0,0.268,355.0,3.7,1008.4,235.0,73.5,1727.4,21.47
2018-09-21,11000,28.22222222222222,25.0,33.0,0.268,109.0,4.2,1009.3,235.0,73.5,1727.4,21.77
2018-09-24,11000,25.88888888888889,24.0,31.0,0.268,21.0,3.5,1010.5,235.0,73.5,1727.4,21.77
2018-09-25,11000,28.38888888888889,24.0,33.0,0.268,289.0,5.5,1009.2,235.0,73.5,1727.4,21.77
2018-09-26,11000,28.88888888888889,24.0,34.0,0.268,267.0,5.1,1008.1,235.0,73.5,1727.4,21.77
2018-10-05,11000,27.11111111111111,25.0,32.0,0.268,69.0,4.5,1010.2,235.0,73.5,1727.4,21.77
2018-10-10,11000,29.61111111111111,25.500000000000004,34.0,0.268,110.0,5.4,1009.2,235.0,73.5,1727.4,22.34
2018-10-11,11000,28.38888888888889,24.0,33.0,0.268,48.0,5.0,1009.8,235.0,73.5,1727.4,22.34
2018-10-15,11000,28.72222222222222,25.0,33.0,0.268,113.0,5.1,1011.2,235.0,73.5,1727.4,22.34
2018-10-16,11000,29.27777777777778,27.0,33.0,0.268,150.0,6.0,1010.7,235.0,73.5,1727.4,22.34
2018-10-17,11000,27.61111111111111,26.0,33.0,0.268,210.0,4.3,1009.6,235.0,73.5,1727.4,22.34
2018-10-18,11000,27.61111111111111,24.0,34.0,0.268,296.0,3.7,1009.0,235.0,73.5,1727.4,22.34
2018-10-19,11000,26.38888888888889,24.0,29.0,0.268,51.0,3.7,1009.3,235.0,73.5,1727.4,22.34
2018-10-22,11000,27.722222222222225,24.0,34.0,0.268,353.0,4.2,1011.0,235.0,73.5,1727.4,22.2
2018-10-25,11000,28.77777777777778,24.0,33.0,0.268,106.0,6.5,1011.4,235.0,73.5,1727.4,22.2
2018-10-26,11000,29.22222222222222,25.0,34.0,0.268,104.0,5.7,1011.4,235.0,73.5,1727.4,22.2
2018-10-29,11000,28.77777777777778,25.0,34.0,0.268,18.0,4.0,1008.9,235.0,73.5,1727.4,22.2
2018-10-30,11000,27.61111111111111,23.000000000000004,32.0,0.268,11.0,4.1,1008.8,235.0,73.5,1727.4,22.2
2018-10-31,11000,27.88888888888889,22.0,33.0,0.268,14.0,5.0,1009.6,235.0,73.5,1727.4,22.2
2018-11-01,11000,28.61111111111111,23.000000000000004,33.0,0.268,144.0,5.2,1009.0,235.0,73.5,1727.4,22.2
2018-11-02,11000,28.38888888888889,25.0,32.0,0.268,49.0,3.6,1009.9,235.0,73.5,1727.4,22.2
2018-11-06,11000,30.0,25.0,35.0,0.268,44.0,3.5,1008.3,235.0,73.5,1727.4,21.06
2018-11-07,11000,26.0,25.0,29.0,0.268,74.0,7.8,1009.0,235.0,73.5,1727.4,21.06
2018-11-08,11000,28.77777777777778,25.0,33.0,0.268,84.0,7.6,1008.9,235.0,73.5,1727.4,21.06
2018-11-09,11000,28.88888888888889,25.0,34.0,0.268,84.0,7.3,1008.5,235.0,73.5,1727.4,21.06
2018-11-10,11000,29.88888888888889,25.0,35.0,0.268,88.0,6.2,1009.3,235.0,73.5,1727.4,21.06
2018-11-12,11000,27.88888888888889,26.0,34.0,0.268,71.0,5.6,1009.0,235.0,73.5,1727.4,21.06
2018-11-13,11000,28.22222222222222,26.0,33.0,0.268,99.0,4.6,1007.6,235.0,73.5,1727.4,21.06
2018-11-14,11000,28.5,25.0,33.0,0.268,96.0,4.6,1008.4,235.0,73.5,1727.4,21.06
2018-11-15,11000,29.38888888888889,25.0,34.0,0.268,102.0,5.2,1009.6,235.0,73.5,1727.4,21.06
2018-11-16,11000,28.22222222222222,25.0,33.0,0.268,108.0,5.8,1010.4,235.0,73.5,1727.4,21.06
2018-11-19,11000,28.111111111111107,24.0,31.0,0.268,89.0,8.5,1010.8,235.0,73.5,1727.4,21.06
2018-11-20,11000,28.77777777777778,25.0,33.0,0.268,113.0,7.4,1011.1,235.0,73.5,1727.4,21.06
2018-11-21,11000,29.0,25.0,34.0,0.268,79.0,4.7,1010.3,235.0,73.5,1727.4,19.97
2018-11-22,11000,28.77777777777778,24.0,33.0,0.268,297.0,4.5,1010.6,235.0,73.5,1727.4,19.97
2018-11-23,11000,28.77777777777778,25.0,33.0,0.268,347.0,7.6,1010.5,235.0,73.5,1727.4,19.97
2018-11-26,11000,25.222222222222225,23.000000000000004,26.0,0.268,148.0,9.0,1008.2,235.0,73.5,1727.4,19.97
2018-11-27,11000,27.88888888888889,24.0,32.0,0.268,134.0,6.6,1011.6,235.0,73.5,1727.4,19.97
2018-12-24,11000,27.27777777777777,25.0,33.0,0.268,1.0,4.0,1008.8,235.0,73.5,1727.4,18.14
2018-12-25,11000,27.88888888888889,25.0,33.0,0.268,255.0,3.7,1008.4,235.0,73.5,1727.4,18.14
2018-12-26,11000,27.0,25.0,31.0,0.268,261.0,5.0,1008.2,235.0,73.5,1727.4,18.14
2018-12-28,10500,25.72222222222222,24.0,28.000000000000004,0.268,334.0,3.5,1008.6,235.0,73.5,1727.4,18.14
2019-01-03,10500,27.77777777777778,23.000000000000004,31.0,0.268,51.0,7.6,1011.9,233.7,71.0,1659.3,17.6
2019-01-04,10500,29.27777777777778,25.0,34.0,0.268,92.0,12.1,1012.5,233.7,71.0,1659.3,17.6
2019-01-07,10500,28.77777777777778,24.0,35.0,0.268,91.0,6.7,1011.5,233.7,71.0,1659.3,17.6
2019-01-08,10500,27.61111111111111,23.000000000000004,32.0,0.268,84.0,4.8,1012.0,233.7,71.0,1659.3,17.6
2019-01-09,10500,28.5,23.000000000000004,34.0,0.268,99.0,5.3,1012.0,233.7,71.0,1659.3,17.6
2019-01-16,10500,28.72222222222222,26.0,33.0,0.268,75.0,4.5,1010.2,233.7,71.0,1659.3,17.6
2019-01-17,10500,27.77777777777778,24.0,34.0,0.268,68.0,4.3,1010.2,233.7,71.0,1659.3,17.6
2019-01-18,10500,27.88888888888889,23.000000000000004,34.0,0.268,66.0,5.7,1010.6,233.7,71.0,1659.3,17.6
2019-01-25,10500,26.888888888888893,21.0,33.0,0.268,1.0,4.6,1013.5,233.7,71.0,1659.3,17.6
2019-02-12,10500,29.0,26.0,36.0,0.268,88.0,9.1,1014.6,233.7,71.0,1659.3,17.6
2019-02-13,10500,28.72222222222222,24.0,34.0,0.268,101.0,7.3,1014.4,233.7,71.0,1659.3,17.6
2019-02-14,10500,29.0,23.000000000000004,35.0,0.268,108.0,8.8,1012.7,233.7,71.0,1659.3,17.6
2019-02-15,10500,28.88888888888889,25.0,35.0,0.268,109.0,10.0,1013.3,233.7,71.0,1659.3,17.6
2019-02-18,10500,28.5,25.0,34.0,0.268,144.0,9.3,1011.7,233.7,71.0,1659.3,17.6
2019-02-19,10000,28.61111111111111,25.0,33.0,0.268,133.0,8.4,1012.6,233.7,71.0,1659.3,17.6
2019-02-20,10000,29.11111111111111,25.0,34.0,0.268,132.0,8.3,1013.8,233.7,71.0,1659.3,17.6
2019-02-22,10000,28.277777777777786,26.0,32.0,0.268,141.0,8.8,1011.4,233.7,71.0,1659.3,17.6
2019-02-25,10000,28.88888888888889,26.0,35.0,0.268,128.0,10.3,1010.9,233.7,71.0,1659.3,17.6
2019-02-26,10000,28.88888888888889,26.0,35.0,0.268,121.0,9.1,1010.5,233.7,71.0,1659.3,17.6
2019-02-28,10500,28.77777777777778,26.0,34.0,0.268,132.0,9.9,1009.5,233.7,71.0,1659.3,17.6
2019-03-01,10500,28.61111111111111,25.0,34.0,0.268,126.0,8.9,1010.1,233.7,71.0,1659.3,17.6
2019-03-04,10500,27.61111111111111,25.0,32.0,0.268,150.0,7.1,1009.3,233.7,71.0,1659.3,18.54
2019-03-05,10500,28.000000000000004,24.0,34.0,0.268,151.0,7.5,1010.0,233.7,71.0,1659.3,18.54
2019-03-06,10500,28.61111111111111,24.0,35.0,0.268,151.0,6.2,1010.9,233.7,71.0,1659.3,18.54
2019-03-07,10500,28.77777777777778,25.0,33.0,0.268,172.0,7.0,1010.5,233.7,71.0,1659.3,18.54
2019-03-08,10500,29.11111111111111,26.0,34.0,0.268,147.0,7.8,1010.8,233.7,71.0,1659.3,18.54
2019-03-11,10500,29.88888888888889,26.0,36.0,0.268,190.0,6.8,1010.7,233.7,71.0,1659.3,18.54
2019-03-12,10500,29.27777777777778,27.0,34.0,0.268,168.0,7.3,1011.2,233.7,71.0,1659.3,18.54
2019-03-13,10500,30.61111111111111,27.0,35.0,0.268,149.0,7.5,1011.7,233.7,71.0,1659.3,18.54
2019-03-14,10500,29.11111111111111,27.0,34.0,0.268,142.0,8.2,1012.7,233.7,71.0,1659.3,18.54
2019-03-15,10500,30.27777777777778,26.0,36.0,0.268,133.0,8.6,1011.9,233.7,71.0,1659.3,18.54
2019-03-18,10500,30.72222222222222,26.0,37.0,0.268,129.0,8.4,1010.5,233.7,71.0,1659.3,18.54
2019-03-19,10500,29.88888888888889,27.0,35.0,0.268,143.0,10.2,1010.1,233.7,71.0,1659.3,18.54
2019-04-01,10500,29.38888888888889,27.0,35.0,0.268,128.0,8.8,1011.1,233.7,71.0,1659.3,18.54
2019-04-02,10500,30.38888888888889,26.0,36.0,0.268,125.0,9.2,1011.1,233.7,71.0,1659.3,20.03
2019-04-03,10500,29.88888888888889,28.000000000000004,34.0,0.268,137.0,8.1,1010.9,233.7,71.0,1659.3,20.03
2019-04-05,10500,29.38888888888889,25.0,33.0,0.268,125.0,6.3,1011.0,233.7,71.0,1659.3,20.03
2019-04-08,10500,30.11111111111111,28.000000000000004,34.0,0.268,143.0,7.7,1009.3,233.7,71.0,1659.3,20.03
2019-04-09,10500,30.61111111111111,27.0,35.0,0.268,145.0,7.5,1009.1,233.7,71.0,1659.3,20.03
2019-04-10,10500,31.11111111111111,28.000000000000004,35.0,0.268,147.0,6.0,1008.8,233.7,71.0,1659.3,20.03
2019-04-11,10500,30.61111111111111,28.000000000000004,35.0,0.268,165.0,6.8,1008.0,233.7,71.0,1659.3,20.03
2019-04-12,10500,31.11111111111111,27.0,35.0,0.268,173.0,6.8,1008.0,233.7,71.0,1659.3,20.03
2019-04-16,10500,31.38888888888889,28.000000000000004,36.0,0.268,158.0,6.7,1008.9,233.7,71.0,1659.3,20.03
2019-04-17,10500,30.77777777777778,26.0,36.0,0.268,178.0,6.6,1009.1,233.7,71.0,1659.3,21.23
2019-04-18,10500,30.88888888888889,29.0,35.0,0.268,166.0,7.4,1008.3,233.7,71.0,1659.3,21.23
2019-04-19,10500,31.61111111111111,28.000000000000004,37.0,0.268,177.0,6.4,1007.3,233.7,71.0,1659.3,21.23
2019-04-22,10500,31.38888888888889,28.000000000000004,36.0,0.268,141.0,7.5,1006.4,233.7,71.0,1659.3,21.23
2019-04-24,10500,31.61111111111111,29.0,37.0,0.268,138.0,8.7,1007.4,233.7,71.0,1659.3,21.23
2019-04-25,10500,31.27777777777778,29.0,36.0,0.268,143.0,8.4,1007.1,233.7,71.0,1659.3,21.23
2019-04-26,10500,31.11111111111111,28.000000000000004,35.0,0.268,143.0,8.2,1007.0,233.7,71.0,1659.3,21.23
2019-05-02,10500,29.22222222222222,25.0,35.0,0.268,176.0,6.3,1008.3,233.7,71.0,1659.3,22.19
2019-05-03,10500,29.88888888888889,25.0,35.0,0.268,185.0,5.3,1009.2,233.7,71.0,1659.3,22.19
2019-05-04,10500,31.22222222222222,27.0,36.0,0.268,183.0,6.1,1009.4,233.7,71.0,1659.3,22.19
2019-05-09,10500,28.61111111111111,26.0,34.0,0.268,214.0,6.2,1006.1,233.7,71.0,1659.3,22.19
2019-05-10,10500,27.722222222222225,24.0,33.0,0.268,241.0,5.3,1007.8,233.7,71.0,1659.3,22.19
2019-05-13,10500,29.88888888888889,26.0,35.0,0.268,191.0,6.1,1007.7,233.7,71.0,1659.3,22.19
2019-05-14,10500,29.72222222222222,27.0,34.0,0.268,165.0,5.3,1008.1,233.7,71.0,1659.3,22.19
2019-05-15,10500,30.38888888888889,27.0,36.0,0.268,218.0,5.0,1008.6,233.7,71.0,1659.3,22.19
2019-05-17,10500,31.11111111111111,26.0,35.0,0.268,246.0,6.6,1008.2,233.7,71.0,1659.3,21.59
2019-05-20,10500,29.61111111111111,26.0,35.0,0.268,220.0,7.1,1008.2,233.7,71.0,1659.3,21.59
2019-05-21,10500,29.22222222222222,27.0,35.0,0.268,218.0,6.3,1008.4,233.7,71.0,1659.3,21.59
2019-05-22,10500,28.111111111111107,25.0,35.0,0.268,216.0,4.8,1008.6,233.7,71.0,1659.3,21.59
2019-05-31,10500,30.5,26.0,35.0,0.268,143.0,5.5,1007.0,233.7,71.0,1659.3,21.59
2019-06-03,10500,27.88888888888889,26.0,34.0,0.268,225.0,4.2,1007.5,233.7,71.0,1659.3,21.21
2019-06-04,10500,28.61111111111111,25.0,35.0,0.268,104.0,3.0,1007.4,233.7,71.0,1659.3,21.21
2019-06-05,10500,28.72222222222222,26.0,34.0,0.268,139.0,4.2,1006.9,233.7,71.0,1659.3,21.21
2019-06-06,10500,28.5,26.0,34.0,0.268,134.0,5.2,1008.2,233.7,71.0,1659.3,21.21
2019-06-07,10500,28.277777777777786,24.0,32.0,0.268,192.0,4.9,1009.4,233.7,71.0,1659.3,21.21
2019-06-10,10500,29.22222222222222,26.0,33.0,0.268,257.0,10.0,1006.7,233.7,71.0,1659.3,21.21
2019-06-12,10500,29.61111111111111,27.0,33.0,0.268,257.0,8.3,1007.4,233.7,71.0,1659.3,21.21
2019-06-14,10500,28.88888888888889,27.0,33.0,0.268,249.0,7.8,1007.4,233.7,71.0,1659.3,21.21
2019-06-17,10500,27.77777777777778,27.0,31.0,0.268,243.0,8.3,1007.9,233.7,71.0,1659.3,20.13
2019-06-18,10500,29.5,25.0,34.0,0.268,264.0,8.0,1007.8,233.7,71.0,1659.3,20.13
2019-06-19,10500,30.38888888888889,26.0,35.0,0.268,290.0,7.3,1007.0,233.7,71.0,1659.3,20.13
2019-06-20,10500,30.38888888888889,27.0,35.0,0.268,271.0,5.7,1006.3,233.7,71.0,1659.3,20.13
2019-06-21,10500,28.72222222222222,26.0,35.0,0.268,271.0,5.0,1005.6,233.7,71.0,1659.3,20.13
2019-06-22,10500,29.38888888888889,25.0,34.0,0.268,122.0,5.5,1004.6,233.7,71.0,1659.3,20.13
2019-06-24,10500,27.88888888888889,24.0,33.0,0.268,197.0,7.1,1007.9,233.7,71.0,1659.3,20.13
2019-06-25,10500,29.11111111111111,26.0,34.0,0.268,233.0,5.8,1008.5,233.7,71.0,1659.3,20.13
2019-06-26,10500,29.11111111111111,26.0,34.0,0.268,246.0,8.6,1007.9,233.7,71.0,1659.3,20.13
2019-06-27,10500,29.61111111111111,26.0,33.0,0.268,253.0,10.5,1006.7,233.7,71.0,1659.3,20.13
2019-07-02,10500,28.277777777777786,26.0,33.0,0.268,241.0,10.7,1005.9,233.7,71.0,1659.3,20.51
2019-07-03,10500,25.611111111111107,24.0,28.000000000000004,0.268,245.0,10.8,1007.4,233.7,71.0,1659.3,20.51
2019-07-04,10500,26.77777777777778,23.000000000000004,31.0,0.268,234.0,6.6,1009.0,233.7,71.0,1659.3,20.51
2019-07-05,10500,28.72222222222222,25.0,33.0,0.268,260.0,6.5,1007.9,233.7,71.0,1659.3,20.51
2019-07-08,10500,29.27777777777778,26.0,34.0,0.268,224.0,7.6,1008.7,233.7,71.0,1659.3,20.51
2019-07-10,10500,30.11111111111111,26.0,34.0,0.268,248.0,8.6,1008.6,233.7,71.0,1659.3,20.51
2019-07-11,10500,30.72222222222222,27.0,35.0,0.268,261.0,9.0,1009.8,233.7,71.0,1659.3,20.51
2019-07-12,10500,30.38888888888889,27.0,34.0,0.268,248.0,8.4,1009.2,233.7,71.0,1659.3,20.51
2019-07-15,10500,29.27777777777778,27.0,35.0,0.268,258.0,8.3,1005.4,233.7,71.0,1659.3,20.51
2019-07-16,10500,27.77777777777778,24.0,33.0,0.268,250.0,7.3,1005.2,233.7,71.0,1659.3,20.51
2019-07-17,10500,26.611111111111114,24.0,31.0,0.268,247.0,5.6,1004.8,233.7,71.0,1659.3,21.23
2019-07-18,10500,28.61111111111111,25.0,32.0,0.268,245.0,8.9,1005.0,233.7,71.0,1659.3,21.23
2019-07-19,10500,28.22222222222222,26.0,32.0,0.268,244.0,9.0,1005.9,233.7,71.0,1659.3,21.23
2019-07-22,10500,28.38888888888889,26.0,34.0,0.268,283.0,6.1,1007.2,233.7,71.0,1659.3,21.23
2019-07-23,10500,28.72222222222222,25.0,34.0,0.268,279.0,6.0,1006.8,233.7,71.0,1659.3,21.23
2019-07-24,10500,28.22222222222222,24.0,34.0,0.268,282.0,6.5,1007.7,233.7,71.0,1659.3,21.23
2019-07-25,10500,26.611111111111114,24.0,32.0,0.268,271.0,6.8,1010.1,233.7,71.0,1659.3,21.23
2019-07-26,10500,28.111111111111107,25.0,34.0,0.268,310.0,7.0,1008.7,233.7,71.0,1659.3,21.23
2019-07-29,10500,26.888888888888893,23.000000000000004,33.0,0.268,249.0,7.6,1008.1,233.7,71.0,1659.3,21.23
2019-07-30,10500,28.72222222222222,25.0,33.0,0.268,253.0,8.6,1006.6,233.7,71.0,1659.3,21.23
2019-07-31,10500,28.277777777777786,24.0,34.0,0.268,252.0,10.8,1005.6,233.7,71.0,1659.3,21.23
2019-08-01,10500,28.111111111111107,26.0,33.0,0.268,250.0,11.7,1006.9,233.7,71.0,1659.3,20.91
2019-08-02,10500,26.38888888888889,25.0,30.0,0.268,246.0,11.8,1007.6,233.7,71.0,1659.3,20.91
2019-08-05,10500,27.11111111111111,25.0,31.0,0.268,246.0,10.9,1005.9,233.7,71.0,1659.3,20.91
2019-08-06,10500,25.777777777777786,24.0,30.0,0.268,257.0,9.9,1006.2,233.7,71.0,1659.3,20.91
2019-08-07,10500,26.38888888888889,24.0,29.0,0.268,256.0,8.1,1005.3,233.7,71.0,1659.3,20.91
2019-08-08,10500,26.611111111111114,24.0,30.0,0.268,250.0,10.2,1004.6,233.7,71.0,1659.3,20.91
2019-08-09,10500,26.38888888888889,24.0,29.0,0.268,244.0,10.8,1003.8,233.7,71.0,1659.3,20.91
2019-08-12,10500,29.22222222222222,26.0,34.0,0.268,232.0,8.0,1007.8,233.7,71.0,1659.3,20.91
2019-08-13,10500,29.0,26.0,32.0,0.268,255.0,8.5,1008.5,233.7,71.0,1659.3,20.91
2019-08-14,10500,29.72222222222222,26.0,34.0,0.268,260.0,8.6,1008.0,233.7,71.0,1659.3,20.91
2019-08-15,10500,29.61111111111111,27.0,34.0,0.268,243.0,12.0,1007.9,233.7,71.0,1659.3,20.91
2019-08-16,10500,28.72222222222222,26.0,33.0,0.268,218.0,11.1,1008.1,233.7,71.0,1659.3,20.4
2019-08-19,10500,29.77777777777778,26.0,35.0,0.268,251.0,9.1,1007.7,233.7,71.0,1659.3,20.4
2019-08-20,10500,28.77777777777778,26.0,33.0,0.268,231.0,9.5,1006.7,233.7,71.0,1659.3,20.4
2019-08-21,10500,27.722222222222225,25.0,34.22222222222222,0.268,225.0,6.4,1007.6,233.7,71.0,1659.3,20.4
2019-08-22,10500,27.722222222222225,26.0,31.0,0.268,237.0,7.6,1008.8,233.7,71.0,1659.3,20.4
2019-08-23,10500,28.5,25.0,33.0,0.268,251.0,8.5,1008.8,233.7,71.0,1659.3,20.4
2019-09-11,10500,29.77777777777778,26.0,34.0,0.268,269.0,7.3,1011.2,233.7,71.0,1659.3,20.23
2019-09-12,10500,29.72222222222222,26.0,34.0,0.268,300.0,7.1,1009.7,233.7,71.0,1659.3,20.23
2019-09-13,10500,26.38888888888889,25.0,30.0,0.268,318.0,7.0,1007.8,233.7,71.0,1659.3,20.23
2019-09-16,10500,26.888888888888893,24.0,31.0,0.268,231.0,6.2,1006.5,233.7,71.0,1659.3,20.14
2019-09-17,10500,27.5,26.0,30.0,0.268,242.0,9.4,1007.1,233.7,71.0,1659.3,20.14
2019-09-18,10500,26.0,25.0,29.0,0.268,236.0,9.2,1008.5,233.7,71.0,1659.3,20.14
2019-09-19,10500,27.11111111111111,25.0,31.0,0.268,243.0,7.5,1009.9,233.7,71.0,1659.3,20.14
2019-09-20,10500,27.27777777777777,25.0,31.0,0.268,243.0,4.5,1009.3,233.7,71.0,1659.3,20.14
2019-09-23,10500,27.38888888888889,24.0,33.0,0.268,75.0,4.0,1011.6,233.7,71.0,1659.3,20.14
2019-09-24,10500,29.61111111111111,24.0,33.0,0.268,75.0,3.9,1010.9,233.7,71.0,1659.3,20.14
2019-09-25,10500,29.72222222222222,26.0,35.0,0.268,55.0,4.5,1011.1,233.7,71.0,1659.3,20.14
2019-09-26,10500,27.22222222222222,23.000000000000004,34.0,0.268,55.0,2.9,1011.8,233.7,71.0,1659.3,20.14
2019-09-27,10500,27.88888888888889,24.0,34.0,0.268,21.0,4.5,1011.4,233.7,71.0,1659.3,20.14
2019-10-01,11000,27.722222222222225,24.0,32.0,0.268,198.0,3.9,1010.4,233.7,71.0,1659.3,21.06
2019-10-02,11000,27.38888888888889,25.0,32.0,0.268,254.0,3.5,1010.5,233.7,71.0,1659.3,21.06
2019-10-03,11000,27.77777777777778,24.0,33.0,0.268,254.0,4.0,1010.2,233.7,71.0,1659.3,21.06
2019-10-07,11000,29.0,23.000000000000004,32.0,0.268,88.0,4.1,1009.6,233.7,71.0,1659.3,21.06
2019-10-08,11000,29.27777777777778,25.0,33.0,0.268,108.0,5.5,1009.8,233.7,71.0,1659.3,21.06
2019-10-10,11000,28.277777777777786,24.0,33.0,0.268,79.0,3.9,1010.0,233.7,71.0,1659.3,21.06
2019-10-11,11000,29.22222222222222,25.0,33.0,0.268,79.0,4.5,1009.3,233.7,71.0,1659.3,21.06
2019-10-14,11000,28.72222222222222,24.0,34.0,0.268,79.0,4.8,1010.2,233.7,71.0,1659.3,21.06
2019-10-15,11000,29.22222222222222,25.0,34.0,0.268,87.0,6.1,1009.7,233.7,71.0,1659.3,21.06
2019-10-16,11000,28.61111111111111,25.0,35.0,0.268,45.0,4.5,1009.6,233.7,71.0,1659.3,20.79
2019-10-17,11000,28.77777777777778,25.0,34.0,0.268,62.0,4.7,1009.3,233.7,71.0,1659.3,20.79
2019-10-21,11000,28.61111111111111,25.0,32.0,0.268,138.0,3.2,1008.5,233.7,71.0,1659.3,20.79
2019-10-22,11000,29.38888888888889,26.0,33.0,0.268,138.0,4.0,1007.6,233.7,71.0,1659.3,20.79
2019-10-23,11000,29.11111111111111,27.0,33.0,0.268,140.0,5.5,1008.0,233.7,71.0,1659.3,20.79
2019-10-24,11000,29.38888888888889,27.0,34.0,0.268,108.0,5.6,1008.8,233.7,71.0,1659.3,20.79
2019-10-25,11000,29.11111111111111,26.0,33.0,0.268,113.0,5.0,1009.4,233.7,71.0,1659.3,20.79
2019-10-28,11000,28.22222222222222,24.0,34.0,0.268,93.0,4.3,1008.7,233.7,71.0,1659.3,20.79
2019-10-29,11000,29.27777777777778,24.0,34.0,0.268,22.0,6.5,1008.5,233.7,71.0,1659.3,20.79
2019-10-30,11000,29.61111111111111,26.0,34.0,0.268,340.0,5.8,1006.8,233.7,71.0,1659.3,20.79
2019-10-31,11000,26.888888888888893,25.0,30.0,0.268,118.0,6.8,1006.8,233.7,71.0,1659.3,20.44
2019-11-05,11000,28.22222222222222,23.000000000000004,34.0,0.268,21.0,5.7,1008.1,233.7,71.0,1659.3,20.44
2019-11-06,11000,27.11111111111111,25.0,30.0,0.268,150.0,3.9,1007.8,233.7,71.0,1659.3,20.44
2019-11-07,11000,27.88888888888889,25.0,32.0,0.268,61.0,3.0,1009.0,233.7,71.0,1659.3,20.44
2019-11-08,11000,27.77777777777778,25.0,33.0,0.268,345.0,3.1,1010.4,233.7,71.0,1659.3,20.44
2019-11-16,11000,28.111111111111107,25.0,31.0,0.268,52.0,3.9,1010.1,233.7,71.0,1659.3,20.79
2019-11-19,11000,27.88888888888889,24.0,33.0,0.268,51.0,3.6,1009.9,233.7,71.0,1659.3,20.79
2019-11-20,11000,27.77777777777778,23.000000000000004,32.0,0.268,303.0,3.3,1010.0,233.7,71.0,1659.3,20.79
2019-11-22,11000,27.61111111111111,23.000000000000004,32.0,0.268,346.0,3.0,1010.6,233.7,71.0,1659.3,20.79
2019-11-23,11000,27.22222222222222,23.000000000000004,33.0,0.268,308.0,3.5,1010.6,233.7,71.0,1659.3,20.79
2019-11-25,11000,28.277777777777786,25.0,33.0,0.268,15.0,3.5,1010.3,233.7,71.0,1659.3,20.79
2019-12-13,11000,26.888888888888893,22.0,33.0,0.268,357.0,3.8,1012.1,233.7,71.0,1659.3,21.07
2019-12-16,11000,28.77777777777778,24.0,33.0,0.268,89.0,6.5,1010.0,233.7,71.0,1659.3,20.88
2019-12-17,11000,28.61111111111111,23.000000000000004,33.0,0.268,91.0,4.8,1010.5,233.7,71.0,1659.3,20.88
2019-12-18,11000,28.5,25.0,34.0,0.268,98.0,5.0,1011.0,233.7,71.0,1659.3,20.88
2019-12-19,11000,27.88888888888889,24.0,32.0,0.268,102.0,5.0,1010.9,233.7,71.0,1659.3,20.88
2019-12-20,11000,27.11111111111111,24.0,32.0,0.268,143.0,5.3,1010.1,233.7,71.0,1659.3,20.88
2019-12-23,11000,27.77777777777778,23.000000000000004,33.0,0.268,89.0,5.3,1011.0,233.7,71.0,1659.3,20.88
2019-12-25,11000,27.61111111111111,22.0,32.0,0.268,141.0,4.5,1010.5,233.7,71.0,1659.3,20.88
2019-12-26,11000,27.11111111111111,24.0,31.0,0.268,162.0,4.7,1011.0,233.7,71.0,1659.3,20.88
2019-12-30,11000,28.5,24.0,33.0,0.268,34.0,5.0,1012.1,233.7,71.0,1659.3,20.88
2020-01-09,11000,28.72222222222222,24.0,35.0,0.268,104.0,5.3,1009.2,229.4,71.7,1645.1,20.99
2020-01-10,11000,28.88888888888889,24.0,34.0,0.268,72.0,5.5,1008.9,229.4,71.7,1645.1,20.99
2020-01-15,11000,27.88888888888889,22.0,34.0,0.268,90.0,5.8,1010.9,229.4,71.7,1645.1,20.91
2020-01-20,11000,28.88888888888889,23.000000000000004,34.0,0.268,114.0,5.3,1012.4,229.4,71.7,1645.1,20.91
2020-01-31,11000,27.11111111111111,23.000000000000004,31.0,0.268,110.0,5.0,1011.8,229.4,71.7,1645.1,20.12
2020-02-03,11000,27.27777777777777,21.0,33.0,0.268,100.0,5.8,1012.8,229.4,71.7,1645.1,20.12
2020-02-04,11000,27.722222222222225,22.0,35.0,0.268,102.0,7.3,1011.6,229.4,71.7,1645.1,20.12
2020-02-05,11000,27.38888888888889,22.0,34.0,0.268,98.0,6.3,1011.3,229.4,71.7,1645.1,20.12
2020-02-06,11000,27.27777777777777,22.0,32.0,0.268,111.0,5.9,1012.3,229.4,71.7,1645.1,20.12
2020-02-07,11000,27.61111111111111,23.000000000000004,35.0,0.268,105.0,6.8,1012.5,229.4,71.7,1645.1,20.12
2020-02-10,11000,28.22222222222222,23.000000000000004,33.0,0.268,103.0,4.8,1012.5,229.4,71.7,1645.1,20.12
2020-02-11,11000,29.72222222222222,23.000000000000004,35.0,0.268,103.0,8.1,1012.8,229.4,71.7,1645.1,20.12
2020-02-12,11000,29.38888888888889,26.0,35.0,0.268,122.0,10.2,1012.5,229.4,71.7,1645.1,20.12
2020-02-13,11000,28.77777777777778,26.0,35.0,0.268,138.0,9.1,1011.5,229.4,71.7,1645.1,20.12
2020-02-14,11000,27.77777777777778,25.0,32.0,0.268,154.0,7.6,1010.3,229.4,71.7,1645.1,19.38
2020-02-17,11000,28.277777777777786,24.0,36.0,0.268,100.0,7.5,1012.8,229.4,71.7,1645.1,19.38
2020-02-18,11000,28.111111111111107,25.0,33.0,0.268,86.0,4.3,1012.9,229.4,71.7,1645.1,19.38
2020-02-19,11000,27.77777777777778,22.0,35.0,0.268,77.0,5.0,1013.1,229.4,71.7,1645.1,19.38
2020-02-20,11000,28.61111111111111,23.000000000000004,34.0,0.268,5.0,4.2,1013.0,229.4,71.7,1645.1,19.38
2020-02-21,11000,28.72222222222222,23.000000000000004,35.0,0.268,42.0,6.5,1014.1,229.4,71.7,1645.1,19.38
2020-02-24,11000,28.277777777777786,22.0,35.0,0.268,74.0,4.7,1012.1,229.4,71.7,1645.1,19.38
2020-02-25,11000,28.88888888888889,23.000000000000004,34.0,0.268,104.0,5.4,1010.8,229.4,71.7,1645.1,19.38
2020-02-26,11000,29.11111111111111,24.0,36.0,0.268,104.0,7.8,1011.0,229.4,71.7,1645.1,19.38
2020-02-27,11000,28.88888888888889,24.0,35.0,0.268,116.0,7.9,1010.2,229.4,71.7,1645.1,19.38
2020-02-28,11000,28.72222222222222,23.000000000000004,35.0,0.268,102.0,6.2,1009.8,229.4,71.7,1645.1,19.38
2020-03-02,11000,29.72222222222222,26.0,36.0,0.268,132.0,9.1,1009.7,229.4,71.7,1645.1,19.12
2020-03-03,11000,29.22222222222222,26.0,35.0,0.268,114.0,7.5,1009.8,229.4,71.7,1645.1,19.12
2020-03-04,11000,28.88888888888889,26.0,34.0,0.268,133.0,8.0,1010.0,229.4,71.7,1645.1,19.12
2020-03-05,11000,29.11111111111111,26.0,34.0,0.268,137.0,9.2,1010.6,229.4,71.7,1645.1,19.12
2020-03-09,11000,29.61111111111111,27.0,35.0,0.268,187.0,6.8,1007.9,229.4,71.7,1645.1,19.12
2020-03-10,11000,29.88888888888889,27.0,35.0,0.268,167.0,6.7,1008.2,229.4,71.7,1645.1,19.12
2020-03-11,11000,29.0,27.0,33.0,0.268,147.0,8.3,1010.6,229.4,71.7,1645.1,19.12
2020-03-12,11000,30.22222222222222,26.0,36.0,0.268,137.0,9.1,1011.2,229.4,71.7,1645.1,19.12
2020-03-13,11000,29.22222222222222,26.0,34.0,0.268,152.0,8.1,1011.5,229.4,71.7,1645.1,19.12
2020-03-16,11000,30.27777777777778,26.0,37.0,0.268,113.0,8.0,1011.1,229.4,71.7,1645.1,16.81
2020-03-17,11000,29.88888888888889,26.0,36.0,0.268,128.0,8.8,1011.5,229.4,71.7,1645.1,16.81
2020-03-18,11000,29.61111111111111,26.0,35.0,0.268,144.0,8.6,1010.4,229.4,71.7,1645.1,16.81
2020-03-19,11500,29.61111111111111,27.0,35.0,0.268,146.0,8.6,1010.3,229.4,71.7,1645.1,16.81
2020-03-20,11500,29.27777777777778,26.0,34.0,0.268,144.0,9.6,1011.3,229.4,71.7,1645.1,16.81
2020-03-23,11500,29.22222222222222,27.0,34.0,0.268,143.0,8.3,1010.0,229.4,71.7,1645.1,16.81
2020-03-24,11500,29.38888888888889,26.0,34.0,0.268,139.0,8.9,1009.4,229.4,71.7,1645.1,16.81
2020-03-25,11500,29.72222222222222,27.0,35.0,0.268,137.0,10.0,1008.3,229.4,71.7,1645.1,16.81
2020-03-26,11500,29.72222222222222,27.0,34.0,0.268,140.0,9.4,1009.4,229.4,71.7,1645.1,16.81
2020-03-27,11500,29.38888888888889,26.0,35.0,0.268,144.0,7.7,1009.8,229.4,71.7,1645.1,16.81
2020-03-30,11500,30.22222222222222,27.0,35.0,0.268,146.0,7.8,1008.8,229.4,71.7,1645.1,12.56
2020-03-31,11500,30.61111111111111,27.0,35.0,0.268,149.0,6.5,1009.1,229.4,71.7,1645.1,12.56
2020-04-01,11500,30.38888888888889,27.0,35.0,0.268,145.0,8.5,1008.9,229.4,71.7,1645.1,12.56
2020-04-02,11500,30.61111111111111,27.0,36.0,0.268,136.0,9.1,1009.6,229.4,71.7,1645.1,12.56
2020-04-03,11500,31.11111111111111,28.000000000000004,37.0,0.268,132.0,10.1,1010.0,229.4,71.7,1645.1,12.56
2020-04-06,11500,30.72222222222222,27.0,35.0,0.268,139.0,9.3,1009.8,229.4,71.7,1645.1,12.56
2020-04-07,11500,30.0,28.000000000000004,34.0,0.268,149.0,8.0,1009.7,229.4,71.7,1645.1,12.56
2020-04-08,11500,29.77777777777778,27.0,34.0,0.268,144.0,7.0,1010.2,229.4,71.7,1645.1,12.56
2020-04-09,11500,29.61111111111111,26.0,35.0,0.268,109.0,8.0,1010.6,229.4,71.7,1645.1,12.56
2020-04-10,11500,29.22222222222222,26.0,35.0,0.268,129.0,7.6,1011.4,229.4,71.7,1645.1,12.56
2020-04-13,11500,27.5,26.0,31.0,0.268,71.0,4.5,1010.3,229.4,71.7,1645.1,11.93
2020-04-14,11500,28.61111111111111,26.0,34.0,0.268,46.0,3.9,1010.7,229.4,71.7,1645.1,11.93
2020-04-15,11500,29.27777777777778,25.0,35.0,0.268,4.0,4.1,1010.6,229.4,71.7,1645.1,11.93
2020-04-16,11500,30.22222222222222,26.0,35.0,0.268,132.0,8.7,1009.7,229.4,71.7,1645.1,11.93
2020-04-17,11500,29.88888888888889,27.0,35.0,0.268,137.0,9.2,1010.2,229.4,71.7,1645.1,11.93
2020-04-20,11500,30.61111111111111,28.000000000000004,36.0,0.268,145.0,8.1,1009.8,229.4,71.7,1645.1,11.93
2020-04-21,11500,30.88888888888889,27.0,37.0,0.268,139.0,8.3,1008.8,229.4,71.7,1645.1,11.93
2020-04-22,11500,31.11111111111111,27.0,35.0,0.268,145.0,7.5,1008.9,229.4,71.7,1645.1,11.93
2020-04-23,11500,32.0,29.0,37.0,0.268,139.0,9.1,1008.6,229.4,71.7,1645.1,11.93
2020-04-24,11500,29.72222222222222,28.000000000000004,37.0,0.268,78.0,5.8,1009.0,229.4,71.7,1645.1,11.93
2020-04-27,11500,29.27777777777778,25.0,35.0,0.268,62.0,4.2,1010.2,229.4,71.7,1645.1,11.93
2020-04-28,11500,29.77777777777778,26.0,36.0,0.268,62.0,5.0,1009.7,229.4,71.7,1645.1,11.63
2020-04-29,11500,31.0,26.0,36.0,0.268,117.0,6.2,1009.1,229.4,71.7,1645.1,11.63
2020-05-04,11500,31.11111111111111,28.000000000000004,35.0,0.268,143.0,6.5,1008.5,229.4,71.7,1645.1,11.63
2020-05-05,11500,31.38888888888889,29.0,36.0,0.268,161.0,6.5,1007.6,229.4,71.7,1645.1,11.63
2020-05-06,11500,31.72222222222222,29.0,36.0,0.268,160.0,6.9,1007.4,229.4,71.7,1645.1,11.63
2020-05-07,11500,31.61111111111111,28.000000000000004,35.0,0.268,148.0,8.0,1006.8,229.4,71.7,1645.1,11.63
2020-05-08,11500,31.61111111111111,29.0,36.0,0.268,159.0,6.3,1007.1,229.4,71.7,1645.1,11.63
2020-05-11,11500,31.77777777777778,30.0,36.0,0.268,159.0,7.0,1008.3,229.4,71.7,1645.1,11.63
2020-05-12,11500,31.88888888888889,29.0,37.0,0.268,138.0,5.9,1008.0,229.4,71.7,1645.1,11.63
2020-05-13,11500,32.0,29.0,37.0,0.268,143.0,8.0,1007.8,229.4,71.7,1645.1,12.23
2020-05-14,11500,31.88888888888889,29.0,37.0,0.268,125.0,8.0,1007.6,229.4,71.7,1645.1,12.23
2020-05-15,11500,31.38888888888889,29.0,36.0,0.268,146.0,7.3,1005.5,229.4,71.7,1645.1,12.23
2020-05-18,11500,31.88888888888889,28.000000000000004,37.0,0.268,216.0,6.8,1005.2,229.4,71.7,1645.1,12.23
2020-05-19,11500,30.27777777777778,25.0,38.0,0.268,206.0,7.1,1005.6,229.4,71.7,1645.1,12.23
2020-05-20,11500,28.77777777777778,27.0,33.0,0.268,185.0,4.7,1006.7,229.4,71.7,1645.1,12.23
2020-05-21,11500,31.72222222222222,26.0,36.0,0.268,236.0,5.4,1006.8,229.4,71.7,1645.1,12.23
2020-05-22,11500,30.88888888888889,28.000000000000004,36.0,0.268,199.0,6.5,1006.3,229.4,71.7,1645.1,12.23
2020-05-25,11500,28.38888888888889,26.0,35.0,0.268,184.0,2.9,1010.3,229.4,71.7,1645.1,12.23
2020-05-26,11500,31.61111111111111,26.0,36.0,0.268,227.0,5.1,1009.8,229.4,71.7,1645.1,12.23
2020-05-27,11500,29.88888888888889,23.000000000000004,35.0,0.268,246.0,4.2,1009.3,229.4,71.7,1645.1,12.23
2020-05-28,11500,29.11111111111111,27.0,34.0,0.268,207.0,3.6,1009.2,229.4,71.7,1645.1,13.12
2020-05-29,11500,29.11111111111111,26.0,34.0,0.268,190.0,4.2,1009.6,229.4,71.7,1645.1,13.12
2020-06-01,11500,29.11111111111111,24.0,36.0,0.268,300.0,4.8,1010.0,229.4,71.7,1645.1,13.12
2020-06-02,11500,27.88888888888889,24.0,33.0,0.268,206.0,4.3,1009.6,229.4,71.7,1645.1,13.12
2020-06-03,11500,28.72222222222222,25.0,35.0,0.268,186.0,3.9,1008.1,229.4,71.7,1645.1,13.12
2020-06-04,11500,27.38888888888889,25.0,33.0,0.268,270.0,3.4,1008.4,229.4,71.7,1645.1,13.12
2020-06-05,11500,28.72222222222222,25.0,33.0,0.268,230.0,4.7,1008.5,229.4,71.7,1645.1,13.12
2020-06-08,11500,31.11111111111111,26.0,35.0,0.268,255.0,6.7,1006.7,229.4,71.7,1645.1,13.12
2020-06-09,11500,29.72222222222222,24.0,34.0,0.268,223.0,6.0,1007.1,229.4,71.7,1645.1,13.12
2020-06-10,11500,26.722222222222214,25.0,32.0,0.268,232.0,5.7,1007.9,229.4,71.7,1645.1,13.12
2020-06-11,11500,28.88888888888889,25.0,32.0,0.268,290.0,4.3,1006.7,229.4,71.7,1645.1,13.12
2020-06-12,11500,30.0,25.0,34.0,0.268,256.0,6.7,1004.7,229.4,71.7,1645.1,14.08
2020-06-15,11500,27.61111111111111,25.0,33.0,0.268,193.0,4.8,1009.0,229.4,71.7,1645.1,14.08
2020-06-16,11500,28.000000000000004,24.0,33.0,0.268,195.0,3.7,1008.8,229.4,71.7,1645.1,14.08
2020-06-17,11500,27.88888888888889,25.0,34.0,0.268,354.0,3.3,1008.3,229.4,71.7,1645.1,14.08
2020-06-18,11500,30.27777777777778,26.0,35.0,0.268,316.0,5.3,1007.8,229.4,71.7,1645.1,14.08
2020-06-19,11500,29.72222222222222,27.0,34.0,0.268,247.0,4.2,1007.6,229.4,71.7,1645.1,14.08
2020-06-22,11500,29.27777777777778,25.0,34.0,0.268,185.0,3.7,1006.5,229.4,71.7,1645.1,14.08
2020-06-23,11500,30.38888888888889,26.0,35.0,0.268,228.0,3.0,1007.1,229.4,71.7,1645.1,14.08
2020-06-24,11500,28.61111111111111,25.0,35.0,0.268,239.0,4.5,1007.3,229.4,71.7,1645.1,14.08
2020-06-25,11500,26.888888888888893,25.0,32.0,0.268,254.0,4.5,1007.3,229.4,71.7,1645.1,14.08
2020-06-26,11500,28.111111111111107,25.0,34.0,0.268,249.0,4.0,1007.4,229.4,71.7,1645.1,14.08
2020-06-29,11500,26.11111111111111,24.0,30.0,0.268,241.0,4.5,1007.9,229.4,71.7,1645.1,14.97
2020-06-30,11500,26.888888888888893,25.0,31.0,0.268,254.0,4.3,1007.6,229.4,71.7,1645.1,14.97
2020-07-01,11500,28.277777777777786,25.0,32.0,0.268,281.0,5.8,1006.5,229.4,71.7,1645.1,14.97
2020-07-02,11500,27.722222222222225,24.0,32.0,0.268,244.0,8.7,1006.0,229.4,71.7,1645.1,14.97
2020-07-03,11500,27.38888888888889,25.0,29.0,0.268,229.0,6.3,1007.9,229.4,71.7,1645.1,14.97
2020-07-06,11500,28.111111111111107,26.0,30.0,0.268,170.0,4.4,1006.3,229.4,71.7,1645.1,14.97
2020-07-07,11500,29.61111111111111,27.0,33.0,0.268,164.0,6.4,1008.3,229.4,71.7,1645.1,14.97
2020-07-08,11500,26.611111111111114,24.0,31.0,0.268,182.0,3.0,1008.5,229.4,71.7,1645.1,14.97
2020-07-09,11500,29.77777777777778,24.0,34.0,0.268,263.0,3.6,1006.3,229.4,71.7,1645.1,14.97
2020-07-10,11500,28.77777777777778,27.0,34.0,0.268,225.0,5.1,1007.2,229.4,71.7,1645.1,14.97
2020-07-13,11500,27.5,25.0,32.0,0.268,236.0,5.2,1007.0,229.4,71.7,1645.1,14.97
2020-07-14,11500,29.27777777777778,24.0,36.0,0.268,319.0,4.7,1006.6,229.4,71.7,1645.1,14.97
2020-07-15,11500,29.61111111111111,24.0,32.0,0.268,259.0,4.6,1006.4,229.4,71.7,1645.1,14.97
2020-07-17,11500,29.88888888888889,26.0,34.0,0.268,174.0,5.3,1007.1,229.4,71.7,1645.1,14.97
2020-07-20,11500,27.77777777777778,24.0,33.0,0.268,237.0,3.4,1007.1,229.4,71.7,1645.1,14.97
2020-07-21,11500,28.000000000000004,25.0,32.0,0.268,137.0,3.5,1007.8,229.4,71.7,1645.1,14.97
2020-07-22,11500,30.22222222222222,26.0,34.0,0.268,188.0,3.4,1007.4,229.4,71.7,1645.1,14.97
2020-07-23,11500,27.27777777777777,23.000000000000004,34.72222222222222,0.268,188.0,4.5,1007.8,229.4,71.7,1645.1,14.97
2020-07-24,11500,26.77777777777778,24.0,33.0,0.268,238.0,3.8,1008.0,229.4,71.7,1645.1,14.97
2020-07-27,11500,29.77777777777778,26.0,35.0,0.268,212.0,4.0,1006.5,229.4,71.7,1645.1,14.97
2020-07-28,11500,28.111111111111107,24.0,33.0,0.268,250.0,4.5,1007.0,229.4,71.7,1645.1,14.97
2020-08-10,11500,27.38888888888889,24.0,31.0,0.268,246.0,7.8,1007.8,229.4,71.7,1645.1,14.97
2020-08-11,11500,30.22222222222222,27.0,33.0,0.268,251.0,10.2,1007.4,229.4,71.7,1645.1,14.97
2020-08-12,11500,27.61111111111111,26.0,31.0,0.268,220.0,6.6,1008.4,229.4,71.7,1645.1,14.92
2020-08-13,11500,26.888888888888893,25.0,31.0,0.268,205.0,5.0,1008.8,229.4,71.7,1645.1,14.92
2020-08-14,11500,27.38888888888889,25.0,32.0,0.268,201.0,3.5,1008.4,229.4,71.7,1645.1,14.92
2020-08-17,11500,29.22222222222222,25.0,33.0,0.268,281.0,5.6,1006.7,229.4,71.7,1645.1,14.92
2020-08-18,11500,29.22222222222222,26.0,34.0,0.268,278.0,5.3,1006.1,229.4,71.7,1645.1,14.92
2020-08-19,11500,27.27777777777777,25.0,32.0,0.268,259.0,7.1,1006.6,229.4,71.7,1645.1,14.92
2020-08-21,11500,29.77777777777778,26.0,34.0,0.268,249.0,5.8,1007.7,229.4,71.7,1645.1,14.92
2020-08-24,11500,28.88888888888889,26.0,34.0,0.268,239.0,4.5,1008.8,229.4,71.7,1645.1,14.92
2020-08-25,11500,30.5,26.0,35.0,0.268,255.0,5.2,1007.8,229.4,71.7,1645.1,14.92
2020-08-26,11500,30.61111111111111,27.0,35.0,0.268,250.0,8.6,1007.0,229.4,71.7,1645.1,14.92
2020-08-27,11500,30.27777777777778,27.0,34.0,0.268,252.0,9.9,1005.8,229.4,71.7,1645.1,15.11
2020-08-31,11500,28.72222222222222,26.0,35.0,0.268,267.0,4.7,1006.3,229.4,71.7,1645.1,15.11
2020-09-01,11500,27.22222222222222,25.0,32.0,0.268,320.0,3.8,1006.9,229.4,71.7,1645.1,15.11
2020-09-03,11500,29.61111111111111,25.0,33.0,0.268,290.0,3.6,1007.4,229.4,71.7,1645.1,15.11
2020-09-04,11500,29.22222222222222,25.0,34.0,0.268,197.0,5.8,1007.5,229.4,71.7,1645.1,15.11
2020-09-07,11500,29.11111111111111,24.0,34.0,0.268,270.0,5.7,1007.3,229.4,71.7,1645.1,15.11
2020-09-08,11500,29.72222222222222,26.0,33.0,0.268,244.0,4.7,1008.3,229.4,71.7,1645.1,15.11
2020-09-10,11500,28.22222222222222,24.0,34.0,0.268,299.0,4.1,1006.5,229.4,71.7,1645.1,15.11
2020-09-11,11500,28.111111111111107,25.0,34.0,0.268,316.0,3.1,1007.3,229.4,71.7,1645.1,14.98
2020-09-14,11500,26.22222222222222,24.0,30.0,0.268,311.0,3.7,1008.5,229.4,71.7,1645.1,14.98
2020-09-15,11500,27.722222222222225,24.0,31.0,0.268,294.0,4.7,1008.2,229.4,71.7,1645.1,14.98
2020-09-23,11500,27.27777777777777,23.000000000000004,32.0,0.268,176.0,4.0,1008.6,229.4,71.7,1645.1,14.98
2020-09-24,11500,27.88888888888889,25.0,33.0,0.268,325.0,3.2,1009.6,229.4,71.7,1645.1,14.98
2020-09-25,11500,27.722222222222225,24.0,33.0,0.268,325.0,6.0,1008.3,229.4,71.7,1645.1,14.98
2020-09-28,11500,27.27777777777777,25.0,31.0,0.268,219.0,6.5,1007.0,229.4,71.7,1645.1,14.98
2020-09-29,11500,27.11111111111111,25.0,30.0,0.268,260.0,5.7,1008.1,229.4,71.7,1645.1,14.98
2020-10-06,11500,27.77777777777778,25.0,30.0,0.268,307.0,4.2,1006.6,229.4,71.7,1645.1,14.98
2020-10-07,11500,25.777777777777786,25.0,28.000000000000004,0.268,184.0,4.7,1004.8,229.4,71.7,1645.1,14.98
2020-10-08,11500,27.61111111111111,25.0,32.0,0.268,184.0,4.3,1005.0,229.4,71.7,1645.1,14.98
2020-10-09,11500,26.11111111111111,25.0,30.0,0.268,184.0,3.4,1006.2,229.4,71.7,1645.1,14.98
2020-10-12,11500,27.11111111111111,25.0,31.0,0.268,278.0,6.2,1003.5,229.4,71.7,1645.1,15.12
2020-10-13,11500,26.77777777777778,25.0,30.0,0.268,260.0,6.3,1004.2,229.4,71.7,1645.1,15.12
2020-10-14,11500,25.777777777777786,25.0,27.0,0.268,217.0,5.2,1005.2,229.4,71.7,1645.1,15.12
2020-10-15,11500,26.611111111111114,25.0,31.0,0.268,261.0,6.1,1005.3,229.4,71.7,1645.1,15.12
2020-10-19,11500,28.111111111111107,25.0,31.0,0.268,262.0,4.3,1007.7,229.4,71.7,1645.1,15.12
2020-10-20,11500,28.5,25.0,32.0,0.268,316.0,5.0,1007.5,229.4,71.7,1645.1,15.12
2020-10-21,11500,27.77777777777778,26.0,31.0,0.268,322.0,5.1,1006.9,229.4,71.7,1645.1,15.12
2020-10-22,11500,29.11111111111111,25.0,33.0,0.268,322.0,3.7,1006.8,229.4,71.7,1645.1,15.12
2020-10-23,11500,28.22222222222222,26.0,32.0,0.268,287.0,5.0,1008.0,229.4,71.7,1645.1,15.12
2020-10-26,11500,28.22222222222222,25.0,32.0,0.268,293.0,5.2,1008.2,229.4,71.7,1645.1,15.12
2020-10-27,11500,27.5,25.0,31.0,0.268,315.0,7.6,1006.3,229.4,71.7,1645.1,14.94
2020-10-28,11500,27.11111111111111,26.0,29.0,0.268,279.0,8.1,1005.3,229.4,71.7,1645.1,14.94
2020-10-29,11500,27.11111111111111,25.0,33.0,0.268,219.0,6.8,1008.2,229.4,71.7,1645.1,14.94
2020-11-02,11500,27.88888888888889,25.0,32.0,0.268,310.0,4.2,1009.6,229.4,71.7,1645.1,14.94
2020-11-03,11500,28.77777777777778,25.0,33.0,0.268,36.0,3.9,1010.1,229.4,71.7,1645.1,14.94
2020-11-04,11500,27.61111111111111,26.0,32.0,0.268,262.0,5.2,1010.0,229.4,71.7,1645.1,14.94
2020-11-05,11500,29.27777777777778,25.0,34.0,0.268,302.0,3.9,1009.5,229.4,71.7,1645.1,14.94
2020-11-06,11500,27.27777777777777,26.0,30.0,0.268,316.0,4.4,1009.9,229.4,71.7,1645.1,14.94
2020-11-09,11500,27.38888888888889,23.000000000000004,31.0,0.268,359.0,5.5,1008.3,229.4,71.7,1645.1,14.94
2020-11-10,11500,25.611111111111107,25.0,29.0,0.268,323.0,10.1,1007.3,229.4,71.7,1645.1,14.94
2020-11-11,11500,25.88888888888889,22.0,30.0,0.268,12.0,4.6,1009.5,229.4,71.7,1645.1,14.7
2020-11-12,11500,27.27777777777777,23.000000000000004,33.0,0.268,12.0,3.9,1010.3,229.4,71.7,1645.1,14.7
2020-11-13,11500,27.27777777777777,24.0,31.0,0.268,317.0,3.8,1008.6,229.4,71.7,1645.1,14.7
2020-11-16,11500,28.277777777777786,24.0,35.0,0.268,14.0,3.6,1009.7,229.4,71.7,1645.1,14.7
2020-11-17,11500,29.38888888888889,25.0,34.0,0.268,76.0,3.6,1008.3,229.4,71.7,1645.1,14.7
2020-11-18,11500,28.72222222222222,25.0,33.0,0.268,35.0,3.6,1007.9,229.4,71.7,1645.1,14.7
2020-11-19,11500,28.5,26.0,33.0,0.268,110.0,4.7,1007.9,229.4,71.7,1645.1,14.7
2020-11-20,11500,28.61111111111111,26.0,33.0,0.268,92.0,5.5,1008.4,229.4,71.7,1645.1,14.7
2020-11-23,11500,27.61111111111111,25.0,33.0,0.268,343.0,3.5,1009.6,229.4,71.7,1645.1,14.7
2020-11-24,11500,28.22222222222222,24.0,33.0,0.268,39.0,3.5,1009.5,229.4,71.7,1645.1,14.7
2020-11-25,11500,28.5,25.0,33.0,0.268,37.0,3.6,1009.1,229.4,71.7,1645.1,14.7
2020-11-26,11500,28.38888888888889,26.0,32.0,0.268,56.0,3.7,1010.1,229.4,71.7,1645.1,15.35
2020-11-27,11500,28.111111111111107,25.0,33.0,0.268,28.0,4.2,1010.1,229.4,71.7,1645.1,15.35
2020-11-30,11500,27.27777777777777,24.0,31.0,0.268,33.0,4.1,1009.2,229.4,71.7,1645.1,15.35
2020-12-01,11500,27.722222222222225,25.0,31.0,0.268,54.0,5.2,1010.0,229.4,71.7,1645.1,15.35
2020-12-02,11500,27.88888888888889,24.0,33.0,0.268,57.0,4.2,1009.6,229.4,71.7,1645.1,15.35
2020-12-03,11500,27.38888888888889,22.0,33.0,0.268,23.0,4.7,1009.5,229.4,71.7,1645.1,15.35
2020-12-04,11500,26.77777777777778,22.0,32.0,0.268,25.0,6.0,1009.5,229.4,71.7,1645.1,15.35
2020-12-07,11500,27.22222222222222,24.0,31.0,0.268,14.0,5.0,1010.5,229.4,71.7,1645.1,15.35
2020-12-08,11500,27.77777777777778,23.000000000000004,32.0,0.268,33.0,5.9,1010.3,229.4,71.7,1645.1,15.35
2020-12-09,11500,27.61111111111111,25.0,31.0,0.268,5.0,6.0,1009.0,229.4,71.7,1645.1,15.35
2020-12-10,11500,26.77777777777778,25.0,31.0,0.268,349.0,4.0,1008.8,229.4,71.7,1645.1,15.35
2020-12-11,11500,27.722222222222225,24.0,31.0,0.268,325.0,3.0,1009.2,229.4,71.7,1645.1,16.0
2020-12-14,11500,28.22222222222222,25.0,34.0,0.268,70.0,4.1,1008.7,229.4,71.7,1645.1,16.0
2020-12-15,11000,27.88888888888889,25.0,33.0,0.268,42.0,2.7,1010.0,229.4,71.7,1645.1,16.0
2020-12-16,11000,28.277777777777786,24.0,33.0,0.268,42.0,3.3,1010.1,229.4,71.7,1645.1,16.0
2020-12-17,11000,28.38888888888889,25.0,33.0,0.268,15.0,3.6,1009.3,229.4,71.7,1645.1,16.0
2020-12-18,11000,28.22222222222222,24.0,32.0,0.268,31.0,5.1,1009.1,229.4,71.7,1645.1,16.0
2020-12-21,11000,26.611111111111114,22.0,31.0,0.268,9.0,10.8,1008.9,229.4,71.7,1645.1,16.0
2020-12-22,11000,25.11111111111111,23.000000000000004,28.000000000000004,0.268,342.0,8.2,1008.1,229.4,71.7,1645.1,16.0
2020-12-23,11000,25.777777777777786,23.000000000000004,31.0,0.268,329.0,6.6,1007.3,229.4,71.7,1645.1,16.0
2020-12-28,11500,27.77777777777778,24.0,33.0,0.268,297.0,3.9,1008.3,229.4,71.7,1645.1,16.47
2020-12-31,11500,26.0,24.0,29.0,0.268,25.0,8.1,1010.1,229.4,71.7,1645.1,16.47
2021-01-04,11500,27.77777777777778,24.0,33.0,0.268,39.0,4.8,1009.5,230.4,76.9,1771.8,16.47
2021-01-06,11500,28.111111111111107,24.0,32.0,0.268,71.0,4.5,1008.9,230.4,76.9,1771.8,16.47
2021-01-08,11500,27.61111111111111,24.0,33.0,0.268,355.0,3.7,1008.1,230.4,76.9,1771.8,16.47
2021-01-11,11500,26.27777777777778,22.0,32.0,0.268,347.0,4.4,1010.5,230.4,76.9,1771.8,16.93
2021-01-12,11500,24.388888888888893,21.0,31.0,0.268,11.0,6.5,1011.3,230.4,76.9,1771.8,16.93
2021-01-13,11500,23.72222222222222,19.0,28.000000000000004,0.268,323.0,4.5,1011.6,230.4,76.9,1771.8,16.93
2021-01-14,11500,24.88888888888889,18.000000000000004,30.0,0.268,230.0,3.8,1011.1,230.4,76.9,1771.8,16.93
2021-01-15,11500,25.611111111111107,21.0,31.0,0.268,97.0,4.5,1009.6,230.4,76.9,1771.8,16.93
2021-01-18,11500,25.611111111111107,21.0,31.0,0.268,29.0,6.3,1011.5,230.4,76.9,1771.8,16.93
2021-01-19,11500,24.388888888888893,20.0,28.000000000000004,0.268,317.0,4.2,1011.3,230.4,76.9,1771.8,16.93
2021-01-20,11500,26.77777777777778,22.0,31.0,0.268,280.0,3.8,1010.5,230.4,76.9,1771.8,16.93
2021-01-21,11500,27.22222222222222,24.0,32.0,0.268,236.0,5.2,1009.8,230.4,76.9,1771.8,16.93
2021-01-22,11500,26.38888888888889,24.0,30.0,0.268,211.0,5.5,1009.6,230.4,76.9,1771.8,16.93
2021-01-25,11500,27.22222222222222,24.0,32.0,0.268,92.0,4.3,1010.0,230.4,76.9,1771.8,16.93
2021-01-26,11500,27.77777777777778,25.0,33.0,0.268,90.0,4.3,1009.2,230.4,76.9,1771.8,17.27
2021-01-27,11500,27.38888888888889,24.0,33.0,0.268,92.0,4.8,1009.4,230.4,76.9,1771.8,17.27
2021-01-28,11500,26.888888888888893,24.0,33.0,0.268,64.0,4.8,1010.6,230.4,76.9,1771.8,17.27
2021-02-03,11500,26.611111111111114,23.000000000000004,31.0,0.268,170.0,4.2,1011.7,230.4,76.9,1771.8,17.27
2021-02-18,11500,26.38888888888889,21.0,31.0,0.268,356.0,3.4,1013.3,230.4,76.9,1771.8,17.27
2021-02-19,11500,28.77777777777778,21.0,33.0,0.268,35.0,5.2,1013.1,230.4,76.9,1771.8,17.27
2021-02-22,11500,25.72222222222222,23.000000000000004,31.0,0.268,158.0,6.7,1011.3,230.4,76.9,1771.8,17.27
2021-02-23,11500,26.722222222222214,22.0,32.0,0.268,107.0,5.6,1010.2,230.4,76.9,1771.8,17.27
2021-02-24,11500,26.77777777777778,24.0,32.0,0.268,170.0,6.4,1009.2,230.4,76.9,1771.8,17.27
2021-02-25,11500,27.27777777777777,23.000000000000004,32.0,0.268,174.0,5.6,1007.8,230.4,76.9,1771.8,18.08
2021-02-26,11500,28.000000000000004,25.0,33.0,0.268,166.0,6.6,1006.6,230.4,76.9,1771.8,18.08
2021-03-01,11500,29.11111111111111,25.0,34.0,0.268,140.0,8.9,1011.5,230.4,76.9,1771.8,18.08
2021-03-02,11500,28.72222222222222,25.0,34.0,0.268,138.0,8.2,1011.3,230.4,76.9,1771.8,18.08
2021-03-05,12000,28.61111111111111,24.0,36.0,0.268,131.0,10.5,1011.4,230.4,76.9,1771.8,18.08
2021-03-08,12000,29.22222222222222,25.0,35.0,0.268,115.0,6.3,1011.6,230.4,76.9,1771.8,18.08
2021-03-09,12000,29.11111111111111,25.0,35.0,0.268,108.0,7.1,1011.4,230.4,76.9,1771.8,18.08
2021-03-10,12000,29.27777777777778,25.0,35.0,0.268,99.0,5.8,1011.0,230.4,76.9,1771.8,18.08
2021-03-11,12000,29.72222222222222,25.0,35.0,0.268,101.0,7.6,1010.9,230.4,76.9,1771.8,18.08
2021-03-12,12000,30.11111111111111,26.0,35.0,0.268,120.0,6.4,1011.3,230.4,76.9,1771.8,18.88
2021-03-15,11500,28.277777777777786,25.0,34.0,0.268,148.0,6.3,1009.3,230.4,76.9,1771.8,18.88
2021-03-16,11500,27.88888888888889,25.0,32.0,0.268,149.0,8.0,1009.1,230.4,76.9,1771.8,18.88
2021-03-17,11500,28.111111111111107,25.0,33.0,0.268,147.0,7.5,1009.1,230.4,76.9,1771.8,18.88
2021-03-18,11500,28.72222222222222,26.0,32.0,0.268,150.0,7.8,1008.9,230.4,76.9,1771.8,18.88
2021-03-19,11500,29.61111111111111,26.0,34.0,0.268,154.0,7.5,1007.9,230.4,76.9,1771.8,18.88
2021-03-22,11500,30.38888888888889,26.0,36.0,0.268,75.0,5.7,1009.4,230.4,76.9,1771.8,18.88
2021-03-23,11500,30.27777777777778,26.0,35.0,0.268,58.0,6.0,1009.3,230.4,76.9,1771.8,18.88
2021-03-24,11500,30.72222222222222,27.0,35.0,0.268,108.0,7.5,1008.6,230.4,76.9,1771.8,18.88
2021-03-25,11500,30.27777777777778,27.0,36.0,0.268,112.0,7.0,1008.6,230.4,76.9,1771.8,18.88
2021-03-26,11500,29.88888888888889,26.0,36.72222222222222,0.268,119.0,9.4,1008.3,230.4,76.9,1771.8,18.88
2021-03-29,11500,29.72222222222222,27.0,35.0,0.268,158.0,6.3,1007.7,230.4,76.9,1771.8,19.04
2021-03-30,11500,29.77777777777778,27.0,36.0,0.268,192.0,6.8,1006.5,230.4,76.9,1771.8,19.04
2021-03-31,11500,30.22222222222222,27.0,35.0,0.268,196.0,6.8,1005.5,230.4,76.9,1771.8,19.04
2021-04-02,11500,30.38888888888889,28.000000000000004,37.0,0.268,207.0,6.5,1006.4,230.4,76.9,1771.8,19.04
2021-04-05,11500,29.72222222222222,26.0,34.0,0.268,120.0,6.4,1009.5,230.4,76.9,1771.8,19.04
2021-04-06,11500,30.38888888888889,26.0,35.0,0.268,120.0,8.2,1010.0,230.4,76.9,1771.8,19.04
2021-04-07,11500,30.38888888888889,26.0,36.0,0.268,115.0,6.5,1010.0,230.4,76.9,1771.8,19.04
2021-04-08,11500,28.72222222222222,27.0,33.0,0.268,121.0,6.5,1009.4,230.4,76.9,1771.8,19.04
2021-04-09,11500,28.61111111111111,26.0,31.0,0.268,156.0,6.3,1009.5,230.4,76.9,1771.8,19.04
2021-04-12,11500,29.38888888888889,26.0,35.0,0.268,124.0,7.1,1011.6,230.4,76.9,1771.8,18.97
2021-04-13,11500,29.88888888888889,27.0,34.0,0.268,144.0,7.9,1010.9,230.4,76.9,1771.8,18.97
2021-04-14,11500,29.22222222222222,28.000000000000004,35.0,0.268,169.0,6.2,1010.3,230.4,76.9,1771.8,18.97
2021-04-15,11500,29.38888888888889,24.0,35.0,0.268,200.0,4.8,1009.4,230.4,76.9,1771.8,18.97
2021-04-16,11500,27.88888888888889,22.0,34.0,0.268,189.0,7.0,1009.5,230.4,76.9,1771.8,18.97
2021-04-19,11500,28.38888888888889,26.0,33.0,0.268,203.0,4.8,1009.5,230.4,76.9,1771.8,18.97
2021-04-20,11500,30.11111111111111,26.0,34.0,0.268,228.0,4.7,1009.0,230.4,76.9,1771.8,18.97
2021-04-22,11500,27.722222222222225,24.0,32.0,0.268,239.0,5.0,1009.0,230.4,76.9,1771.8,18.97
2021-04-23,12000,28.22222222222222,25.0,33.0,0.268,258.0,5.2,1008.1,230.4,76.9,1771.8,18.97
2021-04-26,12000,30.61111111111111,27.0,35.0,0.268,199.0,6.3,1008.6,230.4,76.9,1771.8,18.97
2021-04-27,12000,29.72222222222222,27.0,34.0,0.268,168.0,5.8,1010.0,230.4,76.9,1771.8,19.16
2021-04-29,11500,30.22222222222222,28.000000000000004,35.0,0.268,121.0,7.2,1010.2,230.4,76.9,1771.8,19.16
2021-05-04,12000,31.38888888888889,27.0,36.0,0.268,106.0,6.5,1007.3,230.4,76.9,1771.8,19.16
2021-05-05,12000,31.72222222222222,28.000000000000004,37.0,0.268,110.0,9.3,1007.5,230.4,76.9,1771.8,19.16
2021-05-07,12000,30.22222222222222,25.0,34.0,0.268,32.0,5.9,1010.0,230.4,76.9,1771.8,19.16
2021-05-10,12000,30.88888888888889,28.000000000000004,34.0,0.268,147.0,7.1,1007.7,230.4,76.9,1771.8,19.16
2021-05-11,12000,31.11111111111111,28.000000000000004,35.0,0.268,154.0,6.6,1007.3,230.4,76.9,1771.8,19.16
2021-05-12,12000,30.88888888888889,28.000000000000004,35.0,0.268,146.0,4.9,1006.8,230.4,76.9,1771.8,19.53
2021-05-13,12000,31.27777777777778,29.0,36.0,0.268,129.0,5.6,1006.1,230.4,76.9,1771.8,19.53
2021-05-14,12000,30.61111111111111,29.0,34.0,0.268,143.0,6.7,1006.3,230.4,76.9,1771.8,19.53
2021-05-17,12000,28.77777777777778,26.0,34.0,0.268,152.0,5.2,1007.6,230.4,76.9,1771.8,19.53
2021-05-18,12000,29.61111111111111,26.0,34.0,0.268,181.0,4.8,1008.3,230.4,76.9,1771.8,19.53
2021-05-20,12000,31.27777777777778,26.0,35.0,0.268,198.0,4.2,1007.6,230.4,76.9,1771.8,19.53
2021-05-21,12000,28.000000000000004,25.0,34.0,0.268,218.0,4.8,1007.7,230.4,76.9,1771.8,19.53
2021-05-24,12000,27.11111111111111,25.0,30.0,0.268,293.0,5.4,1007.3,230.4,76.9,1771.8,19.53
2021-05-25,12000,24.77777777777777,23.000000000000004,28.000000000000004,0.268,260.0,3.5,1008.1,230.4,76.9,1771.8,19.53
2021-05-26,12000,27.38888888888889,24.0,30.0,0.268,241.0,5.2,1007.8,230.4,76.9,1771.8,19.53
2021-05-27,12000,27.38888888888889,25.0,31.0,0.268,203.0,3.7,1008.3,230.4,76.9,1771.8,19.53
2021-05-28,12000,29.38888888888889,26.0,33.0,0.268,195.0,3.9,1009.5,230.4,76.9,1771.8,19.53
2021-05-31,12000,30.88888888888889,27.0,34.0,0.268,264.0,7.8,1006.4,230.4,76.9,1771.8,19.53
2021-06-01,12000,29.77777777777778,28.000000000000004,34.0,0.268,240.0,6.2,1006.7,230.4,76.9,1771.8,19.53
2021-06-02,12000,28.38888888888889,24.0,34.0,0.268,227.0,5.7,1007.3,230.4,76.9,1771.8,19.53
2021-06-03,12000,30.38888888888889,26.0,35.0,0.268,254.0,5.2,1008.0,230.4,76.9,1771.8,19.53
2021-06-04,12000,31.0,27.0,35.0,0.268,245.0,6.8,1007.7,230.4,76.9,1771.8,19.53
2021-06-07,12000,28.111111111111107,24.0,33.0,0.268,235.0,10.5,1008.3,230.4,76.9,1771.8,19.53
2021-06-08,12000,26.11111111111111,24.0,29.0,0.268,235.0,5.7,1009.3,230.4,76.9,1771.8,19.53
2021-06-09,12000,28.277777777777786,25.0,32.0,0.268,237.0,6.2,1008.1,230.4,76.9,1771.8,19.53
2021-06-10,12500,28.000000000000004,26.0,32.0,0.268,261.0,8.5,1006.9,230.4,76.9,1771.8,19.53
2021-06-11,13250,28.111111111111107,25.0,32.0,0.268,272.0,8.2,1005.9,230.4,76.9,1771.8,20.16
2021-06-14,12500,28.77777777777778,27.0,34.0,0.268,249.0,8.9,1008.3,230.4,76.9,1771.8,20.16
2021-06-15,12500,27.38888888888889,25.0,32.0,0.268,250.0,5.8,1007.8,230.4,76.9,1771.8,20.16
2021-06-16,12500,29.27777777777778,26.0,33.0,0.268,262.0,5.9,1009.1,230.4,76.9,1771.8,20.16
2021-06-17,12500,29.27777777777778,25.0,35.0,0.268,276.0,4.5,1009.6,230.4,76.9,1771.8,20.16
2021-06-18,12500,30.22222222222222,26.0,34.0,0.268,269.0,5.5,1009.8,230.4,76.9,1771.8,20.16
2021-06-21,12500,28.88888888888889,25.0,32.0,0.268,241.0,9.0,1007.6,230.4,76.9,1771.8,20.16
2021-06-22,12500,28.000000000000004,25.0,32.0,0.268,233.0,9.1,1008.7,230.4,76.9,1771.8,20.16
2021-06-23,12500,28.111111111111107,25.0,32.0,0.268,243.0,7.3,1009.3,230.4,76.9,1771.8,20.16
2021-06-24,12000,29.72222222222222,26.0,33.0,0.268,254.0,6.0,1008.0,230.4,76.9,1771.8,20.16
2021-06-25,12000,29.22222222222222,26.0,34.0,0.268,226.0,7.1,1007.5,230.4,76.9,1771.8,20.16
2021-06-28,12000,30.38888888888889,27.0,35.0,0.268,241.0,8.6,1008.8,230.4,76.9,1771.8,20.91
2021-06-29,12000,30.38888888888889,27.0,35.0,0.268,226.0,6.2,1007.9,230.4,76.9,1771.8,20.91
2021-07-01,12000,30.27777777777778,27.0,35.0,0.268,225.0,7.5,1008.5,230.4,76.9,1771.8,20.91
2021-07-02,12000,30.88888888888889,28.000000000000004,35.0,0.268,238.0,7.6,1008.5,230.4,76.9,1771.8,20.91
2021-07-05,12000,27.11111111111111,25.0,31.0,0.268,228.0,4.7,1006.0,230.4,76.9,1771.8,20.91
2021-07-06,12000,27.61111111111111,25.0,31.0,0.268,241.0,7.1,1005.8,230.4,76.9,1771.8,20.91
2021-07-07,12000,27.722222222222225,25.0,34.0,0.268,233.0,7.6,1007.1,230.4,76.9,1771.8,20.91
2021-07-08,12000,27.27777777777777,25.0,31.0,0.268,239.0,7.0,1007.6,230.4,76.9,1771.8,20.91
2021-07-09,12000,28.111111111111107,25.0,31.0,0.268,212.0,7.7,1007.2,230.4,76.9,1771.8,20.91
2021-07-12,12000,29.27777777777778,26.0,35.0,0.268,140.0,5.4,1008.5,230.4,76.9,1771.8,21.78
2021-07-13,12000,29.11111111111111,25.0,34.0,0.268,139.0,4.2,1007.5,230.4,76.9,1771.8,21.78
2021-07-14,12000,28.000000000000004,25.0,33.0,0.268,203.0,4.6,1006.9,230.4,76.9,1771.8,21.78
2021-07-15,12000,26.77777777777778,25.0,32.0,0.268,261.0,5.1,1008.3,230.4,76.9,1771.8,21.78
2021-07-16,12000,29.22222222222222,24.0,34.0,0.268,291.0,6.0,1009.3,230.4,76.9,1771.8,21.78
2021-07-19,12000,26.38888888888889,22.0,33.0,0.268,266.0,7.1,1007.6,230.4,76.9,1771.8,21.78
2021-07-22,12000,27.22222222222222,23.000000000000004,32.0,0.268,240.0,9.4,1007.7,230.4,76.9,1771.8,21.78
2021-07-23,12000,27.22222222222222,23.000000000000004,30.0,0.268,245.0,8.9,1006.9,230.4,76.9,1771.8,21.78
2021-07-26,12500,29.0,26.0,33.0,0.268,248.0,11.7,1006.8,230.4,76.9,1771.8,21.78
2021-07-27,12500,27.27777777777777,25.0,33.0,0.268,250.0,11.4,1006.0,230.4,76.9,1771.8,21.68
2021-07-28,12500,27.61111111111111,25.0,31.0,0.268,257.0,11.3,1005.8,230.4,76.9,1771.8,21.68
2021-07-29,12500,26.38888888888889,25.0,32.0,0.268,242.0,9.2,1006.9,230.4,76.9,1771.8,21.68
2021-07-30,12500,28.72222222222222,25.0,32.0,0.268,250.0,10.1,1007.7,230.4,76.9,1771.8,21.68
2021-08-02,12500,28.77777777777778,26.0,32.0,0.268,249.0,12.6,1007.0,230.4,76.9,1771.8,21.68
2021-08-03,12500,29.38888888888889,27.0,32.0,0.268,250.0,14.2,1007.6,230.4,76.9,1771.8,21.68
2021-08-04,12800,28.77777777777778,27.0,33.0,0.268,253.0,12.4,1008.2,230.4,76.9,1771.8,21.68
2021-08-05,12800,28.88888888888889,27.0,33.0,0.268,242.0,14.0,1008.0,230.4,76.9,1771.8,21.68
2021-08-06,12000,29.38888888888889,27.0,33.0,0.268,248.0,12.4,1008.5,230.4,76.9,1771.8,21.68
2021-08-09,12000,30.27777777777778,27.0,34.0,0.268,254.0,8.7,1007.2,230.4,76.9,1771.8,21.68
2021-08-10,11500,28.72222222222222,26.0,35.0,0.268,219.0,7.6,1007.0,230.4,76.9,1771.8,21.68
2021-08-11,11500,27.722222222222225,26.0,32.0,0.268,210.0,5.8,1009.2,230.4,76.9,1771.8,21.68
2021-08-12,11500,28.22222222222222,25.0,31.0,0.268,214.0,4.8,1010.8,230.4,76.9,1771.8,21.68
2021-08-13,11500,28.22222222222222,26.0,34.0,0.268,253.0,5.5,1009.2,230.4,76.9,1771.8,21.68
2021-08-16,11500,28.61111111111111,25.0,35.0,0.268,312.0,4.0,1011.5,230.4,76.9,1771.8,21.68
2021-08-17,11500,27.5,23.000000000000004,34.0,0.268,301.0,3.7,1010.7,230.4,76.9,1771.8,21.68
2021-08-18,11500,27.88888888888889,23.000000000000004,34.0,0.268,244.0,3.5,1008.4,230.4,76.9,1771.8,21.68
2021-08-19,11500,28.61111111111111,24.0,35.0,0.268,284.0,3.8,1008.3,230.4,76.9,1771.8,21.68
2021-08-20,11500,27.61111111111111,24.0,33.0,0.268,164.0,3.2,1009.1,230.4,76.9,1771.8,21.68
2021-08-23,11500,27.61111111111111,25.0,32.0,0.268,162.0,5.7,1007.9,230.4,76.9,1771.8,21.68
2021-08-24,11500,27.0,24.0,31.0,0.268,205.0,5.3,1007.2,230.4,76.9,1771.8,21.68
2021-08-25,11500,27.38888888888889,25.0,31.0,0.268,225.0,6.4,1007.5,230.4,76.9,1771.8,21.68
2021-08-26,11500,26.722222222222214,25.0,31.0,0.268,182.0,5.7,1008.0,230.4,76.9,1771.8,21.13
2021-08-27,11500,28.88888888888889,25.0,33.0,0.268,268.0,4.0,1007.5,230.4,76.9,1771.8,21.13
2021-08-30,11500,27.27777777777777,23.000000000000004,33.0,0.268,248.0,3.5,1008.1,230.4,76.9,1771.8,21.13
2021-08-31,11500,27.722222222222225,25.0,34.0,0.268,181.0,2.6,1008.8,230.4,76.9,1771.8,21.13
2021-09-01,11500,28.38888888888889,25.0,33.0,0.268,191.0,4.1,1008.5,230.4,76.9,1771.8,21.13
2021-09-06,11500,27.88888888888889,24.0,32.0,0.268,274.0,4.3,1008.9,230.4,76.9,1771.8,21.13
2021-09-07,11500,28.22222222222222,25.0,33.0,0.268,272.0,4.0,1007.9,230.4,76.9,1771.8,21.13
2021-09-08,11500,27.77777777777778,26.0,32.0,0.268,223.0,8.7,1006.5,230.4,76.9,1771.8,21.13
2021-09-09,11500,26.888888888888893,25.0,32.0,0.268,220.0,9.3,1007.8,230.4,76.9,1771.8,21.13
2021-09-10,11500,27.38888888888889,25.0,30.0,0.268,240.0,8.0,1008.3,230.4,76.9,1771.8,21.39
2021-09-13,11500,26.888888888888893,25.0,32.0,0.268,257.0,7.2,1005.8,230.4,76.9,1771.8,21.39
2021-09-14,11500,26.611111111111114,24.0,30.0,0.268,235.0,4.1,1008.0,230.4,76.9,1771.8,21.39
2021-09-15,11500,27.88888888888889,25.0,31.0,0.268,208.0,5.1,1009.9,230.4,76.9,1771.8,21.39
2021-09-16,11500,27.722222222222225,25.0,32.0,0.268,287.0,2.5,1009.5,230.4,76.9,1771.8,21.39
2021-09-17,11500,27.61111111111111,25.0,33.0,0.268,172.0,2.4,1009.1,230.4,76.9,1771.8,21.39
2021-09-20,11500,27.38888888888889,24.0,32.0,0.268,248.0,6.4,1008.4,230.4,76.9,1771.8,21.39
2021-09-21,11500,27.11111111111111,25.0,32.0,0.268,199.0,4.3,1008.3,230.4,76.9,1771.8,21.39
2021-09-22,11500,27.38888888888889,25.0,32.0,0.268,234.0,6.0,1008.2,230.4,76.9,1771.8,21.39
2021-09-23,11500,28.111111111111107,25.0,32.0,0.268,298.0,4.8,1008.5,230.4,76.9,1771.8,21.39
2021-09-24,11500,27.0,24.0,33.0,0.268,227.0,5.9,1008.4,230.4,76.9,1771.8,21.39
2021-09-27,11500,29.5,24.0,33.0,0.268,122.0,4.5,1007.9,230.4,76.9,1771.8,21.94
2021-09-28,11500,28.77777777777778,26.0,34.0,0.268,79.0,3.6,1008.1,230.4,76.9,1771.8,21.94
2021-09-29,11500,28.61111111111111,26.0,33.0,0.268,259.0,3.5,1007.7,230.4,76.9,1771.8,21.94
2021-09-30,11500,27.722222222222225,25.0,32.0,0.268,229.0,3.5,1008.7,230.4,76.9,1771.8,21.94
2021-10-01,11500,27.27777777777777,25.0,32.0,0.268,305.0,3.5,1009.3,230.4,76.9,1771.8,21.94
2021-10-04,11500,27.77777777777778,25.0,32.0,0.268,331.0,2.7,1006.9,230.4,76.9,1771.8,21.94
2021-10-05,11500,27.38888888888889,24.0,32.0,0.268,232.0,3.9,1005.8,230.4,76.9,1771.8,21.94
2021-10-06,11500,26.77777777777778,25.0,29.0,0.268,262.0,3.5,1004.7,230.4,76.9,1771.8,21.94
2021-10-07,12000,26.77777777777778,24.0,30.0,0.268,274.0,5.2,1003.9,230.4,76.9,1771.8,21.94
2021-10-08,12000,28.22222222222222,25.0,31.0,0.268,258.0,9.1,1004.6,230.4,76.9,1771.8,21.94
2021-10-11,11500,26.38888888888889,24.0,30.0,0.268,253.0,8.5,1005.4,230.4,76.9,1771.8,22.87
2021-10-12,11500,27.722222222222225,25.0,31.0,0.268,257.0,10.5,1005.2,230.4,76.9,1771.8,22.87
2021-10-13,11500,28.61111111111111,26.0,32.0,0.268,260.0,10.6,1004.0,230.4,76.9,1771.8,22.87
2021-10-14,11500,28.77777777777778,27.0,32.0,0.268,230.0,8.5,1005.3,230.4,76.9,1771.8,22.87
2021-10-15,11500,27.77777777777778,25.0,34.0,0.268,268.0,5.3,1006.4,230.4,76.9,1771.8,22.87
2021-10-18,11500,28.77777777777778,26.0,32.0,0.268,142.0,4.3,1010.0,230.4,76.9,1771.8,22.87
2021-10-19,11500,29.11111111111111,26.0,33.0,0.268,150.0,5.0,1012.3,230.4,76.9,1771.8,22.87
2021-10-20,11500,26.77777777777778,25.0,32.0,0.268,314.0,2.9,1012.3,230.4,76.9,1771.8,22.87
2021-10-21,11500,27.77777777777778,25.0,32.0,0.268,89.0,4.0,1011.8,230.4,76.9,1771.8,22.87
2021-10-26,11500,28.111111111111107,25.0,32.0,0.268,17.0,5.5,1008.3,230.4,76.9,1771.8,24.33
2021-10-27,11500,26.11111111111111,24.0,29.0,0.268,323.0,5.4,1008.7,230.4,76.9,1771.8,24.33
2021-10-28,11500,29.11111111111111,24.0,33.0,0.268,120.0,5.8,1010.3,230.4,76.9,1771.8,24.33
2021-10-29,11500,28.77777777777778,26.0,35.0,0.268,112.0,5.4,1011.5,230.4,76.9,1771.8,24.33
2021-11-02,11500,29.27777777777778,25.0,34.0,0.268,85.0,3.9,1010.8,230.4,76.9,1771.8,24.33
2021-11-03,11500,29.5,25.0,34.0,0.268,81.0,3.2,1009.8,230.4,76.9,1771.8,24.33
2021-11-05,12000,28.77777777777778,25.0,33.0,0.268,90.0,5.2,1008.6,230.4,76.9,1771.8,24.33
2021-11-09,13000,28.111111111111107,25.0,32.0,0.268,22.0,2.7,1009.0,230.4,76.9,1771.8,24.33
2021-11-10,12000,28.61111111111111,25.0,33.0,0.268,27.0,5.7,1009.0,230.4,76.9,1771.8,24.99
2021-11-11,12000,26.611111111111114,25.0,31.0,0.268,20.0,3.6,1009.3,230.4,76.9,1771.8,24.99
2021-11-12,12000,28.111111111111107,24.0,34.0,0.268,22.0,3.9,1009.3,230.4,76.9,1771.8,24.99
2021-11-15,12000,27.88888888888889,24.0,32.0,0.268,69.0,4.5,1008.5,230.4,76.9,1771.8,24.99
2021-11-16,12000,27.722222222222225,25.0,32.0,0.268,56.0,4.2,1008.8,230.4,76.9,1771.8,24.99
2021-11-17,12000,27.88888888888889,25.0,34.0,0.268,17.0,2.7,1009.0,230.4,76.9,1771.8,24.99
2021-11-18,12000,27.77777777777778,25.0,32.0,0.268,32.0,3.1,1008.3,230.4,76.9,1771.8,24.99
2021-11-19,12000,28.61111111111111,25.0,33.0,0.268,322.0,3.9,1007.2,230.4,76.9,1771.8,24.99
2021-11-23,12000,27.38888888888889,24.0,33.0,0.268,1.0,2.0,1009.0,230.4,76.9,1771.8,24.99
2021-11-24,12000,28.88888888888889,24.0,34.0,0.268,33.0,2.6,1009.6,230.4,76.9,1771.8,24.99
2021-11-25,12000,27.77777777777778,25.0,32.0,0.268,23.0,4.4,1009.9,230.4,76.9,1771.8,23.9
2021-11-26,12000,27.88888888888889,24.0,32.0,0.268,20.0,5.2,1009.3,230.4,76.9,1771.8,23.9
2021-11-29,12000,26.888888888888893,25.0,30.0,0.268,47.0,3.7,1007.8,230.4,76.9,1771.8,23.9
2021-11-30,12000,25.72222222222222,25.0,29.0,0.268,77.0,5.4,1009.2,230.4,76.9,1771.8,23.9
2021-12-01,12000,26.611111111111114,24.0,31.0,0.268,24.0,4.8,1010.3,230.4,76.9,1771.8,23.9
2021-12-02,12000,26.27777777777778,22.0,31.0,0.268,3.0,3.9,1011.5,230.4,76.9,1771.8,23.9
2021-12-06,12000,26.722222222222214,21.0,31.0,0.268,2.0,4.5,1011.3,230.4,76.9,1771.8,23.9
2021-12-07,12000,26.22222222222222,22.0,31.0,0.268,354.0,3.9,1012.0,230.4,76.9,1771.8,23.9
2021-12-08,12000,28.111111111111107,21.0,32.0,0.268,13.0,2.9,1012.0,230.4,76.9,1771.8,23.9
2021-12-09,12000,26.77777777777778,25.0,31.0,0.268,12.0,3.1,1012.3,230.4,76.9,1771.8,23.9
2021-12-10,12000,27.11111111111111,22.0,33.0,0.268,30.0,4.3,1012.0,230.4,76.9,1771.8,22.8
2021-12-14,12000,27.722222222222225,23.000000000000004,32.0,0.268,43.0,4.7,1009.4,230.4,76.9,1771.8,22.8
2021-12-15,12000,28.88888888888889,24.0,34.0,0.268,34.0,4.3,1009.0,230.4,76.9,1771.8,22.8
2021-12-16,11500,28.77777777777778,26.0,32.0,0.268,40.0,2.9,1009.5,230.4,76.9,1771.8,22.8
2021-12-17,11500,27.722222222222225,25.0,32.0,0.268,46.0,3.2,1009.7,230.4,76.9,1771.8,22.8
2021-12-20,11500,26.722222222222214,23.000000000000004,31.0,0.268,331.0,4.8,1011.9,230.4,76.9,1771.8,22.8
2021-12-21,11500,27.77777777777778,23.000000000000004,33.0,0.268,126.0,4.8,1011.9,230.4,76.9,1771.8,22.8
2021-12-22,11500,26.611111111111114,25.0,31.0,0.268,95.0,3.9,1011.4,230.4,76.9,1771.8,22.8
2021-12-23,11500,27.22222222222222,25.0,32.0,0.268,30.0,3.9,1011.0,230.4,76.9,1771.8,22.8
2021-12-24,12000,26.11111111111111,23.000000000000004,32.0,0.268,5.0,3.7,1011.2,230.4,76.9,1771.8,22.8
2021-12-27,11500,27.27777777777777,24.0,33.0,0.268,345.0,3.2,1012.8,230.4,76.9,1771.8,23.29
2021-12-28,11500,26.77777777777778,23.000000000000004,31.0,0.268,32.0,3.2,1012.2,230.4,76.9,1771.8,23.29
2021-12-29,11500,27.61111111111111,24.0,32.0,0.268,16.0,4.3,1012.3,230.4,76.9,1771.8,23.29
2021-12-30,11500,27.88888888888889,24.0,33.0,0.268,48.0,7.2,1013.4,230.4,76.9,1771.8,23.29
2021-12-31,11500,27.38888888888889,23.000000000000004,33.0,0.268,38.0,5.9,1013.3,230.4,76.9,1771.8,23.29
2022-01-04,11500,27.22222222222222,24.0,32.0,0.268,40.0,4.0,1011.5,229.8,73.4,1685.9,23.29
2022-01-05,11500,27.88888888888889,24.0,32.0,0.268,94.0,4.0,1011.4,229.8,73.4,1685.9,23.29
2022-01-06,11500,27.5,24.0,31.0,0.268,54.0,2.9,1011.8,229.8,73.4,1685.9,23.29
2022-01-07,11500,28.000000000000004,26.0,33.0,0.268,34.0,3.7,1012.3,229.8,73.4,1685.9,23.29
2022-01-11,11500,27.38888888888889,24.0,34.0,0.268,98.0,5.0,1012.5,229.8,73.4,1685.9,23.87
2022-01-14,11500,26.77777777777778,22.0,33.0,0.268,66.0,4.6,1013.2,229.8,73.4,1685.9,23.87
2022-01-17,11500,27.38888888888889,24.0,32.0,0.268,112.0,3.7,1012.4,229.8,73.4,1685.9,23.87
2022-01-18,11500,27.5,23.000000000000004,33.0,0.268,71.0,3.7,1011.6,229.8,73.4,1685.9,23.87
2022-02-18,12000,29.11111111111111,26.0,34.0,0.268,146.0,9.1,1008.7,229.8,73.4,1685.9,25.32
2022-02-21,12000,27.61111111111111,25.0,34.0,0.268,149.0,5.1,1010.5,229.8,73.4,1685.9,26.28
2022-02-23,12000,27.61111111111111,24.0,33.0,0.268,359.0,3.5,1012.3,229.8,73.4,1685.9,26.28
2022-03-04,12000,29.61111111111111,25.0,35.0,0.268,96.0,6.1,1009.5,229.8,73.4,1685.9,26.83
2022-03-07,12000,29.27777777777778,26.0,35.0,0.268,113.0,7.4,1009.6,229.8,73.4,1685.9,26.83
2022-03-08,12000,29.61111111111111,25.0,36.0,0.268,111.0,5.3,1009.3,229.8,73.4,1685.9,26.83
2022-03-09,12000,28.277777777777786,25.0,34.0,0.268,96.0,6.8,1009.0,229.8,73.4,1685.9,26.83
2022-03-10,12000,27.61111111111111,25.0,31.0,0.268,148.0,5.0,1008.8,229.8,73.4,1685.9,26.83
2022-03-11,12000,28.88888888888889,25.0,34.0,0.268,282.0,4.7,1007.5,229.8,73.4,1685.9,29.82
2022-03-14,12000,29.5,27.0,35.0,0.268,137.0,8.3,1007.9,229.8,73.4,1685.9,29.82
2022-03-15,12000,29.72222222222222,27.0,35.0,0.268,147.0,8.1,1007.4,229.8,73.4,1685.9,29.82
2022-03-17,12000,29.5,26.0,34.0,0.268,148.0,7.0,1007.2,229.8,73.4,1685.9,29.82
2022-03-18,12000,29.38888888888889,26.0,34.0,0.268,157.0,6.5,1007.4,229.8,73.4,1685.9,29.82
2022-03-21,12000,29.38888888888889,27.0,34.0,0.268,139.0,8.8,1009.5,229.8,73.4,1685.9,29.82
2022-03-22,12000,28.22222222222222,26.0,33.0,0.268,127.0,7.6,1010.2,229.8,73.4,1685.9,29.82
2022-03-23,12000,29.61111111111111,25.0,35.0,0.268,135.0,6.2,1009.6,229.8,73.4,1685.9,29.82
2022-03-24,12000,30.11111111111111,27.0,35.0,0.268,146.0,8.0,1009.2,229.8,73.4,1685.9,29.82
2022-03-25,12000,30.27777777777778,27.0,35.0,0.268,146.0,9.4,1009.8,229.8,73.4,1685.9,29.82
2022-03-30,12000,28.88888888888889,24.0,34.0,0.268,307.0,6.1,1008.2,229.8,73.4,1685.9,29.82
2022-03-31,12000,28.22222222222222,25.0,33.0,0.268,206.0,4.3,1008.0,229.8,73.4,1685.9,29.82
2022-04-05,12000,27.77777777777778,24.0,34.0,0.268,11.0,4.8,1011.9,229.8,73.4,1685.9,28.15
2022-04-06,12000,28.88888888888889,25.0,34.0,0.268,295.0,3.7,1010.9,229.8,73.4,1685.9,28.15
2022-04-07,12000,28.77777777777778,25.0,33.0,0.268,1.0,4.5,1010.0,229.8,73.4,1685.9,28.15
2022-04-08,12000,29.61111111111111,25.0,34.0,0.268,302.0,5.5,1009.6,229.8,73.4,1685.9,28.15
2022-04-12,12000,29.61111111111111,26.0,33.0,0.268,174.0,6.4,1007.8,229.8,73.4,1685.9,27.31
2022-04-13,12000,30.22222222222222,27.0,35.0,0.268,218.0,6.5,1006.5,229.8,73.4,1685.9,27.31
2022-04-14,12000,29.77777777777778,27.0,35.0,0.268,221.0,6.5,1006.5,229.8,73.4,1685.9,27.31
2022-04-18,12000,29.88888888888889,28.000000000000004,33.0,0.268,131.0,8.4,1008.9,229.8,73.4,1685.9,27.31
2022-04-19,12000,29.88888888888889,26.0,34.0,0.268,134.0,5.2,1009.7,229.8,73.4,1685.9,27.31
2022-04-20,12000,29.72222222222222,26.0,35.0,0.268,100.0,5.7,1009.3,229.8,73.4,1685.9,27.31
2022-04-21,12500,30.38888888888889,27.0,35.0,0.268,125.0,8.6,1008.7,229.8,73.4,1685.9,27.99
2022-04-22,12500,30.61111111111111,27.0,35.0,0.268,137.0,8.6,1009.2,229.8,73.4,1685.9,27.99
2022-04-25,12500,30.72222222222222,28.000000000000004,34.0,0.268,156.0,7.4,1007.2,229.8,73.4,1685.9,27.99
2022-04-26,12500,30.27777777777778,26.0,35.0,0.268,172.0,5.8,1007.2,229.8,73.4,1685.9,27.99
2022-04-27,12500,31.72222222222222,27.0,36.0,0.268,52.0,4.3,1006.6,229.8,73.4,1685.9,27.99
2022-04-28,12500,30.88888888888889,29.0,35.0,0.268,154.0,8.0,1007.0,229.8,73.4,1685.9,27.99
2022-04-29,12500,25.777777777777786,23.000000000000004,29.0,0.268,254.0,4.8,1007.5,229.8,73.4,1685.9,27.99
2022-05-04,12500,26.888888888888893,25.0,33.0,0.268,341.0,4.7,1009.0,229.8,73.4,1685.9,28.43
2022-05-05,12500,28.22222222222222,24.0,32.0,0.268,119.0,5.2,1007.4,229.8,73.4,1685.9,28.43
2022-05-06,12500,29.88888888888889,25.0,34.0,0.268,109.0,6.3,1007.1,229.8,73.4,1685.9,28.43
2022-05-09,12500,30.27777777777778,27.0,35.0,0.268,128.0,9.7,1007.8,229.8,73.4,1685.9,28.43
2022-05-10,12500,29.72222222222222,27.0,35.0,0.268,122.0,6.8,1008.0,229.8,73.4,1685.9,28.43
2022-05-11,12500,30.22222222222222,27.0,35.0,0.268,159.0,5.5,1007.8,229.8,73.4,1685.9,29.98
2022-05-12,12500,29.38888888888889,26.0,34.0,0.268,236.0,6.0,1007.5,229.8,73.4,1685.9,29.98
2022-05-16,12500,28.61111111111111,27.0,32.0,0.268,221.0,4.8,1008.4,229.8,73.4,1685.9,29.98
2022-05-17,12500,28.88888888888889,25.0,33.0,0.268,209.0,5.2,1008.9,229.8,73.4,1685.9,29.98
2022-05-18,12500,27.22222222222222,26.0,30.0,0.268,164.0,3.9,1009.5,229.8,73.4,1685.9,29.98
2022-05-19,12500,27.61111111111111,25.0,33.0,0.268,242.0,3.2,1010.0,229.8,73.4,1685.9,29.98
2022-05-26,12500,28.22222222222222,23.000000000000004,33.0,0.268,283.0,7.6,1006.5,229.8,73.4,1685.9,30.65
2022-05-31,12500,30.27777777777778,26.0,34.0,0.74,230.0,5.0,1005.5,229.8,73.4,1685.9,30.65
2022-06-01,12500,29.27777777777778,28.000000000000004,33.0,0.587,203.0,5.3,1006.4,229.8,73.4,1685.9,31.57
2022-06-03,12500,27.61111111111111,25.0,33.0,0.752,220.0,5.0,1008.2,229.8,73.4,1685.9,31.57
2022-06-06,12500,29.72222222222222,26.0,35.0,0.228,265.0,7.8,1006.7,229.8,73.4,1685.9,31.57
2022-06-07,12500,30.27777777777778,27.0,34.0,0.185,280.0,5.4,1006.9,229.8,73.4,1685.9,31.57
2022-06-08,12500,31.11111111111111,27.0,35.0,0.272,312.0,4.8,1007.3,229.8,73.4,1685.9,31.57
2022-06-09,12500,30.38888888888889,24.0,36.0,0.106,286.0,4.8,1006.8,229.8,73.4,1685.9,31.57
2022-06-10,12500,29.88888888888889,26.0,34.0,0.543,287.0,4.8,1007.5,229.8,73.4,1685.9,31.57
2022-06-13,12500,29.27777777777778,25.0,33.0,0.118,212.0,4.6,1008.1,229.8,73.4,1685.9,32.37
2022-06-14,12500,30.27777777777778,26.0,34.0,0.15,206.0,5.3,1008.0,229.8,73.4,1685.9,32.37
2022-06-16,12500,30.22222222222222,26.0,34.0,0.402,204.0,3.7,1009.2,229.8,73.4,1685.9,32.37
2022-06-17,12500,29.27777777777778,27.0,33.0,0.37,217.0,3.9,1009.0,229.8,73.4,1685.9,32.37
2022-06-20,12500,28.38888888888889,25.0,34.0,0.22,206.0,4.5,1006.3,229.8,73.4,1685.9,32.37
2022-06-21,12500,28.000000000000004,25.0,34.0,0.925,222.0,5.3,1006.3,229.8,73.4,1685.9,32.87
2022-06-23,12500,26.888888888888893,25.0,33.0,0.453,209.0,4.7,1008.8,229.8,73.4,1685.9,32.87
2022-06-24,12500,27.27777777777777,24.0,32.0,0.291,200.0,4.7,1007.6,229.8,73.4,1685.9,32.87
2022-06-27,12500,29.22222222222222,26.0,34.0,0.114,248.0,4.2,1008.0,229.8,73.4,1685.9,32.87
2022-07-08,12500,27.38888888888889,25.0,32.0,0.563,261.0,6.4,1006.9,229.8,73.4,1685.9,32.76
2022-07-13,12500,27.38888888888889,25.0,31.0,0.335,266.0,10.3,1004.1,229.8,73.4,1685.9,29.67
2022-07-14,12500,27.722222222222225,25.0,31.0,0.15,258.0,8.1,1004.8,229.8,73.4,1685.9,29.67
2022-07-15,12500,27.61111111111111,25.0,32.0,0.339,256.0,7.1,1006.2,229.8,73.4,1685.9,29.67
2022-07-18,12000,28.72222222222222,26.0,33.0,0.449,261.0,6.7,1007.0,229.8,73.4,1685.9,29.67
2022-07-19,12000,27.22222222222222,25.0,32.0,0.496,258.0,6.1,1006.0,229.8,73.4,1685.9,29.67
2022-07-20,12000,25.777777777777786,25.0,30.0,0.976,190.0,5.3,1006.9,229.8,73.4,1685.9,29.67
2022-07-21,12000,25.611111111111107,25.0,29.0,0.752,169.0,4.2,1009.5,229.8,73.4,1685.9,26.07
2022-07-22,12000,29.0,24.0,35.0,0.0,46.0,4.1,1009.9,229.8,73.4,1685.9,26.07
2022-07-25,12000,29.77777777777778,26.0,35.0,0.354,121.0,6.1,1007.5,229.8,73.4,1685.9,26.07
2022-07-26,12000,27.88888888888889,25.0,32.0,0.079,119.0,4.3,1008.0,229.8,73.4,1685.9,26.07
2022-07-27,12000,28.38888888888889,25.0,32.0,0.193,194.0,4.2,1007.5,229.8,73.4,1685.9,26.07
2022-07-28,12000,28.22222222222222,25.0,33.0,0.138,260.0,3.9,1007.5,229.8,73.4,1685.9,26.07
2022-07-29,12500,29.72222222222222,25.0,35.0,0.035,251.0,5.8,1006.8,229.8,73.4,1685.9,26.07
2022-08-01,12500,27.77777777777778,25.0,33.0,0.72,199.0,5.2,1006.3,229.8,73.4,1685.9,25.6
2022-08-02,12500,28.277777777777786,26.0,32.0,0.547,237.0,5.4,1007.3,229.8,73.4,1685.9,25.6
2022-08-03,12500,27.88888888888889,26.0,33.0,0.819,270.0,5.8,1008.4,229.8,73.4,1685.9,25.6
2022-08-04,12500,27.27777777777777,25.0,31.0,0.256,271.0,4.4,1008.2,229.8,73.4,1685.9,25.6
2022-08-05,12500,28.111111111111107,25.0,32.0,0.823,292.0,5.8,1007.6,229.8,73.4,1685.9,25.6
2022-08-08,12500,26.5,24.0,30.0,0.74,262.0,8.4,1006.6,229.8,73.4,1685.9,25.6
2022-08-09,12500,27.77777777777778,25.0,32.0,0.543,267.0,9.2,1006.0,229.8,73.4,1685.9,25.6
2022-08-10,12500,28.72222222222222,26.0,32.0,0.268,253.0,12.1,1005.9,229.8,73.4,1685.9,25.6
2022-08-11,12500,25.88888888888889,25.0,30.0,0.185,235.0,8.1,1007.6,229.8,73.4,1685.9,24.66
2022-08-12,12500,28.38888888888889,24.0,33.0,0.272,203.0,4.9,1008.2,229.8,73.4,1685.9,24.66
2022-08-15,12500,26.77777777777778,23.000000000000004,32.0,0.307,224.0,6.5,1007.8,229.8,73.4,1685.9,24.66
2022-08-16,12500,27.0,25.0,32.0,0.276,218.0,4.8,1007.8,229.8,73.4,1685.9,24.66
2022-08-17,12500,27.88888888888889,26.0,32.0,0.169,232.0,6.1,1008.1,229.8,73.4,1685.9,24.66
2022-08-18,12500,29.11111111111111,26.0,33.0,0.354,256.0,6.5,1007.5,229.8,73.4,1685.9,24.66
2022-08-22,12500,29.11111111111111,26.0,35.0,0.067,237.0,6.2,1007.5,229.8,73.4,1685.9,24.66
2022-08-23,12500,29.0,25.0,33.0,0.28,253.0,6.4,1007.3,229.8,73.4,1685.9,24.66
2022-08-24,12500,28.277777777777786,25.0,33.0,0.22,259.0,5.0,1006.5,229.8,73.4,1685.9,24.66
2022-08-31,12500,28.111111111111107,24.77777777777777,33.0,0.437,192.0,4.7,1007.8,229.8,73.4,1685.9,24.66
2022-09-07,12500,26.27777777777778,25.0,29.0,0.457,263.0,4.7,1008.7,229.8,73.4,1685.9,24.23
2022-09-08,12500,27.38888888888889,25.0,31.0,0.598,239.0,8.7,1010.2,229.8,73.4,1685.9,24.23
2022-09-09,12500,29.61111111111111,25.0,34.0,0.134,243.0,4.8,1009.8,229.8,73.4,1685.9,24.23
2022-09-12,12500,27.11111111111111,25.0,33.0,0.256,126.0,3.6,1008.5,229.8,73.4,1685.9,23.21
2022-09-13,12500,28.77777777777778,25.0,33.0,0.374,190.0,4.3,1009.2,229.8,73.4,1685.9,23.21
2022-09-14,12500,27.88888888888889,25.0,32.0,0.374,241.0,8.5,1010.3,229.8,73.4,1685.9,23.21
2022-09-16,12500,28.22222222222222,25.0,32.0,0.37,252.0,7.3,1007.5,229.8,73.4,1685.9,23.21
2022-09-19,12500,27.5,24.0,32.0,0.642,276.0,5.1,1008.5,229.8,73.4,1685.9,23.21
2022-09-20,12500,27.77777777777778,25.0,31.0,0.492,269.0,5.8,1007.4,229.8,73.4,1685.9,23.21
2022-09-21,12500,28.61111111111111,25.0,33.0,0.327,238.0,6.6,1006.8,229.8,73.4,1685.9,22.58
2022-09-22,12500,27.77777777777778,26.0,32.0,0.315,229.0,8.1,1007.8,229.8,73.4,1685.9,22.58
2022-09-23,12500,28.22222222222222,25.0,33.0,0.106,241.0,5.8,1008.2,229.8,73.4,1685.9,22.58
2022-09-26,12000,25.777777777777786,24.0,31.0,0.752,318.0,5.3,1008.3,229.8,73.4,1685.9,22.58
2022-09-27,12000,26.5,23.000000000000004,30.0,0.508,288.0,6.8,1005.7,229.8,73.4,1685.9,22.58
2022-09-28,12000,26.611111111111114,25.0,31.0,0.492,249.0,12.7,1002.9,229.8,73.4,1685.9,22.58
2022-09-29,12000,26.27777777777778,24.0,30.0,0.106,217.0,8.6,1005.6,229.8,73.4,1685.9,22.58
2022-10-03,12000,28.38888888888889,25.0,32.0,0.146,125.0,6.5,1008.2,229.8,73.4,1685.9,21.44
2022-10-04,12000,28.38888888888889,25.0,32.0,0.047,76.0,6.1,1009.1,229.8,73.4,1685.9,21.44
2022-10-05,12000,28.61111111111111,25.0,33.0,1.248,127.0,6.4,1009.6,229.8,73.4,1685.9,21.44
2022-10-06,12000,27.27777777777777,25.0,31.0,0.134,132.0,5.2,1010.4,229.8,73.4,1685.9,21.44
2022-10-07,12000,28.277777777777786,25.0,34.0,0.409,74.0,3.9,1009.5,229.8,73.4,1685.9,21.44
2022-10-10,12000,27.0,24.0,32.0,0.425,17.0,4.2,1011.0,229.8,73.4,1685.9,21.44
2022-10-11,12000,27.11111111111111,24.0,31.0,0.193,305.0,3.6,1010.3,229.8,73.4,1685.9,22.0
2022-10-13,12500,28.77777777777778,25.0,33.0,0.008,332.0,6.1,1007.5,229.8,73.4,1685.9,22.0
2022-10-14,12500,26.888888888888893,25.0,31.0,0.0,328.0,5.8,1006.4,229.8,73.4,1685.9,22.0
2022-10-17,12500,29.22222222222222,24.0,33.0,0.142,306.0,5.3,1009.1,229.8,73.4,1685.9,22.0
2022-10-18,12500,28.277777777777786,25.0,34.0,0.492,76.0,4.8,1008.5,229.8,73.4,1685.9,22.0
2022-10-19,12500,25.72222222222222,24.0,29.0,0.764,159.0,5.2,1008.8,229.8,73.4,1685.9,22.0
2022-10-20,12500,26.77777777777778,24.0,29.0,0.508,125.0,6.9,1010.3,229.8,73.4,1685.9,22.0
2022-10-21,12500,28.88888888888889,25.0,33.0,0.441,131.0,5.2,1010.8,229.8,73.4,1685.9,22.34
2022-10-24,12500,28.22222222222222,23.000000000000004,35.0,0.445,300.0,3.9,1009.4,229.8,73.4,1685.9,22.34
2022-10-25,12500,27.722222222222225,24.0,32.0,0.24,260.0,5.3,1009.6,229.8,73.4,1685.9,22.34
2022-10-26,12500,28.77777777777778,25.0,32.0,0.283,147.0,4.2,1009.0,229.8,73.4,1685.9,22.34
2022-10-27,12500,26.722222222222214,25.0,32.0,0.224,333.0,4.8,1008.7,229.8,73.4,1685.9,22.34
2022-10-28,12500,27.38888888888889,25.0,30.0,0.307,288.0,3.3,1007.3,229.8,73.4,1685.9,22.34
2022-10-31,12500,28.88888888888889,24.0,34.0,0.0,4.0,5.6,1007.8,229.8,73.4,1685.9,22.34
2022-11-01,12500,27.88888888888889,25.0,32.0,0.008,7.0,5.1,1008.7,229.8,73.4,1685.9,22.75
2022-11-02,12500,27.61111111111111,25.0,31.0,0.083,111.0,3.7,1009.6,229.8,73.4,1685.9,22.75
2022-11-03,12500,25.611111111111107,24.0,29.0,0.878,83.0,4.2,1010.4,229.8,73.4,1685.9,22.75
2022-11-07,12500,27.77777777777778,24.0,33.0,0.0,291.0,3.1,1011.2,229.8,73.4,1685.9,22.75
2022-11-08,12500,28.61111111111111,25.0,33.0,0.0,3.0,3.8,1010.5,229.8,73.4,1685.9,22.75
2022-11-09,12500,29.11111111111111,25.0,33.0,0.024,28.0,3.1,1010.3,229.8,73.4,1685.9,22.75
2022-11-14,12500,28.277777777777786,25.0,33.0,0.327,88.0,5.0,1009.2,229.8,73.4,1685.9,23.86
2022-11-15,12500,28.277777777777786,25.0,33.0,0.28,104.0,4.7,1009.2,229.8,73.4,1685.9,23.86
2022-11-16,12500,28.111111111111107,24.0,34.0,0.024,40.0,4.6,1008.3,229.8,73.4,1685.9,23.86
2022-11-17,12500,28.61111111111111,25.0,33.0,0.425,67.0,3.6,1008.0,229.8,73.4,1685.9,23.86
2022-11-18,12500,28.277777777777786,26.0,33.0,0.366,304.0,5.0,1008.6,229.8,73.4,1685.9,23.86
2022-11-21,12500,26.611111111111114,24.0,29.0,0.52,323.0,3.2,1005.3,229.8,73.4,1685.9,23.78
2022-11-22,12500,26.0,25.0,29.0,0.287,305.0,3.0,1006.2,229.8,73.4,1685.9,23.78
2022-11-23,12500,26.27777777777778,25.0,30.0,0.272,143.0,6.2,1007.8,229.8,73.4,1685.9,23.78
2022-11-24,12500,26.888888888888893,25.0,30.0,0.228,123.0,8.5,1009.6,229.8,73.4,1685.9,23.78
2022-11-25,12500,28.111111111111107,25.0,32.0,0.354,133.0,7.4,1010.6,229.8,73.4,1685.9,23.78
2022-11-28,12500,28.88888888888889,26.0,33.0,0.319,128.0,7.0,1009.4,229.8,73.4,1685.9,23.78
2022-11-29,12500,28.72222222222222,26.0,33.0,0.067,123.0,6.4,1009.5,229.8,73.4,1685.9,23.78
2022-12-05,12500,28.61111111111111,25.0,33.0,0.075,93.0,4.5,1009.5,229.8,73.4,1685.9,22.7
2022-12-08,12500,28.88888888888889,24.0,33.0,0.0,44.0,3.1,1008.4,229.8,73.4,1685.9,22.7
2022-12-12,12500,27.11111111111111,23.000000000000004,32.0,0.0,87.0,5.7,1010.5,229.8,73.4,1685.9,21.2
2022-12-13,12500,26.888888888888893,21.611111111111114,32.0,0.0,329.0,4.5,1010.5,229.8,73.4,1685.9,21.2
2022-12-14,12500,26.611111111111114,23.000000000000004,30.0,0.0,344.0,3.3,1010.8,229.8,73.4,1685.9,21.2
2022-12-19,12500,26.5,22.0,32.0,0.0,17.0,5.5,1009.0,229.8,73.4,1685.9,21.2
2022-12-20,12500,27.5,22.0,32.0,0.0,318.0,4.0,1008.4,229.8,73.4,1685.9,21.2
2022-12-23,12500,25.38888888888889,21.0,32.0,0.0,54.0,6.0,1010.2,229.8,73.4,1685.9,20.7
2022-12-26,12500,25.777777777777786,20.0,31.0,0.0,23.0,4.3,1013.8,229.8,73.4,1685.9,20.7
2022-12-27,12500,25.222222222222225,22.0,29.0,0.0,325.0,2.9,1013.7,229.8,73.4,1685.9,20.7
