date,price
1/2/2007,21600
1/3/2007,22000
1/4/2007,21700
1/5/2007,22000
1/6/2007,22000
1/7/2007,22000
1/8/2007,21700
1/9/2007,21700
1/10/2007,21200
1/11/2007,21200
1/12/2007,21500
1/13/2007,21500
1/14/2007,21500
1/15/2007,21500
1/16/2007,21600
1/17/2007,21800
1/18/2007,22000
1/19/2007,21700
1/20/2007,21700
1/21/2007,21700
1/22/2007,21800
1/23/2007,21700
1/24/2007,21400
1/25/2007,21800
1/26/2007,21900
1/27/2007,21900
1/28/2007,21900
1/29/2007,21800
1/30/2007,21800
1/31/2007,21900
2/1/2007,22100
2/2/2007,22000
2/3/2007,22000
2/4/2007,22000
2/5/2007,22100
2/6/2007,22100
2/7/2007,21000
2/8/2007,22200
2/9/2007,22100
2/10/2007,22100
2/11/2007,22100
2/12/2007,22200
2/13/2007,22200
2/14/2007,21700
2/15/2007,21300
2/16/2007,21300
2/17/2007,21300
2/18/2007,21300
2/19/2007,21300
2/20/2007,21300
2/21/2007,21300
2/22/2007,21300
2/23/2007,21300
2/24/2007,21300
2/25/2007,21300
2/26/2007,21700
2/27/2007,21600
2/28/2007,21700
3/1/2007,21600
3/2/2007,21500
3/3/2007,21500
3/4/2007,21500
3/5/2007,21200
3/6/2007,21200
3/7/2007,21000
3/8/2007,21000
3/9/2007,21300
3/10/2007,21300
3/11/2007,21300
3/12/2007,21700
3/13/2007,21700
3/14/2007,21500
3/15/2007,21300
3/16/2007,21600
3/17/2007,21600
3/18/2007,21600
3/19/2007,21700
3/20/2007,21800
3/21/2007,21700
3/22/2007,22100
3/23/2007,22000
3/24/2007,22000
3/25/2007,22000
3/26/2007,22400
3/27/2007,22400
3/28/2007,22200
3/29/2007,22400
3/30/2007,22300
3/31/2007,22300
4/1/2007,22300
4/2/2007,22000
4/3/2007,22000
4/4/2007,22300
4/5/2007,22300
4/6/2007,22500
4/7/2007,22500
4/8/2007,22500
4/9/2007,22600
4/10/2007,22600
4/11/2007,22500
4/12/2007,22700
4/13/2007,23100
4/14/2007,23100
4/15/2007,23100
4/16/2007,23100
4/17/2007,23000
4/18/2007,23200
4/19/2007,23300
4/20/2007,23300
4/21/2007,23300
4/22/2007,23300
4/23/2007,24000
4/24/2007,24200
4/25/2007,23500
4/26/2007,23500
4/27/2007,23500
4/28/2007,23500
4/29/2007,23500
4/30/2007,23500
5/1/2007,23500
5/2/2007,24000
5/3/2007,24400
5/4/2007,24300
5/5/2007,24300
5/6/2007,24300
5/7/2007,24600
5/8/2007,24800
5/9/2007,25000
5/10/2007,25200
5/11/2007,25300
5/12/2007,25300
5/13/2007,25300
5/14/2007,25300
5/15/2007,25600
5/16/2007,25500
5/17/2007,25900
5/18/2007,26200
5/19/2007,26200
5/20/2007,26200
5/21/2007,26400
5/22/2007,26400
5/23/2007,26400
5/24/2007,26300
5/25/2007,26500
5/26/2007,26500
5/27/2007,26500
5/28/2007,26600
5/29/2007,26700
5/30/2007,26700
5/31/2007,26700
6/1/2007,26400
6/2/2007,26400
6/3/2007,26400
6/4/2007,27200
6/5/2007,27200
6/6/2007,27400
6/7/2007,27900
6/8/2007,28300
6/9/2007,28300
6/10/2007,28300
6/11/2007,28200
6/12/2007,28700
6/13/2007,28300
6/14/2007,28600
6/15/2007,28200
6/16/2007,28200
6/17/2007,28200
6/18/2007,28400
6/19/2007,28400
6/20/2007,28500
6/21/2007,28500
6/22/2007,29100
6/23/2007,29100
6/24/2007,29100
6/25/2007,28900
6/26/2007,28600
6/27/2007,28700
6/28/2007,28400
6/29/2007,28500
6/30/2007,28500
7/1/2007,28500
7/2/2007,28600
7/3/2007,28900
7/4/2007,28700
7/5/2007,29000
7/6/2007,29100
7/7/2007,29100
7/8/2007,29100
7/9/2007,28800
7/10/2007,28800
7/11/2007,29100
7/12/2007,29000
7/13/2007,28500
7/14/2007,28500
7/15/2007,28500
7/16/2007,27500
7/17/2007,27600
7/18/2007,27700
7/19/2007,28000
7/20/2007,28300
7/21/2007,28300
7/22/2007,28300
7/23/2007,28300
7/24/2007,28000
7/25/2007,27900
7/26/2007,27800
7/27/2007,27200
7/28/2007,27200
7/29/2007,27200
7/30/2007,27000
7/31/2007,27500
8/1/2007,27600
8/2/2007,27200
8/3/2007,27400
8/4/2007,27400
8/5/2007,27400
8/6/2007,27500
8/7/2007,27400
8/8/2007,27400
8/9/2007,27500
8/10/2007,27300
8/11/2007,27300
8/12/2007,27300
8/13/2007,27000
8/14/2007,27200
8/15/2007,26700
8/16/2007,26100
8/17/2007,25000
8/18/2007,25000
8/19/2007,25000
8/20/2007,25000
8/21/2007,25100
8/22/2007,25100
8/23/2007,25000
8/24/2007,25100
8/25/2007,25100
8/26/2007,25100
8/27/2007,25100
8/28/2007,25200
8/29/2007,25100
8/30/2007,25200
8/31/2007,25200
9/1/2007,25200
9/2/2007,25200
9/3/2007,25200
9/4/2007,25900
9/5/2007,26200
9/6/2007,26000
9/7/2007,26400
9/8/2007,26400
9/9/2007,26400
9/10/2007,26700
9/11/2007,27500
9/12/2007,27600
9/13/2007,27500
9/14/2007,27000
9/15/2007,27000
9/16/2007,27000
9/17/2007,27300
9/18/2007,27400
9/19/2007,26900
9/20/2007,26900
9/21/2007,26700
9/22/2007,26700
9/23/2007,26700
9/24/2007,26200
9/25/2007,26300
9/26/2007,26400
9/27/2007,26000
9/28/2007,26000
9/29/2007,26000
9/30/2007,26000
10/1/2007,26100
10/2/2007,26400
10/3/2007,26300
10/4/2007,26400
10/5/2007,26300
10/6/2007,26300
10/7/2007,26300
10/8/2007,26200
10/9/2007,26300
10/10/2007,26100
10/11/2007,26100
10/12/2007,26300
10/13/2007,26300
10/14/2007,26300
10/15/2007,26500
10/16/2007,25700
10/17/2007,25200
10/18/2007,25600
10/19/2007,25400
10/20/2007,25400
10/21/2007,25400
10/22/2007,25500
10/23/2007,25400
10/24/2007,25500
10/25/2007,25600
10/26/2007,25600
10/27/2007,25600
10/28/2007,25600
10/29/2007,25900
10/30/2007,26200
10/31/2007,26400
11/1/2007,26800
11/2/2007,27300
11/3/2007,27300
11/4/2007,27300
11/5/2007,27200
11/6/2007,27300
11/7/2007,27500
11/8/2007,27500
11/9/2007,27200
11/10/2007,27200
11/11/2007,27200
11/12/2007,27200
11/13/2007,26900
11/14/2007,27000
11/15/2007,27200
11/16/2007,27100
11/17/2007,27100
11/18/2007,27100
11/19/2007,27100
11/20/2007,27100
11/21/2007,26400
11/22/2007,26500
11/23/2007,26500
11/24/2007,26500
11/25/2007,26500
11/26/2007,26700
11/27/2007,26400
11/28/2007,26200
11/29/2007,26400
11/30/2007,26600
12/1/2007,26600
12/2/2007,26600
12/3/2007,26400
12/4/2007,25900
12/5/2007,25900
12/6/2007,26300
12/7/2007,26200
12/8/2007,26200
12/9/2007,26200
12/10/2007,26600
12/11/2007,27000
12/12/2007,27200
12/13/2007,27200
12/14/2007,27200
12/15/2007,27200
12/16/2007,27200
12/17/2007,27200
12/18/2007,27400
12/19/2007,27500
12/20/2007,27300
12/21/2007,27400
12/22/2007,27400
12/23/2007,27400
12/24/2007,27500
12/25/2007,27700
12/26/2007,28000
12/27/2007,27900
12/28/2007,27500
12/29/2007,27500
12/30/2007,27500
12/31/2007,27800
1/1/2008,27800
1/2/2008,28000
1/3/2008,28500
1/4/2008,28600
1/5/2008,28600
1/6/2008,28600
1/7/2008,28800
1/8/2008,29000
1/9/2008,29400
1/10/2008,29700
1/11/2008,30400
1/12/2008,30400
1/13/2008,30400
1/14/2008,30800
1/15/2008,30800
1/16/2008,30600
1/17/2008,30600
1/18/2008,30500
1/19/2008,30500
1/20/2008,30500
1/21/2008,30500
1/22/2008,30500
1/23/2008,30900
1/24/2008,30700
1/25/2008,30700
1/26/2008,30700
1/27/2008,30700
1/28/2008,30500
1/29/2008,30900
1/30/2008,31100
1/31/2008,31300
2/1/2008,31300
2/2/2008,31300
2/3/2008,31300
2/4/2008,31500
2/5/2008,31500
2/6/2008,31500
2/7/2008,31500
2/8/2008,31500
2/9/2008,31500
2/10/2008,31500
2/11/2008,31500
2/12/2008,32900
2/13/2008,32600
2/14/2008,33200
2/15/2008,34500
2/16/2008,34500
2/17/2008,34500
2/18/2008,34900
2/19/2008,34100
2/20/2008,35500
2/21/2008,35600
2/22/2008,36200
2/23/2008,36200
2/24/2008,36200
2/25/2008,37000
2/26/2008,38100
2/27/2008,38000
2/28/2008,39000
2/29/2008,40000
3/1/2008,40000
3/2/2008,40000
3/3/2008,40050
3/4/2008,39500
3/5/2008,39600
3/6/2008,39500
3/7/2008,37250
3/8/2008,37250
3/9/2008,37250
3/10/2008,35200
3/11/2008,35500
3/12/2008,36400
3/13/2008,37500
3/14/2008,39200
3/15/2008,39200
3/16/2008,39200
3/17/2008,37500
3/18/2008,34800
3/19/2008,35000
3/20/2008,34000
3/21/2008,32500
3/22/2008,32500
3/23/2008,32500
3/24/2008,32500
3/25/2008,32500
3/26/2008,33800
3/27/2008,32800
3/28/2008,33800
3/29/2008,33800
3/30/2008,33800
3/31/2008,33000
4/1/2008,33000
4/2/2008,32900
4/3/2008,32400
4/4/2008,32600
4/5/2008,32600
4/6/2008,32600
4/7/2008,32600
4/8/2008,32600
4/9/2008,32500
4/10/2008,33100
4/11/2008,33000
4/12/2008,33000
4/13/2008,33000
4/14/2008,33000
4/15/2008,33000
4/16/2008,33700
4/17/2008,33700
4/18/2008,34500
4/19/2008,34500
4/20/2008,34500
4/21/2008,33600
4/22/2008,33300
4/23/2008,34100
4/24/2008,33500
4/25/2008,33350
4/26/2008,33350
4/27/2008,33350
4/28/2008,32900
4/29/2008,33500
4/30/2008,33500
5/1/2008,33500
5/2/2008,31600
5/3/2008,31600
5/4/2008,31600
5/5/2008,31500
5/6/2008,31600
5/7/2008,31700
5/8/2008,31500
5/9/2008,32000
5/10/2008,32000
5/11/2008,32000
5/12/2008,33000
5/13/2008,33150
5/14/2008,33300
5/15/2008,33000
5/16/2008,33100
5/17/2008,33100
5/18/2008,33100
5/19/2008,33500
5/20/2008,33400
5/21/2008,33600
5/22/2008,33800
5/23/2008,32850
5/24/2008,32850
5/25/2008,32850
5/26/2008,33000
5/27/2008,33100
5/28/2008,33000
5/29/2008,33700
5/30/2008,33300
5/31/2008,33300
6/1/2008,33300
6/2/2008,33700
6/3/2008,34000
6/4/2008,33250
6/5/2008,33500
6/6/2008,33600
6/7/2008,33600
6/8/2008,33600
6/9/2008,34550
6/10/2008,33000
6/11/2008,34000
6/12/2008,33500
6/13/2008,34600
6/14/2008,34600
6/15/2008,34600
6/16/2008,34600
6/17/2008,35200
6/18/2008,36000
6/19/2008,36300
6/20/2008,36600
6/21/2008,36600
6/22/2008,36600
6/23/2008,36500
6/24/2008,36400
6/25/2008,36500
6/26/2008,36500
6/27/2008,36700
6/28/2008,36700
6/29/2008,36700
6/30/2008,36700
7/1/2008,37500
7/2/2008,38200
7/3/2008,38000
7/4/2008,38000
7/5/2008,38000
7/6/2008,38000
7/7/2008,37200
7/8/2008,34500
7/9/2008,34500
7/10/2008,34500
7/11/2008,34700
7/12/2008,34700
7/13/2008,34700
7/14/2008,34900
7/15/2008,35200
7/16/2008,36700
7/17/2008,36700
7/18/2008,36700
7/19/2008,36700
7/20/2008,36700
7/21/2008,36700
7/22/2008,36000
7/23/2008,36300
7/24/2008,35500
7/25/2008,35500
7/26/2008,35500
7/27/2008,35500
7/28/2008,35500
7/29/2008,36000
7/30/2008,36600
7/31/2008,36400
8/1/2008,36700
8/2/2008,36700
8/3/2008,36700
8/4/2008,36700
8/5/2008,36200
8/6/2008,37000
8/7/2008,36400
8/8/2008,36500
8/9/2008,36500
8/10/2008,36500
8/11/2008,36500
8/12/2008,36000
8/13/2008,35200
8/14/2008,34500
8/15/2008,34500
8/16/2008,34500
8/17/2008,34500
8/18/2008,34200
8/19/2008,34700
8/20/2008,34500
8/21/2008,34000
8/22/2008,35500
8/23/2008,35500
8/24/2008,35500
8/25/2008,35600
8/26/2008,35600
8/27/2008,36000
8/28/2008,35600
8/29/2008,35400
8/30/2008,35400
8/31/2008,35400
9/1/2008,35600
9/2/2008,35600
9/3/2008,35000
9/4/2008,34000
9/5/2008,34200
9/6/2008,34200
9/7/2008,34200
9/8/2008,33400
9/9/2008,33400
9/10/2008,33400
9/11/2008,33400
9/12/2008,33800
9/13/2008,33800
9/14/2008,33800
9/15/2008,33800
9/16/2008,34000
9/17/2008,31000
9/18/2008,31000
9/19/2008,31500
9/20/2008,31500
9/21/2008,31500
9/22/2008,31800
9/23/2008,32200
9/24/2008,32200
9/25/2008,32350
9/26/2008,32350
9/27/2008,32350
9/28/2008,32350
9/29/2008,31000
9/30/2008,31000
10/1/2008,30500
10/2/2008,29500
10/3/2008,29500
10/4/2008,29500
10/5/2008,29500
10/6/2008,29000
10/7/2008,27500
10/8/2008,27500
10/9/2008,25000
10/10/2008,25000
10/11/2008,25000
10/12/2008,25000
10/13/2008,25100
10/14/2008,25700
10/15/2008,26000
10/16/2008,25000
10/17/2008,25500
10/18/2008,25500
10/19/2008,25500
10/20/2008,26000
10/21/2008,26000
10/22/2008,26000
10/23/2008,25500
10/24/2008,24800
10/25/2008,24800
10/26/2008,24800
10/27/2008,24000
10/28/2008,23000
10/29/2008,23000
10/30/2008,24600
10/31/2008,24000
11/1/2008,24000
11/2/2008,24000
11/3/2008,23500
11/4/2008,24200
11/5/2008,25500
11/6/2008,25700
11/7/2008,24900
11/8/2008,24900
11/9/2008,24900
11/10/2008,25000
11/11/2008,26200
11/12/2008,26400
11/13/2008,25800
11/14/2008,26000
11/15/2008,26000
11/16/2008,26000
11/17/2008,25600
11/18/2008,25600
11/19/2008,25600
11/20/2008,25500
11/21/2008,25400
11/22/2008,25400
11/23/2008,25400
11/24/2008,25700
11/25/2008,26400
11/26/2008,26400
11/27/2008,26500
11/28/2008,27000
11/29/2008,27000
11/30/2008,27000
12/1/2008,26500
12/2/2008,26300
12/3/2008,25800
12/4/2008,25500
12/5/2008,24500
12/6/2008,24500
12/7/2008,24500
12/8/2008,24200
12/9/2008,24200
12/10/2008,25500
12/11/2008,25700
12/12/2008,25700
12/13/2008,25700
12/14/2008,25700
12/15/2008,25500
12/16/2008,25300
12/17/2008,25200
12/18/2008,25500
12/19/2008,25500
12/20/2008,25500
12/21/2008,25500
12/22/2008,24600
12/23/2008,23900
12/24/2008,23500
12/25/2008,23500
12/26/2008,23500
12/27/2008,23500
12/28/2008,23500
12/29/2008,23900
12/30/2008,24200
12/31/2008,24000
1/1/2009,24000
1/2/2009,24500
1/3/2009,24500
1/4/2009,24500
1/5/2009,25000
1/6/2009,24800
1/7/2009,25500
1/8/2009,25300
1/9/2009,25300
1/10/2009,25300
1/11/2009,25300
1/12/2009,26100
1/13/2009,25700
1/14/2009,25300
1/15/2009,25400
1/16/2009,25300
1/17/2009,25300
1/18/2009,25300
1/19/2009,25600
1/20/2009,25300
1/21/2009,25300
1/22/2009,25500
1/23/2009,25500
1/24/2009,25500
1/25/2009,25500
1/26/2009,25500
1/27/2009,25500
1/28/2009,25500
1/29/2009,25500
1/30/2009,25500
1/31/2009,25500
2/1/2009,25500
2/2/2009,25800
2/3/2009,25700
2/4/2009,25700
2/5/2009,25000
2/6/2009,25600
2/7/2009,25600
2/8/2009,25600
2/9/2009,26000
2/10/2009,25625
2/11/2009,25300
2/12/2009,25400
2/13/2009,24900
2/14/2009,24900
2/15/2009,24900
2/16/2009,24800
2/17/2009,25300
2/18/2009,25000
2/19/2009,24500
2/20/2009,25000
2/21/2009,25000
2/22/2009,25000
2/23/2009,24350
2/24/2009,25000
2/25/2009,25000
2/26/2009,24900
2/27/2009,24650
2/28/2009,24650
3/1/2009,24650
3/2/2009,24800
3/3/2009,24400
3/4/2009,23800
3/5/2009,24400
3/6/2009,23900
3/7/2009,23900
3/8/2009,23900
3/9/2009,23800
3/10/2009,23500
3/11/2009,23000
3/12/2009,22500
3/13/2009,24000
3/14/2009,24000
3/15/2009,24000
3/16/2009,24100
3/17/2009,23900
3/18/2009,24000
3/19/2009,24200
3/20/2009,25000
3/21/2009,25000
3/22/2009,25000
3/23/2009,24500
3/24/2009,24800
3/25/2009,24500
3/26/2009,24800
3/27/2009,24500
3/28/2009,24500
3/29/2009,24500
3/30/2009,24600
3/31/2009,24700
4/1/2009,24800
4/2/2009,24450
4/3/2009,24700
4/4/2009,24700
4/5/2009,24700
4/6/2009,24700
4/7/2009,24750
4/8/2009,24800
4/9/2009,24850
4/10/2009,24800
4/11/2009,24800
4/12/2009,24800
4/13/2009,24800
4/14/2009,24800
4/15/2009,24650
4/16/2009,24325
4/17/2009,24600
4/18/2009,24600
4/19/2009,24600
4/20/2009,24400
4/21/2009,24400
4/22/2009,24200
4/23/2009,24400
4/24/2009,24300
4/25/2009,24300
4/26/2009,24300
4/27/2009,24700
4/28/2009,24000
4/29/2009,24000
4/30/2009,24000
5/1/2009,24000
5/2/2009,24000
5/3/2009,24000
5/4/2009,24700
5/5/2009,24450
5/6/2009,25100
5/7/2009,25100
5/8/2009,24700
5/9/2009,24700
5/10/2009,24700
5/11/2009,24700
5/12/2009,25000
5/13/2009,25000
5/14/2009,24800
5/15/2009,25000
5/16/2009,25000
5/17/2009,25000
5/18/2009,25000
5/19/2009,25200
5/20/2009,25300
5/21/2009,25200
5/22/2009,25200
5/23/2009,25200
5/24/2009,25200
5/25/2009,25000
5/26/2009,25000
5/27/2009,24600
5/28/2009,25000
5/29/2009,24900
5/30/2009,24900
5/31/2009,24900
6/1/2009,24900
6/2/2009,25500
6/3/2009,25300
6/4/2009,25300
6/5/2009,25400
6/6/2009,25400
6/7/2009,25400
6/8/2009,25400
6/9/2009,25400
6/10/2009,25400
6/11/2009,25300
6/12/2009,25400
6/13/2009,25400
6/14/2009,25400
6/15/2009,25250
6/16/2009,24500
6/17/2009,24700
6/18/2009,24350
6/19/2009,24350
6/20/2009,24350
6/21/2009,24350
6/22/2009,23000
6/23/2009,23200
6/24/2009,21850
6/25/2009,21550
6/26/2009,22500
6/27/2009,22500
6/28/2009,22500
6/29/2009,22200
6/30/2009,23375
7/1/2009,22700
7/2/2009,23500
7/3/2009,23500
7/4/2009,23500
7/5/2009,23500
7/6/2009,23500
7/7/2009,23700
7/8/2009,23500
7/9/2009,23500
7/10/2009,23600
7/11/2009,23600
7/12/2009,23600
7/13/2009,24100
7/14/2009,24100
7/15/2009,24500
7/16/2009,24600
7/17/2009,24800
7/18/2009,24800
7/19/2009,24800
7/20/2009,25500
7/21/2009,25500
7/22/2009,25400
7/23/2009,25400
7/24/2009,25500
7/25/2009,25500
7/26/2009,25500
7/27/2009,25100
7/28/2009,25100
7/29/2009,25100
7/30/2009,25100
7/31/2009,25200
8/1/2009,25200
8/2/2009,25200
8/3/2009,25700
8/4/2009,26000
8/5/2009,26000
8/6/2009,25600
8/7/2009,25600
8/8/2009,25600
8/9/2009,25600
8/10/2009,25350
8/11/2009,25100
8/12/2009,25000
8/13/2009,25100
8/14/2009,24900
8/15/2009,24900
8/16/2009,24900
8/17/2009,24250
8/18/2009,23500
8/19/2009,23500
8/20/2009,24200
8/21/2009,23400
8/22/2009,23400
8/23/2009,23400
8/24/2009,23000
8/25/2009,22800
8/26/2009,23000
8/27/2009,24200
8/28/2009,24200
8/29/2009,24200
8/30/2009,24200
8/31/2009,24300
9/1/2009,24300
9/2/2009,24300
9/3/2009,24500
9/4/2009,24500
9/5/2009,24500
9/6/2009,24500
9/7/2009,25000
9/8/2009,25400
9/9/2009,25400
9/10/2009,25400
9/11/2009,25300
9/12/2009,25300
9/13/2009,25300
9/14/2009,25300
9/15/2009,25600
9/16/2009,25600
9/17/2009,25700
9/18/2009,25800
9/19/2009,25800
9/20/2009,25800
9/21/2009,25600
9/22/2009,25000
9/23/2009,25200
9/24/2009,25000
9/25/2009,23400
9/26/2009,23400
9/27/2009,23400
9/28/2009,23400
9/29/2009,23800
9/30/2009,24100
10/1/2009,24000
10/2/2009,23600
10/3/2009,23600
10/4/2009,23600
10/5/2009,23950
10/6/2009,23850
10/7/2009,24550
10/8/2009,24900
10/9/2009,25350
10/10/2009,25100
10/11/2009,25100
10/12/2009,25200
10/13/2009,25200
10/14/2009,24400
10/15/2009,24600
10/16/2009,24600
10/17/2009,25200
10/18/2009,25200
10/19/2009,24500
10/20/2009,24850
10/21/2009,24700
10/22/2009,24800
10/23/2009,24700
10/24/2009,24300
10/25/2009,24300
10/26/2009,24000
10/27/2009,24200
10/28/2009,24500
10/29/2009,24700
10/30/2009,24900
10/31/2009,24700
11/1/2009,24700
11/2/2009,24600
11/3/2009,25100
11/4/2009,24800
11/5/2009,24700
11/6/2009,24700
11/7/2009,24600
11/8/2009,24600
11/9/2009,24700
11/10/2009,24150
11/11/2009,23050
11/12/2009,23400
11/13/2009,23150
11/14/2009,23200
11/15/2009,23200
11/16/2009,23000
11/17/2009,23650
11/18/2009,23750
11/19/2009,24100
11/20/2009,24000
11/21/2009,24000
11/22/2009,24000
11/23/2009,24350
11/24/2009,24400
11/25/2009,24300
11/26/2009,24450
11/27/2009,24350
11/28/2009,24350
11/29/2009,24350
11/30/2009,24300
12/1/2009,24600
12/2/2009,24500
12/3/2009,24300
12/4/2009,24500
12/5/2009,24500
12/6/2009,24500
12/7/2009,24300
12/8/2009,24500
12/9/2009,24400
12/10/2009,24500
12/11/2009,24900
12/12/2009,25000
12/13/2009,25000
12/14/2009,24400
12/15/2009,24600
12/16/2009,24600
12/17/2009,24700
12/18/2009,24200
12/19/2009,24200
12/20/2009,24200
12/21/2009,24200
12/22/2009,24200
12/23/2009,23800
12/24/2009,23800
12/25/2009,23700
12/26/2009,23700
12/27/2009,23700
12/28/2009,23700
12/29/2009,23800
12/30/2009,23600
12/31/2009,23700
1/1/2010,23900
1/2/2010,23900
1/3/2010,23900
1/4/2010,23700
1/5/2010,24200
1/6/2010,24100
1/7/2010,24350
1/8/2010,24500
1/9/2010,24600
1/10/2010,24600
1/11/2010,24500
1/12/2010,24250
1/13/2010,24350
1/14/2010,24400
1/15/2010,24400
1/16/2010,24400
1/17/2010,24400
1/18/2010,24400
1/19/2010,24100
1/20/2010,24000
1/21/2010,23700
1/22/2010,23500
1/23/2010,23500
1/24/2010,23500
1/25/2010,23800
1/26/2010,23950
1/27/2010,23850
1/28/2010,23800
1/29/2010,23700
1/30/2010,23700
1/31/2010,23700
2/1/2010,23700
2/2/2010,23700
2/3/2010,23850
2/4/2010,23700
2/5/2010,23500
2/6/2010,23500
2/7/2010,23500
2/8/2010,23300
2/9/2010,23300
2/10/2010,23350
2/11/2010,23200
2/12/2010,23200
2/13/2010,23200
2/14/2010,23200
2/15/2010,23200
2/16/2010,23200
2/17/2010,23200
2/18/2010,23200
2/19/2010,23200
2/20/2010,23200
2/21/2010,23200
2/22/2010,23200
2/23/2010,22500
2/24/2010,22500
2/25/2010,22800
2/26/2010,22650
2/27/2010,23100
2/28/2010,23100
3/1/2010,23100
3/2/2010,23400
3/3/2010,23200
3/4/2010,23200
3/5/2010,22700
3/6/2010,22700
3/7/2010,22700
3/8/2010,22600
3/9/2010,22500
3/10/2010,23000
3/11/2010,22800
3/12/2010,22800
3/13/2010,22800
3/14/2010,22800
3/15/2010,22800
3/16/2010,22700
3/17/2010,22800
3/18/2010,23000
3/19/2010,23300
3/20/2010,23300
3/21/2010,23300
3/22/2010,23200
3/23/2010,23400
3/24/2010,23600
3/25/2010,23600
3/26/2010,24300
3/27/2010,24300
3/28/2010,24300
3/29/2010,24300
3/30/2010,24600
3/31/2010,24500
4/1/2010,24500
4/2/2010,24500
4/3/2010,24500
4/4/2010,24500
4/5/2010,24500
4/6/2010,24500
4/7/2010,24500
4/8/2010,24500
4/9/2010,24500
4/10/2010,24500
4/11/2010,24500
4/12/2010,24400
4/13/2010,24400
4/14/2010,24400
4/15/2010,24400
4/16/2010,24400
4/17/2010,24400
4/18/2010,24400
4/19/2010,24400
4/20/2010,24000
4/21/2010,23700
4/22/2010,23500
4/23/2010,23500
4/24/2010,23500
4/25/2010,23500
4/26/2010,23900
4/27/2010,23900
4/28/2010,23000
4/29/2010,23500
4/30/2010,23500
5/1/2010,23500
5/2/2010,23500
5/3/2010,23500
5/4/2010,24000
5/5/2010,24600
5/6/2010,24500
5/7/2010,24200
5/8/2010,24200
5/9/2010,24200
5/10/2010,24600
5/11/2010,24800
5/12/2010,24950
5/13/2010,25000
5/14/2010,24900
5/15/2010,24900
5/16/2010,24900
5/17/2010,24500
5/18/2010,24200
5/19/2010,24400
5/20/2010,23900
5/21/2010,23900
5/22/2010,23900
5/23/2010,23900
5/24/2010,24100
5/25/2010,24000
5/26/2010,24000
5/27/2010,24100
5/28/2010,24100
5/29/2010,24100
5/30/2010,24100
5/31/2010,24200
6/1/2010,24200
6/2/2010,24400
6/3/2010,24300
6/4/2010,24400
6/5/2010,24400
6/6/2010,24400
6/7/2010,24400
6/8/2010,24400
6/9/2010,24500
6/10/2010,25000
6/11/2010,25500
6/12/2010,25500
6/13/2010,25500
6/14/2010,25900
6/15/2010,26300
6/16/2010,26400
6/17/2010,26400
6/18/2010,26200
6/19/2010,26200
6/20/2010,26200
6/21/2010,26600
6/22/2010,26600
6/23/2010,26600
6/24/2010,26750
6/25/2010,27600
6/26/2010,27600
6/27/2010,27600
6/28/2010,28500
6/29/2010,28900
6/30/2010,28800
7/1/2010,29200
7/2/2010,29700
7/3/2010,29700
7/4/2010,29700
7/5/2010,29800
7/6/2010,29400
7/7/2010,28500
7/8/2010,28700
7/9/2010,29200
7/10/2010,29200
7/11/2010,29200
7/12/2010,29200
7/13/2010,29100
7/14/2010,29300
7/15/2010,29500
7/16/2010,30000
7/17/2010,30000
7/18/2010,30000
7/19/2010,30100
7/20/2010,29450
7/21/2010,28000
7/22/2010,28700
7/23/2010,28900
7/24/2010,28900
7/25/2010,28900
7/26/2010,29500
7/27/2010,29400
7/28/2010,29200
7/29/2010,29600
7/30/2010,30100
7/31/2010,30100
8/1/2010,30100
8/2/2010,30800
8/3/2010,30000
8/4/2010,29200
8/5/2010,29500
8/6/2010,29500
8/7/2010,29200
8/8/2010,29200
8/9/2010,29500
8/10/2010,29400
8/11/2010,29200
8/12/2010,29200
8/13/2010,29550
8/14/2010,29550
8/15/2010,29550
8/16/2010,29600
8/17/2010,29800
8/18/2010,30000
8/19/2010,29600
8/20/2010,29600
8/21/2010,29600
8/22/2010,29600
8/23/2010,30400
8/24/2010,30300
8/25/2010,28200
8/26/2010,27400
8/27/2010,27600
8/28/2010,27600
8/29/2010,27600
8/30/2010,28300
8/31/2010,28300
9/1/2010,28400
9/2/2010,28400
9/3/2010,28400
9/4/2010,28200
9/5/2010,28200
9/6/2010,28500
9/7/2010,28100
9/8/2010,28400
9/9/2010,28700
9/10/2010,28100
9/11/2010,27800
9/12/2010,27800
9/13/2010,28000
9/14/2010,27700
9/15/2010,28200
9/16/2010,28550
9/17/2010,29100
9/18/2010,29400
9/19/2010,29400
9/20/2010,29400
9/21/2010,29266.67
9/22/2010,29400
9/23/2010,29850
9/24/2010,30450
9/25/2010,30200
9/26/2010,30200
9/27/2010,30300
9/28/2010,30400
9/29/2010,30900
9/30/2010,30450
10/1/2010,30150
10/2/2010,30100
10/3/2010,30100
10/4/2010,30200
10/5/2010,28700
10/6/2010,28775
10/7/2010,28650
10/8/2010,28550
10/9/2010,29100
10/10/2010,29100
10/11/2010,29100
10/12/2010,28800
10/13/2010,29050
10/14/2010,28966.67
10/15/2010,28950
10/16/2010,28900
10/17/2010,28900
10/18/2010,28900
10/19/2010,28900
10/20/2010,29950
10/21/2010,31450
10/22/2010,32066.67
10/23/2010,31200
10/24/2010,31200
10/25/2010,31900
10/26/2010,31750
10/27/2010,32050
10/28/2010,33500
10/29/2010,33233.33
10/30/2010,33233.33
10/31/2010,33233.33
11/1/2010,33600
11/2/2010,32900
11/3/2010,33083.33
11/4/2010,33000
11/5/2010,34400
11/6/2010,34300
11/7/2010,34300
11/8/2010,34200
11/9/2010,35350
11/10/2010,35500
11/11/2010,34750
11/12/2010,34650
11/13/2010,34300
11/14/2010,34300
11/15/2010,34300
11/16/2010,34500
11/17/2010,34000
11/18/2010,34066.67
11/19/2010,34700
11/20/2010,35100
11/21/2010,35100
11/22/2010,35200
11/23/2010,34050
11/24/2010,34166.67
11/25/2010,34133.33
11/26/2010,33800
11/27/2010,34000
11/28/2010,34000
11/29/2010,34100
11/30/2010,33600
12/1/2010,33750
12/2/2010,33900
12/3/2010,34900
12/4/2010,34900
12/5/2010,34900
12/6/2010,35000
12/7/2010,35000
12/8/2010,35000
12/9/2010,35000
12/10/2010,35000
12/11/2010,35000
12/12/2010,35000
12/13/2010,35000
12/14/2010,35000
12/15/2010,35000
12/16/2010,35000
12/17/2010,35000
12/18/2010,35000
12/19/2010,35000
12/20/2010,35000
12/21/2010,35000
12/22/2010,35000
12/23/2010,35000
12/24/2010,35000
12/25/2010,35000
12/26/2010,35000
12/27/2010,35000
12/28/2010,35700
12/29/2010,35800
12/30/2010,36200
12/31/2010,37200
1/1/2011,37200
1/2/2011,37200
1/3/2011,37200
1/4/2011,37200
1/5/2011,37200
1/6/2011,37200
1/7/2011,37200
1/8/2011,37200
1/9/2011,37200
1/10/2011,37200
1/11/2011,37200
1/12/2011,37200
1/13/2011,37200
1/14/2011,37200
1/15/2011,37200
1/16/2011,37200
1/17/2011,37200
1/18/2011,37200
1/19/2011,37200
1/20/2011,37200
1/21/2011,37200
1/22/2011,37200
1/23/2011,37200
1/24/2011,37200
1/25/2011,37200
1/26/2011,37200
1/27/2011,37200
1/28/2011,37200
1/29/2011,37200
1/30/2011,37200
1/31/2011,37200
2/1/2011,37200
2/2/2011,37200
2/3/2011,37200
2/4/2011,37200
2/5/2011,37200
2/6/2011,37200
2/7/2011,37200
2/8/2011,37200
2/9/2011,37200
2/10/2011,37200
2/11/2011,37200
2/12/2011,37200
2/13/2011,37200
2/14/2011,37200
2/15/2011,37200
2/16/2011,37200
2/17/2011,37200
2/18/2011,37200
2/19/2011,37200
2/20/2011,37200
2/21/2011,37200
2/22/2011,37200
2/23/2011,37200
2/24/2011,37200
2/25/2011,37200
2/26/2011,37200
2/27/2011,37200
2/28/2011,37200
3/1/2011,37200
3/2/2011,37200
3/3/2011,37200
3/4/2011,37200
3/5/2011,37200
3/6/2011,37200
3/7/2011,37200
3/8/2011,37200
3/9/2011,37200
3/10/2011,37200
3/11/2011,37200
3/12/2011,37200
3/13/2011,37200
3/14/2011,37200
3/15/2011,37200
3/16/2011,37200
3/17/2011,37200
3/18/2011,37200
3/19/2011,37200
3/20/2011,37200
3/21/2011,37200
3/22/2011,37200
3/23/2011,37200
3/24/2011,37200
3/25/2011,37200
3/26/2011,37200
3/27/2011,37200
3/28/2011,37200
3/29/2011,48100
3/30/2011,48100
3/31/2011,48100
4/1/2011,48100
4/2/2011,48100
4/3/2011,48100
4/4/2011,48100
4/5/2011,48100
4/6/2011,45800
4/7/2011,45800
4/8/2011,45800
4/9/2011,45800
4/10/2011,45800
4/11/2011,45800
4/12/2011,45800
4/13/2011,45800
4/14/2011,45800
4/15/2011,45800
4/16/2011,45800
4/17/2011,45800
4/18/2011,45800
4/19/2011,45800
4/20/2011,45800
4/21/2011,45800
4/22/2011,45800
4/23/2011,45800
4/24/2011,45800
4/25/2011,45800
4/26/2011,45800
4/27/2011,47800
4/28/2011,47800
4/29/2011,47800
4/30/2011,47800
5/1/2011,47800
5/2/2011,47800
5/3/2011,47800
5/4/2011,50000
5/5/2011,49700
5/6/2011,49700
5/7/2011,49700
5/8/2011,49700
5/9/2011,49700
5/10/2011,50050
5/11/2011,49900
5/12/2011,49900
5/13/2011,48800
5/14/2011,48800
5/15/2011,48800
5/16/2011,48800
5/17/2011,48500
5/18/2011,49500
5/19/2011,49400
5/20/2011,49700
5/21/2011,49700
5/22/2011,49700
5/23/2011,50000
5/24/2011,49900
5/25/2011,50300
5/26/2011,51200
5/27/2011,51500
5/28/2011,51500
5/29/2011,51500
5/30/2011,51400
5/31/2011,51400
6/1/2011,51600
6/2/2011,53300
6/3/2011,50500
6/4/2011,50500
6/5/2011,50500
6/6/2011,50200
6/7/2011,49100
6/8/2011,49700
6/9/2011,49900
6/10/2011,50200
6/11/2011,50200
6/12/2011,50200
6/13/2011,50250
6/14/2011,50000
6/15/2011,48700
6/16/2011,49500
6/17/2011,49400
6/18/2011,48600
6/19/2011,48500
6/20/2011,49100
6/21/2011,47900
6/22/2011,48300
6/23/2011,47800
6/24/2011,47800
6/25/2011,49000
6/26/2011,49000
6/27/2011,49500
6/28/2011,50000
6/29/2011,50400
6/30/2011,50250
7/1/2011,51200
7/2/2011,50800
7/3/2011,50800
7/4/2011,50800
7/5/2011,50700
7/6/2011,50700
7/7/2011,50700
7/8/2011,50700
7/9/2011,50300
7/10/2011,50300
7/11/2011,50300
7/12/2011,48900
7/13/2011,48600
7/14/2011,49200
7/15/2011,48900
7/16/2011,48500
7/17/2011,48500
7/18/2011,48500
7/19/2011,48100
7/20/2011,46500
7/21/2011,46000
7/22/2011,44500
7/23/2011,45500
7/24/2011,45500
7/25/2011,45700
7/26/2011,47100
7/27/2011,47500
7/28/2011,46700
7/29/2011,46200
7/30/2011,46300
7/31/2011,46300
8/1/2011,46300
8/2/2011,46500
8/3/2011,46900
8/4/2011,46600
8/5/2011,46250
8/6/2011,46000
8/7/2011,46000
8/8/2011,46000
8/9/2011,45800
8/10/2011,46800
8/11/2011,47100
8/12/2011,48150
8/13/2011,48500
8/14/2011,48500
8/15/2011,48200
8/16/2011,49000
8/17/2011,49700
8/18/2011,49950
8/19/2011,49700
8/20/2011,49200
8/21/2011,49200
8/22/2011,49200
8/23/2011,50000
8/24/2011,51000
8/25/2011,50800
8/26/2011,50600
8/27/2011,50600
8/28/2011,50600
8/29/2011,50200
8/30/2011,50300
8/31/2011,50200
9/1/2011,49900
9/2/2011,49600
9/3/2011,48800
9/4/2011,48800
9/5/2011,48800
9/6/2011,48100
9/7/2011,47200
9/8/2011,47200
9/9/2011,47500
9/10/2011,47200
9/11/2011,47200
9/12/2011,48100
9/13/2011,47300
9/14/2011,46500
9/15/2011,45600
9/16/2011,45050
9/17/2011,46100
9/18/2011,46100
9/19/2011,46100
9/20/2011,46450
9/21/2011,46550
9/22/2011,45100
9/23/2011,44800
9/24/2011,43600
9/25/2011,43600
9/26/2011,48800
9/27/2011,43650
9/28/2011,44250
9/29/2011,44250
9/30/2011,44500
10/1/2011,44300
10/2/2011,44300
10/3/2011,44300
10/4/2011,43300
10/5/2011,44500
10/6/2011,44250
10/7/2011,44300
10/8/2011,43400
10/9/2011,43400
10/10/2011,43400
10/11/2011,43300
10/12/2011,42650
10/13/2011,42500
10/14/2011,42950
10/15/2011,43700
10/16/2011,43700
10/17/2011,43400
10/18/2011,42500
10/19/2011,41700
10/20/2011,41500
10/21/2011,40500
10/22/2011,41500
10/23/2011,41500
10/24/2011,41500
10/25/2011,41650
10/26/2011,40600
10/27/2011,40700
10/28/2011,40950
10/29/2011,40500
10/30/2011,40500
10/31/2011,40500
11/1/2011,38700
11/2/2011,38700
11/3/2011,37300
11/4/2011,37300
11/5/2011,37300
11/6/2011,37300
11/7/2011,37300
11/8/2011,37300
11/9/2011,37300
11/10/2011,37300
11/11/2011,37300
11/12/2011,37300
11/13/2011,37300
11/14/2011,37300
11/15/2011,37300
11/16/2011,37300
11/17/2011,37300
11/18/2011,37300
11/19/2011,38400
11/20/2011,38400
11/21/2011,38400
11/22/2011,38200
11/23/2011,38500
11/24/2011,38500
11/25/2011,38700
11/26/2011,38800
11/27/2011,38800
11/28/2011,38800
11/29/2011,38800
11/30/2011,38800
12/1/2011,40000
12/2/2011,40600
12/3/2011,40600
12/4/2011,40600
12/5/2011,40500
12/6/2011,40900
12/7/2011,41000
12/8/2011,40000
12/9/2011,39200
12/10/2011,39200
12/11/2011,39200
12/12/2011,39200
12/13/2011,39200
12/14/2011,39200
12/15/2011,39200
12/16/2011,39200
12/17/2011,39200
12/18/2011,39200
12/19/2011,39300
12/20/2011,39300
12/21/2011,39300
12/22/2011,39300
12/23/2011,39300
12/24/2011,39300
12/25/2011,39300
12/26/2011,39300
12/27/2011,39300
12/28/2011,39300
12/29/2011,39300
12/30/2011,39300
12/31/2011,39300
1/1/2012,39300
1/2/2012,39300
1/3/2012,39300
1/4/2012,39300
1/5/2012,39300
1/6/2012,39300
1/7/2012,39300
1/8/2012,39300
1/9/2012,39300
1/10/2012,39300
1/11/2012,39300
1/12/2012,39300
1/13/2012,39300
1/14/2012,39300
1/15/2012,39300
1/16/2012,39300
1/17/2012,39300
1/18/2012,39300
1/19/2012,39300
1/20/2012,39300
1/21/2012,39300
1/22/2012,39300
1/23/2012,39300
1/24/2012,39300
1/25/2012,39300
1/26/2012,39300
1/27/2012,39300
1/28/2012,39300
1/29/2012,39300
1/30/2012,39300
1/31/2012,39300
2/1/2012,39300
2/2/2012,39300
2/3/2012,39300
2/4/2012,39300
2/5/2012,39300
2/6/2012,36700
2/7/2012,36700
2/8/2012,37300
2/9/2012,37450
2/10/2012,38600
2/11/2012,38500
2/12/2012,38500
2/13/2012,38600
2/14/2012,38700
2/15/2012,38700
2/16/2012,39000
2/17/2012,39450
2/18/2012,39300
2/19/2012,39300
2/20/2012,39650
2/21/2012,39300
2/22/2012,39100
2/23/2012,39100
2/24/2012,39100
2/25/2012,39100
2/26/2012,39100
2/27/2012,39100
2/28/2012,39100
2/29/2012,39100
3/1/2012,39100
3/2/2012,39400
3/3/2012,39400
3/4/2012,39400
3/5/2012,39400
3/6/2012,39300
3/7/2012,38700
3/8/2012,39700
3/9/2012,40500
3/10/2012,39900
3/11/2012,39900
3/12/2012,39900
3/13/2012,39100
3/14/2012,39000
3/15/2012,39200
3/16/2012,39600
3/17/2012,39600
3/18/2012,39600
3/19/2012,39600
3/20/2012,39500
3/21/2012,39600
3/22/2012,39700
3/23/2012,39700
3/24/2012,39700
3/25/2012,39700
3/26/2012,39700
3/27/2012,39700
3/28/2012,39700
3/29/2012,39700
3/30/2012,39700
3/31/2012,39700
4/1/2012,39700
4/2/2012,39700
4/3/2012,40050
4/4/2012,39750
4/5/2012,39400
4/6/2012,39300
4/7/2012,39300
4/8/2012,39300
4/9/2012,39300
4/10/2012,39300
4/11/2012,39000
4/12/2012,39000
4/13/2012,39000
4/14/2012,39000
4/15/2012,39000
4/16/2012,39000
4/17/2012,39000
4/18/2012,39000
4/19/2012,39800
4/20/2012,39800
4/21/2012,39800
4/22/2012,39800
4/23/2012,39800
4/24/2012,40000
4/25/2012,40300
4/26/2012,40300
4/27/2012,40300
4/28/2012,40300
4/29/2012,40300
4/30/2012,40300
5/1/2012,40300
5/2/2012,40300
5/3/2012,40300
5/4/2012,39200
5/5/2012,39800
5/6/2012,39800
5/7/2012,39800
5/8/2012,39800
5/9/2012,40100
5/10/2012,40100
5/11/2012,40900
5/12/2012,41100
5/13/2012,41100
5/14/2012,41100
5/15/2012,41200
5/16/2012,41800
5/17/2012,42000
5/18/2012,42000
5/19/2012,42500
5/20/2012,42500
5/21/2012,42500
5/22/2012,42500
5/23/2012,42300
5/24/2012,42100
5/25/2012,42950
5/26/2012,43100
5/27/2012,43100
5/28/2012,43100
5/29/2012,43800
5/30/2012,43700
5/31/2012,43300
6/1/2012,42750
6/2/2012,42500
6/3/2012,42500
6/4/2012,42350
6/5/2012,42500
6/6/2012,42500
6/7/2012,42800
6/8/2012,42000
6/9/2012,41400
6/10/2012,41400
6/11/2012,41400
6/12/2012,41250
6/13/2012,41400
6/14/2012,42000
6/15/2012,42100
6/16/2012,42600
6/17/2012,42600
6/18/2012,42600
6/19/2012,42200
6/20/2012,42550
6/21/2012,42350
6/22/2012,42250
6/23/2012,42000
6/24/2012,42000
6/25/2012,41600
6/26/2012,42100
6/27/2012,42800
6/28/2012,43200
6/29/2012,43000
6/30/2012,43800
7/1/2012,43800
7/2/2012,43800
7/3/2012,43800
7/4/2012,43800
7/5/2012,43800
7/6/2012,43800
7/7/2012,43800
7/8/2012,43800
7/9/2012,43800
7/10/2012,43800
7/11/2012,43800
7/12/2012,41200
7/13/2012,41000
7/14/2012,41000
7/15/2012,41000
7/16/2012,42700
7/17/2012,43100
7/18/2012,43000
7/19/2012,42950
7/20/2012,44400
7/21/2012,44200
7/22/2012,44200
7/23/2012,44100
7/24/2012,43250
7/25/2012,42850
7/26/2012,42700
7/27/2012,43800
7/28/2012,44100
7/29/2012,44100
7/30/2012,43750
7/31/2012,43600
8/1/2012,43800
8/2/2012,43800
8/3/2012,43500
8/4/2012,43500
8/5/2012,43500
8/6/2012,43500
8/7/2012,43500
8/8/2012,43200
8/9/2012,43200
8/10/2012,42800
8/11/2012,42800
8/12/2012,42800
8/13/2012,42800
8/14/2012,42200
8/15/2012,41300
8/16/2012,41100
8/17/2012,41500
8/18/2012,41700
8/19/2012,41700
8/20/2012,41900
8/21/2012,42000
8/22/2012,42200
8/23/2012,41800
8/24/2012,41300
8/25/2012,41800
8/26/2012,41800
8/27/2012,42000
8/28/2012,41700
8/29/2012,42200
8/30/2012,42100
8/31/2012,42000
9/1/2012,42300
9/2/2012,42300
9/3/2012,42300
9/4/2012,42600
9/5/2012,42400
9/6/2012,41900
9/7/2012,41500
9/8/2012,42000
9/9/2012,42000
9/10/2012,42100
9/11/2012,42200
9/12/2012,42300
9/13/2012,42400
9/14/2012,42500
9/15/2012,42500
9/16/2012,42500
9/17/2012,42500
9/18/2012,42100
9/19/2012,41500
9/20/2012,41400
9/21/2012,41600
9/22/2012,42200
9/23/2012,42200
9/24/2012,42100
9/25/2012,42100
9/26/2012,42600
9/27/2012,42600
9/28/2012,43000
9/29/2012,42900
9/30/2012,42900
10/1/2012,43000
10/2/2012,42900
10/3/2012,43200
10/4/2012,42800
10/5/2012,42300
10/6/2012,41700
10/7/2012,41700
10/8/2012,41700
10/9/2012,41300
10/10/2012,41350
10/11/2012,41700
10/12/2012,41200
10/13/2012,40800
10/14/2012,40800
10/15/2012,40800
10/16/2012,40600
10/17/2012,40900
10/18/2012,40900
10/19/2012,40800
10/20/2012,41600
10/21/2012,41600
10/22/2012,41600
10/23/2012,41500
10/24/2012,40600
10/25/2012,40500
10/26/2012,40466.67
10/27/2012,40000
10/28/2012,40000
10/29/2012,39900
10/30/2012,39800
10/31/2012,39300
11/1/2012,39100
11/2/2012,39300
11/3/2012,39200
11/4/2012,39200
11/5/2012,39200
11/6/2012,38700
11/7/2012,38200
11/8/2012,38400
11/9/2012,39000
11/10/2012,39200
11/11/2012,39200
11/12/2012,39100
11/13/2012,39150
11/14/2012,37900
11/15/2012,38100
11/16/2012,38100
11/17/2012,38000
11/18/2012,38000
11/19/2012,38000
11/20/2012,37900
11/21/2012,37450
11/22/2012,37200
11/23/2012,37400
11/24/2012,37300
11/25/2012,37300
11/26/2012,37300
11/27/2012,37300
11/28/2012,37300
11/29/2012,38400
11/30/2012,38550
12/1/2012,38200
12/2/2012,38200
12/3/2012,38200
12/4/2012,38100
12/5/2012,37600
12/6/2012,37800
12/7/2012,38150
12/8/2012,38200
12/9/2012,38200
12/10/2012,38200
12/11/2012,37800
12/12/2012,38100
12/13/2012,38200
12/14/2012,38200
12/15/2012,38000
12/16/2012,38000
12/17/2012,38000
12/18/2012,37400
12/19/2012,37200
12/20/2012,37700
12/21/2012,38000
12/22/2012,38100
12/23/2012,38100
12/24/2012,38100
12/25/2012,38200
12/26/2012,38300
12/27/2012,38300
12/28/2012,38300
12/29/2012,38300
12/30/2012,38300
12/31/2012,38300
1/1/2013,38600
1/2/2013,38600
1/3/2013,38700
1/4/2013,39100
1/5/2013,39200
1/6/2013,39200
1/7/2013,38850
1/8/2013,39400
1/9/2013,39400
1/10/2013,39400
1/11/2013,39400
1/12/2013,39400
1/13/2013,39400
1/14/2013,39400
1/15/2013,39400
1/16/2013,39400
1/17/2013,39400
1/18/2013,39400
1/19/2013,39400
1/20/2013,39400
1/21/2013,39400
1/22/2013,39400
1/23/2013,39400
1/24/2013,39400
1/25/2013,39400
1/26/2013,39400
1/27/2013,39400
1/28/2013,39400
1/29/2013,39400
1/30/2013,39400
1/31/2013,39400
2/1/2013,39400
2/2/2013,39400
2/3/2013,39400
2/4/2013,39400
2/5/2013,39400
2/6/2013,39400
2/7/2013,39400
2/8/2013,39400
2/9/2013,39400
2/10/2013,39400
2/11/2013,39400
2/12/2013,39400
2/13/2013,40700
2/14/2013,40600
2/15/2013,40100
2/16/2013,40100
2/17/2013,40100
2/18/2013,40100
2/19/2013,40100
2/20/2013,39900
2/21/2013,41000
2/22/2013,41100
2/23/2013,41500
2/24/2013,41500
2/25/2013,41200
2/26/2013,41500
2/27/2013,41700
2/28/2013,41900
3/1/2013,42100
3/2/2013,42500
3/3/2013,42500
3/4/2013,43000
3/5/2013,43200
3/6/2013,42700
3/7/2013,43100
3/8/2013,43800
3/9/2013,44300
3/10/2013,44400
3/11/2013,44400
3/12/2013,44600
3/13/2013,45000
3/14/2013,45000
3/15/2013,44400
3/16/2013,45000
3/17/2013,45000
3/18/2013,45400
3/19/2013,45200
3/20/2013,45000
3/21/2013,44900
3/22/2013,45000
3/23/2013,44800
3/24/2013,44800
3/25/2013,44800
3/26/2013,44500
3/27/2013,44000
3/28/2013,43450
3/29/2013,43400
3/30/2013,43400
3/31/2013,43400
4/1/2013,43400
4/2/2013,43400
4/3/2013,43100
4/4/2013,43600
4/5/2013,43100
4/6/2013,43000
4/7/2013,43000
4/8/2013,43000
4/9/2013,43000
4/10/2013,42700
4/11/2013,42600
4/12/2013,42900
4/13/2013,43300
4/14/2013,43300
4/15/2013,43300
4/16/2013,43200
4/17/2013,43400
4/18/2013,43500
4/19/2013,43700
4/20/2013,43800
4/21/2013,43800
4/22/2013,43800
4/23/2013,43700
4/24/2013,42500
4/25/2013,42200
4/26/2013,42100
4/27/2013,42500
4/28/2013,42500
4/29/2013,42500
4/30/2013,42600
5/1/2013,42600
5/2/2013,42500
5/3/2013,42900
5/4/2013,42900
5/5/2013,42900
5/6/2013,42900
5/7/2013,42900
5/8/2013,42700
5/9/2013,42600
5/10/2013,43300
5/11/2013,43100
5/12/2013,43100
5/13/2013,43100
5/14/2013,43500
5/15/2013,43400
5/16/2013,43700
5/17/2013,43500
5/18/2013,43300
5/19/2013,43300
5/20/2013,43300
5/21/2013,42700
5/22/2013,42800
5/23/2013,42600
5/24/2013,42400
5/25/2013,41800
5/26/2013,41800
5/27/2013,41800
5/28/2013,41800
5/29/2013,41200
5/30/2013,40600
5/31/2013,40500
6/1/2013,40900
6/2/2013,40900
6/3/2013,41000
6/4/2013,40900
6/5/2013,40700
6/6/2013,40400
6/7/2013,40600
6/8/2013,40200
6/9/2013,40200
6/10/2013,40200
6/11/2013,40200
6/12/2013,39900
6/13/2013,38700
6/14/2013,37900
6/15/2013,38600
6/16/2013,38600
6/17/2013,38500
6/18/2013,38400
6/19/2013,38500
6/20/2013,39100
6/21/2013,38100
6/22/2013,38200
6/23/2013,38200
6/24/2013,38100
6/25/2013,38200
6/26/2013,38000
6/27/2013,37500
6/28/2013,37400
6/29/2013,36900
6/30/2013,36900
7/1/2013,36900
7/2/2013,37400
7/3/2013,38100
7/4/2013,38000
7/5/2013,38300
7/6/2013,38100
7/7/2013,38100
7/8/2013,38050
7/9/2013,38400
7/10/2013,39300
7/11/2013,39200
7/12/2013,39750
7/13/2013,39500
7/14/2013,39500
7/15/2013,39800
7/16/2013,40400
7/17/2013,41200
7/18/2013,41300
7/19/2013,41700
7/20/2013,41600
7/21/2013,41600
7/22/2013,41400
7/23/2013,41000
7/24/2013,40800
7/25/2013,40100
7/26/2013,40300
7/27/2013,40500
7/28/2013,40500
7/29/2013,40500
7/30/2013,40100
7/31/2013,39700
8/1/2013,39600
8/2/2013,39400
8/3/2013,39700
8/4/2013,39700
8/5/2013,39700
8/6/2013,40000
8/7/2013,39800
8/8/2013,40100
8/9/2013,40500
8/10/2013,41000
8/11/2013,41000
8/12/2013,41000
8/13/2013,41200
8/14/2013,40400
8/15/2013,40700
8/16/2013,40300
8/17/2013,40000
8/18/2013,40000
8/19/2013,39900
8/20/2013,39200
8/21/2013,39200
8/22/2013,39200
8/23/2013,39200
8/24/2013,37600
8/25/2013,37600
8/26/2013,37600
8/27/2013,37500
8/28/2013,37500
8/29/2013,37300
8/30/2013,37200
8/31/2013,37400
9/1/2013,37400
9/2/2013,37400
9/3/2013,37000
9/4/2013,37400
9/5/2013,37200
9/6/2013,37000
9/7/2013,37100
9/8/2013,37100
9/9/2013,37100
9/10/2013,37000
9/11/2013,36800
9/12/2013,37200
9/13/2013,36800
9/14/2013,36800
9/15/2013,36800
9/16/2013,36900
9/17/2013,36700
9/18/2013,36500
9/19/2013,36000
9/20/2013,36200
9/21/2013,36100
9/22/2013,36100
9/23/2013,36100
9/24/2013,36400
9/25/2013,36700
9/26/2013,36900
9/27/2013,36100
9/28/2013,35200
9/29/2013,35200
9/30/2013,35200
10/1/2013,35800
10/2/2013,35700
10/3/2013,36100
10/4/2013,36300
10/5/2013,36400
10/6/2013,36400
10/7/2013,36200
10/8/2013,36200
10/9/2013,35900
10/10/2013,36300
10/11/2013,36500
10/12/2013,36400
10/13/2013,36400
10/14/2013,37400
10/15/2013,36400
10/16/2013,35200
10/17/2013,34700
10/18/2013,34300
10/19/2013,34200
10/20/2013,34200
10/21/2013,34200
10/22/2013,33700
10/23/2013,33800
10/24/2013,33800
10/25/2013,33400
10/26/2013,32400
10/27/2013,32400
10/28/2013,33800
10/29/2013,30900
10/30/2013,30500
10/31/2013,30600
11/1/2013,29800
11/2/2013,30000
11/3/2013,30000
11/4/2013,30000
11/5/2013,29900
11/6/2013,29800
11/7/2013,29400
11/8/2013,29600
11/9/2013,30000
11/10/2013,30000
11/11/2013,30000
11/12/2013,30500
11/13/2013,30500
11/14/2013,30000
11/15/2013,29600
11/16/2013,30800
11/17/2013,30800
11/18/2013,30500
11/19/2013,31500
11/20/2013,31400
11/21/2013,31700
11/22/2013,32100
11/23/2013,31600
11/24/2013,31600
11/25/2013,31600
11/26/2013,31100
11/27/2013,32100
11/28/2013,32300
11/29/2013,32500
11/30/2013,32900
12/1/2013,32900
12/2/2013,32900
12/3/2013,33300
12/4/2013,33300
12/5/2013,33300
12/6/2013,33300
12/7/2013,33300
12/8/2013,33300
12/9/2013,33300
12/10/2013,33300
12/11/2013,33300
12/12/2013,33300
12/13/2013,33300
12/14/2013,33300
12/15/2013,33300
12/16/2013,33300
12/17/2013,33300
12/18/2013,33300
12/19/2013,33300
12/20/2013,33300
12/21/2013,33300
12/22/2013,33300
12/23/2013,33300
12/24/2013,33300
12/25/2013,33300
12/26/2013,33300
12/27/2013,33300
12/28/2013,33300
12/29/2013,33300
12/30/2013,33300
12/31/2013,33300
1/1/2014,33300
1/2/2014,33300
1/3/2014,33300
1/4/2014,33400
1/5/2014,33400
1/6/2014,33400
1/7/2014,34400
1/8/2014,34600
1/9/2014,34600
1/10/2014,34800
1/11/2014,34900
1/12/2014,34900
1/13/2014,34900
1/14/2014,35100
1/15/2014,35100
1/16/2014,35100
1/17/2014,35100
1/18/2014,33700
1/19/2014,33700
1/20/2014,33700
1/21/2014,33800
1/22/2014,33400
1/23/2014,33100
1/24/2014,33500
1/25/2014,33400
1/26/2014,33400
1/27/2014,33400
1/28/2014,33600
1/29/2014,33600
1/30/2014,33800
1/31/2014,33800
2/1/2014,34400
2/2/2014,34400
2/3/2014,34400
2/4/2014,35900
2/5/2014,34700
2/6/2014,35900
2/7/2014,35700
2/8/2014,34500
2/9/2014,34500
2/10/2014,34500
2/11/2014,34700
2/12/2014,35000
2/13/2014,35150
2/14/2014,35300
2/15/2014,35000
2/16/2014,35000
2/17/2014,35200
2/18/2014,35200
2/19/2014,36300
2/20/2014,37700
2/21/2014,37600
2/22/2014,37600
2/23/2014,37600
2/24/2014,37600
2/25/2014,38400
2/26/2014,38600
2/27/2014,38300
2/28/2014,38750
3/1/2014,39000
3/2/2014,39000
3/3/2014,39200
3/4/2014,40100
3/5/2014,39700
3/6/2014,39500
3/7/2014,39600
3/8/2014,39900
3/9/2014,39900
3/10/2014,40000
3/11/2014,40650
3/12/2014,41800
3/13/2014,41900
3/14/2014,41600
3/15/2014,41300
3/16/2014,41300
3/17/2014,41500
3/18/2014,41200
3/19/2014,40800
3/20/2014,40400
3/21/2014,39300
3/22/2014,39200
3/23/2014,39200
3/24/2014,39000
3/25/2014,39500
3/26/2014,39300
3/27/2014,39400
3/28/2014,39500
3/29/2014,39900
3/30/2014,39900
3/31/2014,39600
4/1/2014,39950
4/2/2014,39650
4/3/2014,39150
4/4/2014,39050
4/5/2014,40200
4/6/2014,40200
4/7/2014,39750
4/8/2014,41200
4/9/2014,42200
4/10/2014,41300
4/11/2014,41600
4/12/2014,41400
4/13/2014,41400
4/14/2014,41650
4/15/2014,41300
4/16/2014,41400
4/17/2014,41400
4/18/2014,41000
4/19/2014,41000
4/20/2014,41000
4/21/2014,41000
4/22/2014,40900
4/23/2014,41300
4/24/2014,41300
4/25/2014,41200
4/26/2014,41300
4/27/2014,41300
4/28/2014,41300
4/29/2014,40800
4/30/2014,41000
5/1/2014,41600
5/2/2014,41700
5/3/2014,41100
5/4/2014,41100
5/5/2014,41100
5/6/2014,41100
5/7/2014,41000
5/8/2014,40900
5/9/2014,40700
5/10/2014,40100
5/11/2014,40100
5/12/2014,40200
5/13/2014,40900
5/14/2014,40300
5/15/2014,40200
5/16/2014,40200
5/17/2014,39600
5/18/2014,39600
5/19/2014,39600
5/20/2014,39400
5/21/2014,39500
5/22/2014,39000
5/23/2014,39500
5/24/2014,39300
5/25/2014,39300
5/26/2014,39300
5/27/2014,39300
5/28/2014,38900
5/29/2014,37500
5/30/2014,38500
5/31/2014,38300
6/1/2014,38300
6/2/2014,38300
6/3/2014,38300
6/4/2014,38300
6/5/2014,38000
6/6/2014,38100
6/7/2014,38300
6/8/2014,38300
6/9/2014,38300
6/10/2014,37900
6/11/2014,37800
6/12/2014,39400
6/13/2014,39600
6/14/2014,40100
6/15/2014,40100
6/16/2014,40100
6/17/2014,40100
6/18/2014,39500
6/19/2014,39700
6/20/2014,39400
6/21/2014,40000
6/22/2014,40000
6/23/2014,40000
6/24/2014,39700
6/25/2014,39500
6/26/2014,40400
6/27/2014,40600
6/28/2014,40600
6/29/2014,40600
6/30/2014,40500
7/1/2014,40100
7/2/2014,40000
7/3/2014,40800
7/4/2014,41200
7/5/2014,41000
7/6/2014,41000
7/7/2014,40800
7/8/2014,40400
7/9/2014,40800
7/10/2014,40700
7/11/2014,39800
7/12/2014,39500
7/13/2014,39500
7/14/2014,39500
7/15/2014,40000
7/16/2014,39900
7/17/2014,39600
7/18/2014,39400
7/19/2014,39400
7/20/2014,39400
7/21/2014,39500
7/22/2014,39500
7/23/2014,39500
7/24/2014,39500
7/25/2014,39500
7/26/2014,39500
7/27/2014,39500
7/28/2014,39500
7/29/2014,39500
7/30/2014,39500
7/31/2014,39500
8/1/2014,41100
8/2/2014,40900
8/3/2014,40900
8/4/2014,40900
8/5/2014,39100
8/6/2014,39000
8/7/2014,38700
8/8/2014,38600
8/9/2014,38200
8/10/2014,38200
8/11/2014,38500
8/12/2014,39200
8/13/2014,38900
8/14/2014,39200
8/15/2014,38900
8/16/2014,39000
8/17/2014,39000
8/18/2014,39000
8/19/2014,38900
8/20/2014,37400
8/21/2014,38900
8/22/2014,39000
8/23/2014,39100
8/24/2014,39100
8/25/2014,39400
8/26/2014,39400
8/27/2014,40000
8/28/2014,40500
8/29/2014,40300
8/30/2014,40600
8/31/2014,40600
9/1/2014,40600
9/2/2014,41000
9/3/2014,41500
9/4/2014,40500
9/5/2014,41000
9/6/2014,40800
9/7/2014,40800
9/8/2014,40900
9/9/2014,40700
9/10/2014,40700
9/11/2014,39900
9/12/2014,39400
9/13/2014,39600
9/14/2014,39600
9/15/2014,39800
9/16/2014,39300
9/17/2014,39500
9/18/2014,39300
9/19/2014,39300
9/20/2014,38500
9/21/2014,38500
9/22/2014,38500
9/23/2014,38400
9/24/2014,38300
9/25/2014,38900
9/26/2014,38600
9/27/2014,38800
9/28/2014,38800
9/29/2014,39000
9/30/2014,38800
10/1/2014,39600
10/2/2014,40600
10/3/2014,40700
10/4/2014,41000
10/5/2014,41000
10/6/2014,41000
10/7/2014,42100
10/8/2014,42300
10/9/2014,41800
10/10/2014,42300
10/11/2014,41900
10/12/2014,41900
10/13/2014,41800
10/14/2014,42000
10/15/2014,41700
10/16/2014,41600
10/17/2014,41600
10/18/2014,40900
10/19/2014,40900
10/20/2014,41000
10/21/2014,39600
10/22/2014,40000
10/23/2014,39600
10/24/2014,39600
10/25/2014,39500
10/26/2014,39500
10/27/2014,39500
10/28/2014,39300
10/29/2014,39400
10/30/2014,39800
10/31/2014,39700
11/1/2014,39900
11/2/2014,39900
11/3/2014,39900
11/4/2014,40400
11/5/2014,40000
11/6/2014,39700
11/7/2014,39400
11/8/2014,39900
11/9/2014,39900
11/10/2014,40000
11/11/2014,40100
11/12/2014,40300
11/13/2014,40500
11/14/2014,41000
11/15/2014,41000
11/16/2014,41000
11/17/2014,41000
11/18/2014,40900
11/19/2014,41000
11/20/2014,41400
11/21/2014,41000
11/22/2014,41000
11/23/2014,41000
11/24/2014,41000
11/25/2014,41300
11/26/2014,41200
11/27/2014,41300
11/28/2014,41200
11/29/2014,40700
11/30/2014,40700
12/1/2014,41000
12/2/2014,40900
12/3/2014,40700
12/4/2014,41100
12/5/2014,41000
12/6/2014,40900
12/7/2014,40900
12/8/2014,40800
12/9/2014,40400
12/10/2014,40000
12/11/2014,39700
12/12/2014,39300
12/13/2014,39800
12/14/2014,39800
12/15/2014,39900
12/16/2014,39700
12/17/2014,39700
12/18/2014,39300
12/19/2014,39300
12/20/2014,39100
12/21/2014,39100
12/22/2014,39100
12/23/2014,38600
12/24/2014,39100
12/25/2014,38900
12/26/2014,38900
12/27/2014,39100
12/28/2014,39100
12/29/2014,39200
12/30/2014,39000
12/31/2014,39600
1/1/2015,39800
1/2/2015,39800
1/3/2015,38800
1/4/2015,38800
1/5/2015,38800
1/6/2015,40000
1/7/2015,40500
1/8/2015,40900
1/9/2015,40600
1/10/2015,40500
1/11/2015,40500
1/12/2015,40300
1/13/2015,40300
1/14/2015,40100
1/15/2015,40600
1/16/2015,40700
1/17/2015,40200
1/18/2015,40200
1/19/2015,40100
1/20/2015,40100
1/21/2015,39700
1/22/2015,39600
1/23/2015,39500
1/24/2015,39400
1/25/2015,39400
1/26/2015,39400
1/27/2015,39800
1/28/2015,40400
1/29/2015,40300
1/30/2015,39500
1/31/2015,39200
2/1/2015,39200
2/2/2015,39500
2/3/2015,39300
2/4/2015,39200
2/5/2015,39700
2/6/2015,39500
2/7/2015,39700
2/8/2015,39700
2/9/2015,39800
2/10/2015,40000
2/11/2015,39800
2/12/2015,39900
2/13/2015,40800
2/14/2015,41200
2/15/2015,41200
2/16/2015,41200
2/17/2015,41200
2/18/2015,41400
2/19/2015,41400
2/20/2015,41400
2/21/2015,41400
2/22/2015,41400
2/23/2015,41400
2/24/2015,39600
2/25/2015,39400
2/26/2015,38900
2/27/2015,38700
2/28/2015,39400
3/1/2015,39400
3/2/2015,39400
3/3/2015,39100
3/4/2015,38900
3/5/2015,38500
3/6/2015,38900
3/7/2015,39000
3/8/2015,39000
3/9/2015,39000
3/10/2015,38800
3/11/2015,38600
3/12/2015,38000
3/13/2015,37000
3/14/2015,36000
3/15/2015,36000
3/16/2015,36000
3/17/2015,37000
3/18/2015,37200
3/19/2015,38400
3/20/2015,38300
3/21/2015,38400
3/22/2015,38400
3/23/2015,38400
3/24/2015,38800
3/25/2015,38400
3/26/2015,38300
3/27/2015,38300
3/28/2015,38200
3/29/2015,38200
3/30/2015,38200
3/31/2015,37000
4/1/2015,37200
4/2/2015,37600
4/3/2015,38100
4/4/2015,38100
4/5/2015,38100
4/6/2015,38100
4/7/2015,38100
4/8/2015,38600
4/9/2015,38500
4/10/2015,38500
4/11/2015,39000
4/12/2015,39000
4/13/2015,39200
4/14/2015,38700
4/15/2015,38800
4/16/2015,38800
4/17/2015,38900
4/18/2015,38900
4/19/2015,38900
4/20/2015,38900
4/21/2015,39000
4/22/2015,38900
4/23/2015,39300
4/24/2015,39100
4/25/2015,38700
4/26/2015,38700
4/27/2015,38700
4/28/2015,37700
4/29/2015,37900
4/30/2015,38000
5/1/2015,38500
5/2/2015,38100
5/3/2015,38100
5/4/2015,38100
5/5/2015,38100
5/6/2015,38200
5/7/2015,37400
5/8/2015,37100
5/9/2015,37700
5/10/2015,37700
5/11/2015,37700
5/12/2015,37400
5/13/2015,37100
5/14/2015,37000
5/15/2015,37500
5/16/2015,37600
5/17/2015,37600
5/18/2015,37600
5/19/2015,38100
5/20/2015,37700
5/21/2015,37200
5/22/2015,36200
5/23/2015,35000
5/24/2015,35000
5/25/2015,35000
5/26/2015,35000
5/27/2015,34000
5/28/2015,34900
5/29/2015,35000
5/30/2015,35200
5/31/2015,35200
6/1/2015,36400
6/2/2015,36400
6/3/2015,36900
6/4/2015,36900
6/5/2015,37200
6/6/2015,37100
6/7/2015,37100
6/8/2015,37100
6/9/2015,37000
6/10/2015,37200
6/11/2015,37400
6/12/2015,36800
6/13/2015,37000
6/14/2015,37000
6/15/2015,37000
6/16/2015,37500
6/17/2015,38000
6/18/2015,37900
6/19/2015,38500
6/20/2015,38300
6/21/2015,38300
6/22/2015,38300
6/23/2015,38800
6/24/2015,38000
6/25/2015,39000
6/26/2015,38500
6/27/2015,38900
6/28/2015,38900
6/29/2015,38900
6/30/2015,38000
7/1/2015,37800
7/2/2015,37600
7/3/2015,37200
7/4/2015,37200
7/5/2015,37200
7/6/2015,37200
7/7/2015,36600
7/8/2015,36600
7/9/2015,36900
7/10/2015,36900
7/11/2015,38600
7/12/2015,38600
7/13/2015,38600
7/14/2015,37100
7/15/2015,37200
7/16/2015,36700
7/17/2015,36500
7/18/2015,36000
7/19/2015,36000
7/20/2015,36000
7/21/2015,36100
7/22/2015,35900
7/23/2015,36200
7/24/2015,35800
7/25/2015,35600
7/26/2015,35600
7/27/2015,35600
7/28/2015,35400
7/29/2015,35400
7/30/2015,35700
7/31/2015,36000
8/1/2015,35800
8/2/2015,35800
8/3/2015,36000
8/4/2015,35700
8/5/2015,36000
8/6/2015,36300
8/7/2015,36000
8/8/2015,36400
8/9/2015,36400
8/10/2015,36500
8/11/2015,37100
8/12/2015,37700
8/13/2015,37200
8/14/2015,37300
8/15/2015,37500
8/16/2015,37500
8/17/2015,37500
8/18/2015,37300
8/19/2015,37800
8/20/2015,36600
8/21/2015,36000
8/22/2015,35900
8/23/2015,35900
8/24/2015,36000
8/25/2015,35700
8/26/2015,35500
8/27/2015,35500
8/28/2015,36000
8/29/2015,35600
8/30/2015,35600
8/31/2015,35800
9/1/2015,35800
9/2/2015,35600
9/3/2015,35200
9/4/2015,35400
9/5/2015,35800
9/6/2015,35800
9/7/2015,35800
9/8/2015,35400
9/9/2015,35600
9/10/2015,35800
9/11/2015,35100
9/12/2015,35000
9/13/2015,35000
9/14/2015,35000
9/15/2015,35700
9/16/2015,35600
9/17/2015,35700
9/18/2015,35400
9/19/2015,35200
9/20/2015,35200
9/21/2015,35200
9/22/2015,34700
9/23/2015,34400
9/24/2015,34900
9/25/2015,35200
9/26/2015,35800
9/27/2015,35800
9/28/2015,36000
9/29/2015,35000
9/30/2015,35500
10/1/2015,35100
10/2/2015,35200
10/3/2015,35600
10/4/2015,35600
10/5/2015,35600
10/6/2015,36200
10/7/2015,36000
10/8/2015,35200
10/9/2015,35900
10/10/2015,36400
10/11/2015,36400
10/12/2015,36400
10/13/2015,36400
10/14/2015,35900
10/15/2015,36300
10/16/2015,36500
10/17/2015,35500
10/18/2015,35500
10/19/2015,35700
10/20/2015,35400
10/21/2015,35000
10/22/2015,34900
10/23/2015,35100
10/24/2015,35000
10/25/2015,35000
10/26/2015,34700
10/27/2015,34400
10/28/2015,34500
10/29/2015,34900
10/30/2015,35400
10/31/2015,36000
11/1/2015,36000
11/2/2015,35800
11/3/2015,35500
11/4/2015,35800
11/5/2015,36300
11/6/2015,36300
11/7/2015,35400
11/8/2015,35400
11/9/2015,35400
11/10/2015,35800
11/11/2015,35900
11/12/2015,36000
11/13/2015,35500
11/14/2015,34400
11/15/2015,34400
11/16/2015,34500
11/17/2015,34700
11/18/2015,34600
11/19/2015,33700
11/20/2015,34700
11/21/2015,35000
11/22/2015,35000
11/23/2015,35000
11/24/2015,34400
11/25/2015,34600
11/26/2015,34200
11/27/2015,33800
11/28/2015,33700
11/29/2015,33700
11/30/2015,34000
12/1/2015,33500
12/2/2015,33700
12/3/2015,33900
12/4/2015,34500
12/5/2015,34500
12/6/2015,34500
12/7/2015,34500
12/8/2015,34500
12/9/2015,34400
12/10/2015,34300
12/11/2015,34000
12/12/2015,33500
12/13/2015,33500
12/14/2015,33700
12/15/2015,33200
12/16/2015,33300
12/17/2015,33400
12/18/2015,33300
12/19/2015,33400
12/20/2015,33400
12/21/2015,34000
12/22/2015,33300
12/23/2015,33600
12/24/2015,33700
12/25/2015,33500
12/26/2015,33500
12/27/2015,33500
12/28/2015,33500
12/29/2015,33500
12/30/2015,33400
12/31/2015,33300
1/1/2016,33600
1/2/2016,33600
1/3/2016,33600
1/4/2016,33700
1/5/2016,33600
1/6/2016,33200
1/7/2016,32900
1/8/2016,32600
1/9/2016,32700
1/10/2016,32700
1/11/2016,33000
1/12/2016,32200
1/13/2016,32300
1/14/2016,32500
1/15/2016,32100
1/16/2016,32200
1/17/2016,32200
1/18/2016,32200
1/19/2016,31800
1/20/2016,31600
1/21/2016,30700
1/22/2016,30800
1/23/2016,31300
1/24/2016,31300
1/25/2016,31100
1/26/2016,31100
1/27/2016,31100
1/28/2016,31100
1/29/2016,31100
1/30/2016,31100
1/31/2016,31100
2/1/2016,31100
2/2/2016,30600
2/3/2016,30900
2/4/2016,31000
2/5/2016,31600
2/6/2016,31400
2/7/2016,31400
2/8/2016,31400
2/9/2016,30600
2/10/2016,30600
2/11/2016,30700
2/12/2016,30500
2/13/2016,31200
2/14/2016,31200
2/15/2016,31300
2/16/2016,31100
2/17/2016,31300
2/18/2016,31300
2/19/2016,31000
2/20/2016,30800
2/21/2016,30800
2/22/2016,31000
2/23/2016,31000
2/24/2016,30600
2/25/2016,30100
2/26/2016,30000
2/27/2016,29900
2/28/2016,29900
2/29/2016,30200
3/1/2016,31100
3/2/2016,30400
3/3/2016,30700
3/4/2016,30800
3/5/2016,30800
3/6/2016,30800
3/7/2016,30800
3/8/2016,30800
3/9/2016,31100
3/10/2016,31400
3/11/2016,31000
3/12/2016,31300
3/13/2016,31300
3/14/2016,31400
3/15/2016,31500
3/16/2016,31200
3/17/2016,31300
3/18/2016,31800
3/19/2016,32300
3/20/2016,32300
3/21/2016,32600
3/22/2016,32400
3/23/2016,33200
3/24/2016,33400
3/25/2016,33100
3/26/2016,33100
3/27/2016,33100
3/28/2016,33100
3/29/2016,33100
3/30/2016,33200
3/31/2016,33400
4/1/2016,33300
4/2/2016,33000
4/3/2016,33000
4/4/2016,33100
4/5/2016,32900
4/6/2016,32600
4/7/2016,32800
4/8/2016,33300
4/9/2016,33600
4/10/2016,33600
4/11/2016,33600
4/12/2016,34200
4/13/2016,34400
4/14/2016,33600
4/15/2016,33700
4/16/2016,33700
4/17/2016,33700
4/18/2016,33900
4/19/2016,34000
4/20/2016,34200
4/21/2016,34500
4/22/2016,34300
4/23/2016,34100
4/24/2016,34100
4/25/2016,34100
4/26/2016,34100
4/27/2016,34700
4/28/2016,34400
4/29/2016,34500
4/30/2016,34700
5/1/2016,34700
5/2/2016,34700
5/3/2016,34700
5/4/2016,34500
5/5/2016,34600
5/6/2016,35200
5/7/2016,35800
5/8/2016,35800
5/9/2016,35800
5/10/2016,35500
5/11/2016,36000
5/12/2016,36200
5/13/2016,36400
5/14/2016,36400
5/15/2016,36400
5/16/2016,36400
5/17/2016,36500
5/18/2016,36700
5/19/2016,36100
5/20/2016,35500
5/21/2016,35900
5/22/2016,35900
5/23/2016,36200
5/24/2016,35900
5/25/2016,36000
5/26/2016,35900
5/27/2016,35800
5/28/2016,35900
5/29/2016,35900
5/30/2016,35900
5/31/2016,35900
6/1/2016,36100
6/2/2016,36000
6/3/2016,36000
6/4/2016,36300
6/5/2016,36300
6/6/2016,36400
6/7/2016,36900
6/8/2016,37400
6/9/2016,37600
6/10/2016,37400
6/11/2016,36600
6/12/2016,36600
6/13/2016,36700
6/14/2016,36800
6/15/2016,36200
6/16/2016,36100
6/17/2016,36100
6/18/2016,36700
6/19/2016,36700
6/20/2016,36600
6/21/2016,37000
6/22/2016,37500
6/23/2016,37400
6/24/2016,37600
6/25/2016,36500
6/26/2016,36500
6/27/2016,36400
6/28/2016,36300
6/29/2016,37000
6/30/2016,37400
7/1/2016,37300
7/2/2016,37800
7/3/2016,37800
7/4/2016,37600
7/5/2016,37900
7/6/2016,37700
7/7/2016,37500
7/8/2016,37700
7/9/2016,38200
7/10/2016,38200
7/11/2016,38200
7/12/2016,38700
7/13/2016,38200
7/14/2016,38300
7/15/2016,38300
7/16/2016,38100
7/17/2016,38100
7/18/2016,38400
7/19/2016,38300
7/20/2016,38200
7/21/2016,38300
7/22/2016,38300
7/23/2016,37700
7/24/2016,37700
7/25/2016,37700
7/26/2016,37600
7/27/2016,38000
7/28/2016,37900
7/29/2016,38100
7/30/2016,38800
7/31/2016,38800
8/1/2016,39100
8/2/2016,38500
8/3/2016,38600
8/4/2016,38600
8/5/2016,38400
8/6/2016,38500
8/7/2016,38500
8/8/2016,38500
8/9/2016,38500
8/10/2016,38500
8/11/2016,38700
8/12/2016,38500
8/13/2016,38400
8/14/2016,38400
8/15/2016,38600
8/16/2016,38600
8/17/2016,38100
8/18/2016,37900
8/19/2016,38600
8/20/2016,38500
8/21/2016,38500
8/22/2016,38600
8/23/2016,38900
8/24/2016,38700
8/25/2016,38500
8/26/2016,38200
8/27/2016,38600
8/28/2016,38600
8/29/2016,38800
8/30/2016,38800
8/31/2016,38700
9/1/2016,39000
9/2/2016,39500
9/3/2016,39800
9/4/2016,39800
9/5/2016,39500
9/6/2016,39800
9/7/2016,40000
9/8/2016,40500
9/9/2016,40600
9/10/2016,40200
9/11/2016,40200
9/12/2016,40000
9/13/2016,40300
9/14/2016,40600
9/15/2016,40600
9/16/2016,40500
9/17/2016,40500
9/18/2016,40500
9/19/2016,40500
9/20/2016,41000
9/21/2016,40900
9/22/2016,41400
9/23/2016,41700
9/24/2016,41100
9/25/2016,41100
9/26/2016,41200
9/27/2016,41400
9/28/2016,41800
9/29/2016,41800
9/30/2016,42000
10/1/2016,41300
10/2/2016,41300
10/3/2016,41900
10/4/2016,41400
10/5/2016,41000
10/6/2016,41700
10/7/2016,41500
10/8/2016,42000
10/9/2016,42000
10/10/2016,42000
10/11/2016,42300
10/12/2016,42500
10/13/2016,42700
10/14/2016,42700
10/15/2016,42800
10/16/2016,42800
10/17/2016,42800
10/18/2016,43600
10/19/2016,44300
10/20/2016,43900
10/21/2016,43700
10/22/2016,44200
10/23/2016,44200
10/24/2016,44200
10/25/2016,44500
10/26/2016,44800
10/27/2016,44800
10/28/2016,44700
10/29/2016,45000
10/30/2016,45000
10/31/2016,45000
11/1/2016,44900
11/2/2016,44500
11/3/2016,44700
11/4/2016,44700
11/5/2016,45100
11/6/2016,45100
11/7/2016,45100
11/8/2016,45200
11/9/2016,44200
11/10/2016,44200
11/11/2016,43100
11/12/2016,42100
11/13/2016,42100
11/14/2016,42300
11/15/2016,43700
11/16/2016,44400
11/17/2016,44800
11/18/2016,44700
11/19/2016,44500
11/20/2016,44500
11/21/2016,44500
11/22/2016,43100
11/23/2016,43600
11/24/2016,42500
11/25/2016,42000
11/26/2016,42200
11/27/2016,42200
11/28/2016,41700
11/29/2016,43500
11/30/2016,42900
12/1/2016,42500
12/2/2016,41800
12/3/2016,43200
12/4/2016,43200
12/5/2016,43200
12/6/2016,43200
12/7/2016,42700
12/8/2016,42500
12/9/2016,42200
12/10/2016,41800
12/11/2016,41800
12/12/2016,42200
12/13/2016,43000
12/14/2016,43400
12/15/2016,43500
12/16/2016,43600
12/17/2016,44100
12/18/2016,44100
12/19/2016,44000
12/20/2016,45200
12/21/2016,44900
12/22/2016,44500
12/23/2016,43600
12/24/2016,44000
12/25/2016,44000
12/26/2016,44000
12/27/2016,44000
12/28/2016,44000
12/29/2016,43800
12/30/2016,44600
12/31/2016,45000
1/1/2017,45000
1/2/2017,45000
1/3/2017,45000
1/4/2017,44700
1/5/2017,45500
1/6/2017,45300
1/7/2017,45000
1/8/2017,45000
1/9/2017,45100
1/10/2017,45100
1/11/2017,45500
1/12/2017,46500
1/13/2017,46100
1/14/2017,46200
1/15/2017,46200
1/16/2017,46200
1/17/2017,46800
1/18/2017,46900
1/19/2017,46900
1/20/2017,47200
1/21/2017,47200
1/22/2017,47200
1/23/2017,47200
1/24/2017,46900
1/25/2017,46200
1/26/2017,46500
1/27/2017,46100
1/28/2017,46100
1/29/2017,46100
1/30/2017,46100
1/31/2017,46100
2/1/2017,45800
2/2/2017,46200
2/3/2017,45000
2/4/2017,44800
2/5/2017,44800
2/6/2017,45000
2/7/2017,44600
2/8/2017,45100
2/9/2017,44500
2/10/2017,44900
2/11/2017,44900
2/12/2017,44900
2/13/2017,45200
2/14/2017,44700
2/15/2017,44500
2/16/2017,45000
2/17/2017,45800
2/18/2017,45600
2/19/2017,45600
2/20/2017,45900
2/21/2017,46100
2/22/2017,46200
2/23/2017,45600
2/24/2017,45600
2/25/2017,45400
2/26/2017,45400
2/27/2017,45400
2/28/2017,44900
3/1/2017,45700
3/2/2017,45800
3/3/2017,47000
3/4/2017,46600
3/5/2017,46600
3/6/2017,46700
3/7/2017,46300
3/8/2017,46200
3/9/2017,46600
3/10/2017,46500
3/11/2017,46300
3/12/2017,46300
3/13/2017,46400
3/14/2017,46300
3/15/2017,46400
3/16/2017,46500
3/17/2017,46800
3/18/2017,46800
3/19/2017,46800
3/20/2017,47000
3/21/2017,47400
3/22/2017,46900
3/23/2017,46600
3/24/2017,46600
3/25/2017,46100
3/26/2017,46100
3/27/2017,46300
3/28/2017,47200
3/29/2017,46800
3/30/2017,46900
3/31/2017,46700
4/1/2017,46500
4/2/2017,46500
4/3/2017,46600
4/4/2017,46600
4/5/2017,46500
4/6/2017,46700
4/7/2017,46500
4/8/2017,47000
4/9/2017,47000
4/10/2017,47000
4/11/2017,46700
4/12/2017,47100
4/13/2017,46900
4/14/2017,46700
4/15/2017,46600
4/16/2017,46600
4/17/2017,46600
4/18/2017,46600
4/19/2017,47000
4/20/2017,46700
4/21/2017,45700
4/22/2017,43400
4/23/2017,43400
4/24/2017,43600
4/25/2017,42600
4/26/2017,42200
4/27/2017,42400
4/28/2017,42100
4/29/2017,42800
4/30/2017,42800
5/1/2017,42800
5/2/2017,42800
5/3/2017,43800
5/4/2017,44500
5/5/2017,43700
5/6/2017,43900
5/7/2017,43900
5/8/2017,43900
5/9/2017,44400
5/10/2017,44300
5/11/2017,44300
5/12/2017,43500
5/13/2017,43700
5/14/2017,43700
5/15/2017,43700
5/16/2017,43200
5/17/2017,43000
5/18/2017,43700
5/19/2017,43500
5/20/2017,42300
5/21/2017,42300
5/22/2017,42300
5/23/2017,42300
5/24/2017,42500
5/25/2017,41900
5/26/2017,42400
5/27/2017,43400
5/28/2017,43400
5/29/2017,43400
5/30/2017,43400
5/31/2017,43800
6/1/2017,43500
6/2/2017,43200
6/3/2017,43200
6/4/2017,43200
6/5/2017,43200
6/6/2017,43500
6/7/2017,43300
6/8/2017,43100
6/9/2017,43300
6/10/2017,43700
6/11/2017,43700
6/12/2017,44200
6/13/2017,44200
6/14/2017,44000
6/15/2017,44200
6/16/2017,45200
6/17/2017,45500
6/18/2017,45500
6/19/2017,45500
6/20/2017,45100
6/21/2017,44500
6/22/2017,44500
6/23/2017,43700
6/24/2017,43700
6/25/2017,43700
6/26/2017,44700
6/27/2017,44900
6/28/2017,44800
6/29/2017,44900
6/30/2017,45700
7/1/2017,45900
7/2/2017,45900
7/3/2017,45900
7/4/2017,45800
7/5/2017,45900
7/6/2017,46100
7/7/2017,46000
7/8/2017,45200
7/9/2017,45200
7/10/2017,45200
7/11/2017,45000
7/12/2017,44500
7/13/2017,45000
7/14/2017,46000
7/15/2017,46000
7/16/2017,46000
7/17/2017,46000
7/18/2017,45700
7/19/2017,45800
7/20/2017,45400
7/21/2017,45500
7/22/2017,46000
7/23/2017,46000
7/24/2017,46000
7/25/2017,45200
7/26/2017,45100
7/27/2017,46000
7/28/2017,45900
7/29/2017,45700
7/30/2017,45700
7/31/2017,45700
8/1/2017,45600
8/2/2017,45300
8/3/2017,46000
8/4/2017,46000
8/5/2017,45900
8/6/2017,45900
8/7/2017,45900
8/8/2017,46200
8/9/2017,46200
8/10/2017,45600
8/11/2017,44600
8/12/2017,45600
8/13/2017,45600
8/14/2017,45600
8/15/2017,44900
8/16/2017,43900
8/17/2017,43900
8/18/2017,44000
8/19/2017,45000
8/20/2017,45000
8/21/2017,45000
8/22/2017,45400
8/23/2017,45600
8/24/2017,45100
8/25/2017,44700
8/26/2017,45500
8/27/2017,45500
8/28/2017,45500
8/29/2017,45500
8/30/2017,45400
8/31/2017,44700
9/1/2017,44600
9/2/2017,44400
9/3/2017,44400
9/4/2017,44400
9/5/2017,43800
9/6/2017,42800
9/7/2017,42300
9/8/2017,42400
9/9/2017,42600
9/10/2017,42600
9/11/2017,42600
9/12/2017,42500
9/13/2017,42900
9/14/2017,43600
9/15/2017,43400
9/16/2017,43400
9/17/2017,43400
9/18/2017,43400
9/19/2017,43400
9/20/2017,42900
9/21/2017,43900
9/22/2017,43300
9/23/2017,43200
9/24/2017,43200
9/25/2017,43200
9/26/2017,43200
9/27/2017,43000
9/28/2017,42000
9/29/2017,41900
9/30/2017,42200
10/1/2017,42200
10/2/2017,42200
10/3/2017,42900
10/4/2017,43100
10/5/2017,43000
10/6/2017,42800
10/7/2017,43100
10/8/2017,43100
10/9/2017,43100
10/10/2017,42900
10/11/2017,42900
10/12/2017,42900
10/13/2017,43300
10/14/2017,43500
10/15/2017,43500
10/16/2017,43500
10/17/2017,43100
10/18/2017,42600
10/19/2017,42900
10/20/2017,43400
10/21/2017,42200
10/22/2017,42200
10/23/2017,42200
10/24/2017,42300
10/25/2017,41800
10/26/2017,42100
10/27/2017,41900
10/28/2017,41800
10/29/2017,41800
10/30/2017,41800
10/31/2017,41100
11/1/2017,40500
11/2/2017,39800
11/3/2017,40400
11/4/2017,40100
11/5/2017,40100
11/6/2017,40100
11/7/2017,40100
11/8/2017,39500
11/9/2017,39200
11/10/2017,39500
11/11/2017,39400
11/12/2017,39400
11/13/2017,39400
11/14/2017,39600
11/15/2017,39800
11/16/2017,40000
11/17/2017,39900
11/18/2017,39500
11/19/2017,39500
11/20/2017,39500
11/21/2017,39300
11/22/2017,39300
11/23/2017,38400
11/24/2017,36300
11/25/2017,36200
11/26/2017,36200
11/27/2017,36200
11/28/2017,35700
11/29/2017,36500
11/30/2017,37000
12/1/2017,36200
12/2/2017,36700
12/3/2017,36700
12/4/2017,36700
12/5/2017,36100
12/6/2017,36700
12/7/2017,36600
12/8/2017,36300
12/9/2017,36700
12/10/2017,36700
12/11/2017,36700
12/12/2017,36400
12/13/2017,35600
12/14/2017,35900
12/15/2017,36400
12/16/2017,36200
12/17/2017,36200
12/18/2017,36200
12/19/2017,36100
12/20/2017,35800
12/21/2017,35800
12/22/2017,35600
12/23/2017,35700
12/24/2017,35700
12/25/2017,35700
12/26/2017,35700
12/27/2017,35700
12/28/2017,35700
12/29/2017,35800
12/30/2017,35900
12/31/2017,35900
1/1/2018,35900
1/2/2018,36000
1/3/2018,36300
1/4/2018,36300
1/5/2018,36700
1/6/2018,36600
1/7/2018,36600
1/8/2018,36600
1/9/2018,36600
1/10/2018,36600
1/11/2018,36600
1/12/2018,36600
1/13/2018,36600
1/14/2018,36600
1/15/2018,36600
1/16/2018,36600
1/17/2018,36500
1/18/2018,37300
1/19/2018,37300
1/20/2018,36800
1/21/2018,36800
1/22/2018,36700
1/23/2018,36900
1/24/2018,36500
1/25/2018,36900
1/26/2018,36700
1/27/2018,36700
1/28/2018,36700
1/29/2018,36700
1/30/2018,36800
1/31/2018,36200
2/1/2018,36700
2/2/2018,36800
2/3/2018,36700
2/4/2018,36700
2/5/2018,36700
2/6/2018,36800
2/7/2018,37200
2/8/2018,37000
2/9/2018,37100
2/10/2018,37100
2/11/2018,37100
2/12/2018,37100
2/13/2018,37100
2/14/2018,37300
2/15/2018,37400
2/16/2018,37400
2/17/2018,37400
2/18/2018,37400
2/19/2018,36800
2/20/2018,36500
2/21/2018,37000
2/22/2018,36900
2/23/2018,36800
2/24/2018,36700
2/25/2018,36700
2/26/2018,36700
2/27/2018,36600
2/28/2018,36400
3/1/2018,36200
3/2/2018,37100
3/3/2018,36800
3/4/2018,36800
3/5/2018,36800
3/6/2018,36800
3/7/2018,37200
3/8/2018,37400
3/9/2018,36900
3/10/2018,37300
3/11/2018,37300
3/12/2018,37300
3/13/2018,37100
3/14/2018,37000
3/15/2018,36800
3/16/2018,36300
3/17/2018,36900
3/18/2018,36900
3/19/2018,36900
3/20/2018,37100
3/21/2018,37000
3/22/2018,37000
3/23/2018,37000
3/24/2018,35800
3/25/2018,35900
3/26/2018,35900
3/27/2018,35900
3/28/2018,36800
3/29/2018,36800
3/30/2018,36700
3/31/2018,36700
4/1/2018,36700
4/2/2018,36700
4/3/2018,36700
4/4/2018,37000
4/5/2018,37300
4/6/2018,37300
4/7/2018,36700
4/8/2018,36700
4/9/2018,36700
4/10/2018,37000
4/11/2018,36300
4/12/2018,36600
4/13/2018,36800
4/14/2018,36800
4/15/2018,36800
4/16/2018,36700
4/17/2018,36500
4/18/2018,36800
4/19/2018,37200
4/20/2018,37000
4/21/2018,36800
4/22/2018,36800
4/23/2018,36800
4/24/2018,37000
4/25/2018,37300
4/26/2018,36900
4/27/2018,37100
4/28/2018,36900
4/29/2018,36900
4/30/2018,36900
5/1/2018,36800
5/2/2018,37750
5/3/2018,37300
5/4/2018,37500
5/5/2018,37100
5/6/2018,37100
5/7/2018,37100
5/8/2018,37000
5/9/2018,36600
5/10/2018,35800
5/11/2018,35700
5/12/2018,35900
5/13/2018,35900
5/14/2018,35900
5/15/2018,35600
5/16/2018,35300
5/17/2018,35700
5/18/2018,36100
5/19/2018,36300
5/20/2018,36300
5/21/2018,36300
5/22/2018,36800
5/23/2018,36700
5/24/2018,35900
5/25/2018,36000
5/26/2018,35900
5/27/2018,35900
5/28/2018,36000
5/29/2018,36000
5/30/2018,35800
5/31/2018,35800
6/1/2018,36200
6/2/2018,36100
6/3/2018,36100
6/4/2018,36100
6/5/2018,36000
6/6/2018,35900
6/7/2018,36000
6/8/2018,35600
6/9/2018,35600
6/10/2018,35600
6/11/2018,35700
6/12/2018,36000
6/13/2018,35800
6/14/2018,35500
6/15/2018,35700
6/16/2018,35600
6/17/2018,35600
6/18/2018,35700
6/19/2018,35600
6/20/2018,35500
6/21/2018,35700
6/22/2018,35900
6/23/2018,36000
6/24/2018,36000
6/25/2018,36000
6/26/2018,35000
6/27/2018,35600
6/28/2018,36000
6/29/2018,35800
6/30/2018,35700
7/1/2018,35700
7/2/2018,35700
7/3/2018,35500
7/4/2018,35700
7/5/2018,35800
7/6/2018,34800
7/7/2018,35100
7/8/2018,35100
7/9/2018,35100
7/10/2018,35600
7/11/2018,35800
7/12/2018,35100
7/13/2018,35300
7/14/2018,35000
7/15/2018,35000
7/16/2018,35000
7/17/2018,35100
7/18/2018,34800
7/19/2018,34800
7/20/2018,35200
7/21/2018,35400
7/22/2018,35400
7/23/2018,35400
7/24/2018,35500
7/25/2018,35600
7/26/2018,35400
7/27/2018,35100
7/28/2018,35100
7/29/2018,35100
7/30/2018,35100
7/31/2018,35200
8/1/2018,34900
8/2/2018,35000
8/3/2018,35000
8/4/2018,35400
8/5/2018,35400
8/6/2018,35300
8/7/2018,35500
8/8/2018,35200
8/9/2018,34900
8/10/2018,35200
8/11/2018,35100
8/12/2018,35100
8/13/2018,35100
8/14/2018,34900
8/15/2018,34800
8/16/2018,34300
8/17/2018,34400
8/18/2018,33700
8/19/2018,33700
8/20/2018,33700
8/21/2018,33700
8/22/2018,33700
8/23/2018,33400
8/24/2018,33100
8/25/2018,33300
8/26/2018,33300
8/27/2018,33200
8/28/2018,33300
8/29/2018,33200
8/30/2018,33500
8/31/2018,33000
9/1/2018,32700
9/2/2018,32700
9/3/2018,32700
9/4/2018,32700
9/5/2018,32400
9/6/2018,32900
9/7/2018,32700
9/8/2018,32700
9/9/2018,32700
9/10/2018,32700
9/11/2018,32400
9/12/2018,32300
9/13/2018,33000
9/14/2018,32800
9/15/2018,32600
9/16/2018,32600
9/17/2018,32600
9/18/2018,32400
9/19/2018,32500
9/20/2018,32400
9/21/2018,32800
9/22/2018,32800
9/23/2018,32800
9/24/2018,32400
9/25/2018,32800
9/26/2018,32700
9/27/2018,32800
9/28/2018,32900
9/29/2018,33600
9/30/2018,33600
10/1/2018,33600
10/2/2018,33900
10/3/2018,34500
10/4/2018,34200
10/5/2018,34600
10/6/2018,35400
10/7/2018,35400
10/8/2018,35400
10/9/2018,35900
10/10/2018,36100
10/11/2018,35900
10/12/2018,36200
10/13/2018,36700
10/14/2018,36700
10/15/2018,36800
10/16/2018,37300
10/17/2018,37400
10/18/2018,37800
10/19/2018,37700
10/20/2018,37100
10/21/2018,37100
10/22/2018,37300
10/23/2018,36900
10/24/2018,36900
10/25/2018,36800
10/26/2018,36700
10/27/2018,37100
10/28/2018,37100
10/29/2018,37100
10/30/2018,36000
10/31/2018,35800
11/1/2018,35900
11/2/2018,36800
11/3/2018,37100
11/4/2018,37100
11/5/2018,37100
11/6/2018,36300
11/7/2018,35900
11/8/2018,36300
11/9/2018,36200
11/10/2018,36300
11/11/2018,36300
11/12/2018,36500
11/13/2018,35800
11/14/2018,35700
11/15/2018,36000
11/16/2018,36100
11/17/2018,35700
11/18/2018,35700
11/19/2018,35800
11/20/2018,35500
11/21/2018,35500
11/22/2018,35300
11/23/2018,35200
11/24/2018,35200
11/25/2018,35200
11/26/2018,35200
11/27/2018,35600
11/28/2018,35800
11/29/2018,34900
11/30/2018,34800
12/1/2018,34500
12/2/2018,34500
12/3/2018,34500
12/4/2018,34300
12/5/2018,34100
12/6/2018,34300
12/7/2018,34000
12/8/2018,33800
12/9/2018,33800
12/10/2018,33900
12/11/2018,33800
12/12/2018,33500
12/13/2018,33400
12/14/2018,33000
12/15/2018,32400
12/16/2018,32400
12/17/2018,32400
12/18/2018,32500
12/19/2018,32600
12/20/2018,33000
12/21/2018,33300
12/22/2018,32600
12/23/2018,32600
12/24/2018,32600
12/25/2018,32600
12/26/2018,32600
12/27/2018,32600
12/28/2018,32600
12/29/2018,32600
12/30/2018,32600
12/31/2018,32600
1/1/2019,32600
1/2/2019,32600
1/3/2019,32600
1/4/2019,34200
1/5/2019,34000
1/6/2019,34000
1/7/2019,33900
1/8/2019,33800
1/9/2019,34100
1/10/2019,33700
1/11/2019,33750
1/12/2019,33750
1/13/2019,33750
1/14/2019,33700
1/15/2019,33400
1/16/2019,33400
1/17/2019,33600
1/18/2019,33600
1/19/2019,33600
1/20/2019,33600
1/21/2019,33550
1/22/2019,33700
1/23/2019,33300
1/24/2019,33100
1/25/2019,33600
1/26/2019,33500
1/27/2019,33300
1/28/2019,33450
1/29/2019,33350
1/30/2019,33600
1/31/2019,33400
2/1/2019,33900
2/2/2019,33700
2/3/2019,33700
2/4/2019,33700
2/5/2019,33700
2/6/2019,33700
2/7/2019,33700
2/8/2019,33800
2/9/2019,33500
2/10/2019,33500
2/11/2019,33400
2/12/2019,32900
2/13/2019,33000
2/14/2019,32900
2/15/2019,32900
2/16/2019,33300
2/17/2019,33300
2/18/2019,33300
2/19/2019,33300
2/20/2019,33000
2/21/2019,33100
2/22/2019,32900
2/23/2019,33300
2/24/2019,33300
2/25/2019,33300
2/26/2019,33500
2/27/2019,33300
2/28/2019,33500
3/1/2019,33300
3/2/2019,33300
3/3/2019,33300
3/4/2019,33300
3/5/2019,33100
3/6/2019,33200
3/7/2019,33400
3/8/2019,32900
3/9/2019,33400
3/10/2019,33400
3/11/2019,33400
3/12/2019,33400
3/13/2019,33300
3/14/2019,33200
3/15/2019,32600
3/16/2019,32700
3/17/2019,32700
3/18/2019,32700
3/19/2019,32600
3/20/2019,33300
3/21/2019,33000
3/22/2019,33200
3/23/2019,33000
3/24/2019,33000
3/25/2019,32800
3/26/2019,32900
3/27/2019,33100
3/28/2019,33000
3/29/2019,32800
3/30/2019,32300
3/31/2019,32300
4/1/2019,32300
4/2/2019,31700
4/3/2019,31600
4/4/2019,32400
4/5/2019,32200
4/6/2019,31600
4/7/2019,31600
4/8/2019,31600
4/9/2019,31800
4/10/2019,31700
4/11/2019,31800
4/12/2019,31200
4/13/2019,31300
4/14/2019,31300
4/15/2019,31300
4/16/2019,31900
4/17/2019,31700
4/18/2019,31400
4/19/2019,31500
4/20/2019,31500
4/21/2019,31500
4/22/2019,31500
4/23/2019,31500
4/24/2019,31300
4/25/2019,31200
4/26/2019,31200
4/27/2019,31600
4/28/2019,31600
4/29/2019,31600
4/30/2019,31500
5/1/2019,31500
5/2/2019,31000
5/3/2019,31200
5/4/2019,30900
5/5/2019,30900
5/6/2019,30900
5/7/2019,30900
5/8/2019,29900
5/9/2019,29800
5/10/2019,30900
5/11/2019,31400
5/12/2019,31400
5/13/2019,31400
5/14/2019,31100
5/15/2019,32100
5/16/2019,31700
5/17/2019,30900
5/18/2019,30300
5/19/2019,30300
5/20/2019,30300
5/21/2019,31000
5/22/2019,31600
5/23/2019,31500
5/24/2019,31700
5/25/2019,31700
5/26/2019,31700
5/27/2019,31800
5/28/2019,31800
5/29/2019,31900
5/30/2019,32700
5/31/2019,33500
6/1/2019,33900
6/2/2019,33900
6/3/2019,34000
6/4/2019,34000
6/5/2019,34100
6/6/2019,32700
6/7/2019,33300
6/8/2019,33200
6/9/2019,33200
6/10/2019,33200
6/11/2019,33100
6/12/2019,32600
6/13/2019,33000
6/14/2019,32900
6/15/2019,32500
6/16/2019,32500
6/17/2019,32500
6/18/2019,32300
6/19/2019,32000
6/20/2019,32000
6/21/2019,33200
6/22/2019,33200
6/23/2019,33200
6/24/2019,33200
6/25/2019,33400
6/26/2019,34100
6/27/2019,33700
6/28/2019,33800
6/29/2019,34200
6/30/2019,34200
7/1/2019,34200
7/2/2019,34700
7/3/2019,34300
7/4/2019,34500
7/5/2019,34900
7/6/2019,34300
7/7/2019,34300
7/8/2019,34300
7/9/2019,34000
7/10/2019,34200
7/11/2019,34100
7/12/2019,34000
7/13/2019,33900
7/14/2019,33900
7/15/2019,34000
7/16/2019,34200
7/17/2019,33800
7/18/2019,34200
7/19/2019,34300
7/20/2019,34100
7/21/2019,34100
7/22/2019,34100
7/23/2019,33600
7/24/2019,33800
7/25/2019,33700
7/26/2019,33600
7/27/2019,33200
7/28/2019,33200
7/29/2019,33200
7/30/2019,33700
7/31/2019,33500
8/1/2019,33300
8/2/2019,32800
8/3/2019,32900
8/4/2019,32900
8/5/2019,32800
8/6/2019,32600
8/7/2019,32800
8/8/2019,32700
8/9/2019,32900
8/10/2019,32700
8/11/2019,32700
8/12/2019,32800
8/13/2019,32400
8/14/2019,33100
8/15/2019,33200
8/16/2019,33500
8/17/2019,33200
8/18/2019,33200
8/19/2019,33200
8/20/2019,33100
8/21/2019,33300
8/22/2019,33400
8/23/2019,33400
8/24/2019,33100
8/25/2019,33100
8/26/2019,33200
8/27/2019,33200
8/28/2019,33600
8/29/2019,33800
8/30/2019,33300
8/31/2019,33500
9/1/2019,33500
9/2/2019,33500
9/3/2019,33500
9/4/2019,33100
9/5/2019,33300
9/6/2019,32700
9/7/2019,33200
9/8/2019,33200
9/9/2019,33200
9/10/2019,33400
9/11/2019,33900
9/12/2019,34100
9/13/2019,34000
9/14/2019,33600
9/15/2019,33600
9/16/2019,33600
9/17/2019,33700
9/18/2019,33400
9/19/2019,33500
9/20/2019,33300
9/21/2019,33400
9/22/2019,33400
9/23/2019,33400
9/24/2019,33600
9/25/2019,33600
9/26/2019,33500
9/27/2019,33600
9/28/2019,33600
9/29/2019,33600
9/30/2019,33600
10/1/2019,33600
10/2/2019,33400
10/3/2019,33300
10/4/2019,33500
10/5/2019,33200
10/6/2019,33200
10/7/2019,33200
10/8/2019,32500
10/9/2019,32600
10/10/2019,32600
10/11/2019,32500
10/12/2019,32200
10/13/2019,32200
10/14/2019,32000
10/15/2019,32200
10/16/2019,32000
10/17/2019,31400
10/18/2019,31100
10/19/2019,31600
10/20/2019,31600
10/21/2019,31400
10/22/2019,31300
10/23/2019,31400
10/24/2019,31300
10/25/2019,31200
10/26/2019,31400
10/27/2019,31400
10/28/2019,31200
10/29/2019,31700
10/30/2019,31700
10/31/2019,32000
11/1/2019,32700
11/2/2019,32700
11/3/2019,32700
11/4/2019,32600
11/5/2019,32300
11/6/2019,32700
11/7/2019,33000
11/8/2019,33500
11/9/2019,33600
11/10/2019,33600
11/11/2019,33600
11/12/2019,33300
11/13/2019,33200
11/14/2019,34000
11/15/2019,34200
11/16/2019,33600
11/17/2019,33600
11/18/2019,33600
11/19/2019,33200
11/20/2019,32700
11/21/2019,33600
11/22/2019,33700
11/23/2019,33600
11/24/2019,33600
11/25/2019,33600
11/26/2019,33900
11/27/2019,32900
11/28/2019,33200
11/29/2019,33100
11/30/2019,33300
12/1/2019,33300
12/2/2019,33300
12/3/2019,33300
12/4/2019,33400
12/5/2019,32500
12/6/2019,33200
12/7/2019,33500
12/8/2019,33500
12/9/2019,33400
12/10/2019,33100
12/11/2019,33500
12/12/2019,33000
12/13/2019,33400
12/14/2019,32800
12/15/2019,32800
12/16/2019,32700
12/17/2019,33300
12/18/2019,32700
12/19/2019,32500
12/20/2019,32000
12/21/2019,32100
12/22/2019,32100
12/23/2019,32100
12/24/2019,31700
12/25/2019,32000
12/26/2019,32100
12/27/2019,32100
12/28/2019,32800
12/29/2019,32800
12/30/2019,32800
12/31/2019,32600
1/1/2020,32600
1/2/2020,32800
1/3/2020,32700
1/4/2020,32600
1/5/2020,32600
1/6/2020,32500
1/7/2020,32100
1/8/2020,32300
1/9/2020,32200
1/10/2020,31900
1/11/2020,32100
1/12/2020,32100
1/13/2020,32100
1/14/2020,31500
1/15/2020,31700
1/16/2020,31900
1/17/2020,31600
1/18/2020,31700
1/19/2020,31700
1/20/2020,31700
1/21/2020,31400
1/22/2020,31900
1/23/2020,32000
1/24/2020,32500
1/25/2020,31500
1/26/2020,31500
1/27/2020,31500
1/28/2020,31600
1/29/2020,31500
1/30/2020,31000
1/31/2020,30900
2/1/2020,31400
2/2/2020,31400
2/3/2020,31400
2/4/2020,30800
2/5/2020,30700
2/6/2020,30700
2/7/2020,30900
2/8/2020,30800
2/9/2020,30800
2/10/2020,30900
2/11/2020,30800
2/12/2020,31000
2/13/2020,30800
2/14/2020,31200
2/15/2020,31600
2/16/2020,31600
2/17/2020,31600
2/18/2020,31600
2/19/2020,31200
2/20/2020,31100
2/21/2020,31200
2/22/2020,31500
2/23/2020,31500
2/24/2020,31400
2/25/2020,30900
2/26/2020,31400
2/27/2020,31700
2/28/2020,31600
2/29/2020,31500
3/1/2020,31500
3/2/2020,31350
3/3/2020,31700
3/4/2020,32400
3/5/2020,31900
3/6/2020,31000
3/7/2020,30800
3/8/2020,30800
3/9/2020,30800
3/10/2020,30800
3/11/2020,31400
3/12/2020,31200
3/13/2020,30700
3/14/2020,30600
3/15/2020,30600
3/16/2020,30600
3/17/2020,30200
3/18/2020,30000
3/19/2020,30300
3/20/2020,30100
3/21/2020,30700
3/22/2020,30700
3/23/2020,30600
3/24/2020,30700
3/25/2020,30900
3/26/2020,30900
3/27/2020,30500
3/28/2020,29800
3/29/2020,29800
3/30/2020,29800
3/31/2020,29800
4/1/2020,29500
4/2/2020,29200
4/3/2020,29800
4/4/2020,29700
4/5/2020,29700
4/6/2020,29800
4/7/2020,29800
4/8/2020,30000
4/9/2020,29900
4/10/2020,29700
4/11/2020,29900
4/12/2020,29900
4/13/2020,29900
4/14/2020,29900
4/15/2020,29400
4/16/2020,30000
4/17/2020,30100
4/18/2020,29800
4/19/2020,29800
4/20/2020,29900
4/21/2020,29700
4/22/2020,29300
4/23/2020,29300
4/24/2020,29200
4/25/2020,29300
4/26/2020,29300
4/27/2020,29500
4/28/2020,29600
4/29/2020,30200
4/30/2020,30300
5/1/2020,30500
5/2/2020,30700
5/3/2020,30700
5/4/2020,30900
5/5/2020,30700
5/6/2020,30900
5/7/2020,31000
5/8/2020,30700
5/9/2020,30700
5/10/2020,30700
5/11/2020,30750
5/12/2020,31000
5/13/2020,30600
5/14/2020,30700
5/15/2020,30900
5/16/2020,31100
5/17/2020,31100
5/18/2020,31100
5/19/2020,31200
5/20/2020,31200
5/21/2020,31200
5/22/2020,31200
5/23/2020,31600
5/24/2020,31600
5/25/2020,31600
5/26/2020,31600
5/27/2020,31800
5/28/2020,31800
5/29/2020,31200
5/30/2020,31000
5/31/2020,31000
6/1/2020,31100
6/2/2020,30900
6/3/2020,31200
6/4/2020,31900
6/5/2020,31800
6/6/2020,31800
6/7/2020,31800
6/8/2020,32500
6/9/2020,32700
6/10/2020,32100
6/11/2020,32200
6/12/2020,31600
6/13/2020,31400
6/14/2020,31400
6/15/2020,31400
6/16/2020,31100
6/17/2020,30800
6/18/2020,30800
6/19/2020,30600
6/20/2020,30700
6/21/2020,30700
6/22/2020,30700
6/23/2020,30900
6/24/2020,30800
6/25/2020,30700
6/26/2020,30300
6/27/2020,30600
6/28/2020,30600
6/29/2020,30600
6/30/2020,31100
7/1/2020,31300
7/2/2020,31600
7/3/2020,31500
7/4/2020,31700
7/5/2020,31700
7/6/2020,31700
7/7/2020,31200
7/8/2020,31600
7/9/2020,31600
7/10/2020,31700
7/11/2020,31700
7/12/2020,31700
7/13/2020,31600
7/14/2020,32100
7/15/2020,31900
7/16/2020,32100
7/17/2020,32200
7/18/2020,32800
7/19/2020,32800
7/20/2020,32500
7/21/2020,32000
7/22/2020,32500
7/23/2020,32500
7/24/2020,32600
7/25/2020,32700
7/26/2020,32700
7/27/2020,32700
7/28/2020,32500
7/29/2020,32300
7/30/2020,32500
7/31/2020,32500
8/1/2020,32600
8/2/2020,32600
8/3/2020,32600
8/4/2020,32600
8/5/2020,33400
8/6/2020,32900
8/7/2020,32400
8/8/2020,32600
8/9/2020,32600
8/10/2020,32600
8/11/2020,32500
8/12/2020,32400
8/13/2020,32500
8/14/2020,33000
8/15/2020,33000
8/16/2020,33000
8/17/2020,33000
8/18/2020,32900
8/19/2020,33200
8/20/2020,33000
8/21/2020,33000
8/22/2020,33400
8/23/2020,33400
8/24/2020,33400
8/25/2020,33300
8/26/2020,33600
8/27/2020,33700
8/28/2020,33300
8/29/2020,33600
8/30/2020,33600
8/31/2020,33600
9/1/2020,33600
9/2/2020,34100
9/3/2020,33800
9/4/2020,33700
9/5/2020,33800
9/6/2020,33800
9/7/2020,33800
9/8/2020,33500
9/9/2020,33500
9/10/2020,33500
9/11/2020,33500
9/12/2020,33500
9/13/2020,33500
9/14/2020,33700
9/15/2020,32900
9/16/2020,33000
9/17/2020,32900
9/18/2020,32800
9/19/2020,32300
9/20/2020,32300
9/21/2020,32400
9/22/2020,32200
9/23/2020,32100
9/24/2020,32200
9/25/2020,32200
9/26/2020,32400
9/27/2020,32400
9/28/2020,32400
9/29/2020,31800
9/30/2020,31500
10/1/2020,31600
10/2/2020,31500
10/3/2020,31700
10/4/2020,31700
10/5/2020,32000
10/6/2020,31900
10/7/2020,31800
10/8/2020,31600
10/9/2020,31700
10/10/2020,31900
10/11/2020,31900
10/12/2020,31700
10/13/2020,31200
10/14/2020,31100
10/15/2020,31600
10/16/2020,31600
10/17/2020,32000
10/18/2020,32000
10/19/2020,32000
10/20/2020,32100
10/21/2020,31800
10/22/2020,31600
10/23/2020,32200
10/24/2020,32200
10/25/2020,32200
10/26/2020,32200
10/27/2020,32400
10/28/2020,33000
10/29/2020,33000
10/30/2020,32900
10/31/2020,32900
11/1/2020,32900
11/2/2020,33000
11/3/2020,32900
11/4/2020,32800
11/5/2020,32700
11/6/2020,33200
11/7/2020,33400
11/8/2020,33400
11/9/2020,33300
11/10/2020,33300
11/11/2020,33500
11/12/2020,33800
11/13/2020,34000
11/14/2020,33900
11/15/2020,33900
11/16/2020,33900
11/17/2020,34400
11/18/2020,33800
11/19/2020,33500
11/20/2020,33100
11/21/2020,33000
11/22/2020,33000
11/23/2020,33000
11/24/2020,32800
11/25/2020,32500
11/26/2020,32500
11/27/2020,33200
11/28/2020,33200
11/29/2020,33200
11/30/2020,33200
12/1/2020,33000
12/2/2020,32800
12/3/2020,32000
12/4/2020,32100
12/5/2020,31900
12/6/2020,31900
12/7/2020,31900
12/8/2020,31800
12/9/2020,31800
12/10/2020,31700
12/11/2020,32900
12/12/2020,32900
12/13/2020,32900
12/14/2020,32800
12/15/2020,33200
12/16/2020,32900
12/17/2020,33000
12/18/2020,33000
12/19/2020,32800
12/20/2020,32800
12/21/2020,32800
12/22/2020,32800
12/23/2020,32800
12/24/2020,32800
12/25/2020,32900
12/26/2020,32900
12/27/2020,32900
12/28/2020,32900
12/29/2020,32900
12/30/2020,32900
12/31/2020,32800
1/1/2021,33000
1/2/2021,33000
1/3/2021,33000
1/4/2021,32900
1/5/2021,32600
1/6/2021,32500
1/7/2021,32300
1/8/2021,32000
1/9/2021,31700
1/10/2021,31700
1/11/2021,31700
1/12/2021,31600
1/13/2021,31300
1/14/2021,32000
1/15/2021,31900
1/16/2021,32200
1/17/2021,32200
1/18/2021,32200
1/19/2021,32000
1/20/2021,31900
1/21/2021,31800
1/22/2021,31500
1/23/2021,31300
1/24/2021,31300
1/25/2021,31300
1/26/2021,31300
1/27/2021,31500
1/28/2021,31500
1/29/2021,31300
1/30/2021,31400
1/31/2021,31400
2/1/2021,31400
2/2/2021,31700
2/3/2021,31300
2/4/2021,31300
2/5/2021,31700
2/6/2021,31700
2/7/2021,31700
2/8/2021,31700
2/9/2021,31600
2/10/2021,31800
2/11/2021,31300
2/12/2021,31700
2/13/2021,31800
2/14/2021,31800
2/15/2021,31800
2/16/2021,31600
2/17/2021,31600
2/18/2021,31800
2/19/2021,31900
2/20/2021,31700
2/21/2021,31700
2/22/2021,31700
2/23/2021,32500
2/24/2021,32900
2/25/2021,32900
2/26/2021,33100
2/27/2021,32900
2/28/2021,32900
3/1/2021,32900
3/2/2021,32800
3/3/2021,32700
3/4/2021,32050
3/5/2021,32500
3/6/2021,32400
3/7/2021,32400
3/8/2021,32400
3/9/2021,32100
3/10/2021,32700
3/11/2021,32800
3/12/2021,32900
3/13/2021,32600
3/14/2021,32600
3/15/2021,32700
3/16/2021,32500
3/17/2021,32900
3/18/2021,33000
3/19/2021,32500
3/20/2021,32400
3/21/2021,32400
3/22/2021,32500
3/23/2021,32500
3/24/2021,32400
3/25/2021,32200
3/26/2021,32200
3/27/2021,32200
3/28/2021,32700
3/29/2021,32700
3/30/2021,32300
3/31/2021,31900
4/1/2021,32100
4/2/2021,32000
4/3/2021,32000
4/4/2021,32000
4/5/2021,32100
4/6/2021,32100
4/7/2021,32200
4/8/2021,32100
4/9/2021,32500
4/10/2021,32400
4/11/2021,32400
4/12/2021,32400
4/13/2021,32500
4/14/2021,32500
4/15/2021,32900
4/16/2021,32800
4/17/2021,32600
4/18/2021,32600
4/19/2021,32600
4/20/2021,32700
4/21/2021,33000
4/22/2021,32900
4/23/2021,32900
4/24/2021,33000
4/25/2021,33000
4/26/2021,33000
4/27/2021,33300
4/28/2021,33500
4/29/2021,33500
4/30/2021,33200
5/1/2021,33300
5/2/2021,33300
5/3/2021,33400
5/4/2021,33200
5/5/2021,33500
5/6/2021,34200
5/7/2021,34300
5/8/2021,34100
5/9/2021,34100
5/10/2021,34000
5/11/2021,33600
5/12/2021,33900
5/13/2021,33500
5/14/2021,33200
5/15/2021,32500
5/16/2021,32500
5/17/2021,32400
5/18/2021,32400
5/19/2021,33100
5/20/2021,32700
5/21/2021,32700
5/22/2021,32700
5/23/2021,32700
5/24/2021,32800
5/25/2021,32800
5/26/2021,33100
5/27/2021,33500
5/28/2021,33800
5/29/2021,34500
5/30/2021,34500
5/31/2021,34400
6/1/2021,34400
6/2/2021,34500
6/3/2021,34500
6/4/2021,34500
6/5/2021,34800
6/6/2021,34800
6/7/2021,34800
6/8/2021,34900
6/9/2021,34400
6/10/2021,34400
6/11/2021,34200
6/12/2021,34300
6/13/2021,34300
6/14/2021,34300
6/15/2021,34000
6/16/2021,34100
6/17/2021,34600
6/18/2021,34100
6/19/2021,34500
6/20/2021,34500
6/21/2021,34600
6/22/2021,34700
6/23/2021,34400
6/24/2021,34800
6/25/2021,35200
6/26/2021,35700
6/27/2021,35700
6/28/2021,35700
6/29/2021,36200
6/30/2021,35500
7/1/2021,36100
7/2/2021,36000
7/3/2021,36100
7/4/2021,36100
7/5/2021,36000
7/6/2021,35600
7/7/2021,35500
7/8/2021,35900
7/9/2021,36000
7/10/2021,36500
7/11/2021,36500
7/12/2021,36300
7/13/2021,36300
7/14/2021,35800
7/15/2021,36300
7/16/2021,36300
7/17/2021,36300
7/18/2021,36300
7/19/2021,36300
7/20/2021,36300
7/21/2021,36300
7/22/2021,36300
7/23/2021,36300
7/24/2021,36300
7/25/2021,36300
7/26/2021,36300
7/27/2021,36300
7/28/2021,36300
7/29/2021,36300
7/30/2021,36300
7/31/2021,36300
8/1/2021,36300
8/2/2021,36700
8/3/2021,36600
8/4/2021,37000
8/5/2021,37000
8/6/2021,36900
8/7/2021,36500
8/8/2021,36500
8/9/2021,36500
8/10/2021,37200
8/11/2021,38000
8/12/2021,37900
8/13/2021,37800
8/14/2021,37400
8/15/2021,37400
8/16/2021,37500
8/17/2021,37900
8/18/2021,37800
8/19/2021,38100
8/20/2021,37800
8/21/2021,38300
8/22/2021,38300
8/23/2021,38300
8/24/2021,38700
8/25/2021,39500
8/26/2021,39500
8/27/2021,39500
8/28/2021,40000
8/29/2021,40000
8/30/2021,39900
8/31/2021,39900
9/1/2021,39900
9/2/2021,40300
9/3/2021,40100
9/4/2021,40100
9/5/2021,40100
9/6/2021,40000
9/7/2021,40100
9/8/2021,40300
9/9/2021,40000
9/10/2021,39600
9/11/2021,39500
9/12/2021,39500
9/13/2021,39500
9/14/2021,39500
9/15/2021,39800
9/16/2021,40000
9/17/2021,40500
9/18/2021,41000
9/19/2021,41000
9/20/2021,40800
9/21/2021,40800
9/22/2021,40800
9/23/2021,40800
9/24/2021,40800
9/25/2021,40800
9/26/2021,40800
9/27/2021,40700
9/28/2021,40300
9/29/2021,40800
9/30/2021,40000
10/1/2021,40200
10/2/2021,40800
10/3/2021,40800
10/4/2021,40800
10/5/2021,40500
10/6/2021,40000
10/7/2021,40100
10/8/2021,40100
10/9/2021,40100
10/10/2021,40100
10/11/2021,40100
10/12/2021,40000
10/13/2021,40800
10/14/2021,40600
10/15/2021,40600
10/16/2021,40400
10/17/2021,40400
10/18/2021,40400
10/19/2021,40300
10/20/2021,40400
10/21/2021,40600
10/22/2021,40700
10/23/2021,40800
10/24/2021,40800
10/25/2021,40800
10/26/2021,41400
10/27/2021,42400
10/28/2021,41400
10/29/2021,41000
10/30/2021,41600
10/31/2021,41600
11/1/2021,41500
11/2/2021,42300
11/3/2021,41700
11/4/2021,41700
11/5/2021,41100
11/6/2021,40700
11/7/2021,40700
11/8/2021,40800
11/9/2021,40500
11/10/2021,41100
11/11/2021,41000
11/12/2021,41500
11/13/2021,41300
11/14/2021,41300
11/15/2021,41300
11/16/2021,41200
11/17/2021,40700
11/18/2021,41000
11/19/2021,40500
11/20/2021,41000
11/21/2021,41000
11/22/2021,41100
11/23/2021,41200
11/24/2021,41400
11/25/2021,41200
11/26/2021,41400
11/27/2021,41400
11/28/2021,41400
11/29/2021,41500
11/30/2021,40800
12/1/2021,40800
12/2/2021,41500
12/3/2021,41700
12/4/2021,42000
12/5/2021,42000
12/6/2021,42000
12/7/2021,42000
12/8/2021,41200
12/9/2021,41500
12/10/2021,41600
12/11/2021,41600
12/12/2021,41600
12/13/2021,41700
12/14/2021,41700
12/15/2021,41700
12/16/2021,41400
12/17/2021,41300
12/18/2021,41600
12/19/2021,41600
12/20/2021,41500
12/21/2021,41100
12/22/2021,41300
12/23/2021,41500
12/24/2021,41600
12/25/2021,41700
12/26/2021,41700
12/27/2021,41700
12/28/2021,41600
12/29/2021,41300
12/30/2021,41500
12/31/2021,41600
1/1/2022,41500
1/2/2022,41500
1/3/2022,41500
1/4/2022,41500
1/5/2022,41200
1/6/2022,40700
1/7/2022,40600
1/8/2022,40800
1/9/2022,40800
1/10/2022,40800
1/11/2022,40000
1/12/2022,40100
1/13/2022,40400
1/14/2022,39800
1/15/2022,39800
1/16/2022,39800
1/17/2022,39800
1/18/2022,39800
1/19/2022,39600
1/20/2022,40200
1/21/2022,40200
1/22/2022,39900
1/23/2022,39900
1/24/2022,39900
1/25/2022,39600
1/26/2022,40300
1/27/2022,39900
1/28/2022,39800
1/29/2022,39900
1/30/2022,39900
1/31/2022,39900
2/1/2022,39800
2/2/2022,39900
2/3/2022,40200
2/4/2022,40500
2/5/2022,40500
2/6/2022,40500
2/7/2022,40600
2/8/2022,40700
2/9/2022,40900
2/10/2022,41400
2/11/2022,41400
2/12/2022,41500
2/13/2022,41500
2/14/2022,41500
2/15/2022,41100
2/16/2022,41600
2/17/2022,41800
2/18/2022,41800
2/19/2022,41400
2/20/2022,41400
2/21/2022,41500
2/22/2022,41200
2/23/2022,41800
2/24/2022,41400
2/25/2022,41000
2/26/2022,41000
2/27/2022,41000
2/28/2022,41000
3/1/2022,40000
3/2/2022,40000
3/3/2022,39500
3/4/2022,39200
3/5/2022,39700
3/6/2022,39700
3/7/2022,39800
3/8/2022,39800
3/9/2022,40800
3/10/2022,41000
3/11/2022,40800
3/12/2022,40800
3/13/2022,40800
3/14/2022,40800
3/15/2022,41000
3/16/2022,40500
3/17/2022,41500
3/18/2022,41400
3/19/2022,41800
3/20/2022,41800
3/21/2022,41800
3/22/2022,41900
3/23/2022,41900
3/24/2022,41200
3/25/2022,41200
3/26/2022,41400
3/27/2022,41400
3/28/2022,41500
3/29/2022,41400
3/30/2022,41200
3/31/2022,41600
4/1/2022,41600
4/2/2022,41500
4/3/2022,41500
4/4/2022,41500
4/5/2022,41400
4/6/2022,41200
4/7/2022,41000
4/8/2022,40800
4/9/2022,41300
4/10/2022,41300
4/11/2022,41200
4/12/2022,41400
4/13/2022,41300
4/14/2022,41100
4/15/2022,41000
4/16/2022,41000
4/17/2022,41000
4/18/2022,41000
4/19/2022,41000
4/20/2022,41000
4/21/2022,41000
4/22/2022,41400
4/23/2022,41400
4/24/2022,41400
4/25/2022,41500
4/26/2022,40700
4/27/2022,40500
4/28/2022,40300
4/29/2022,41400
4/30/2022,41800
5/1/2022,41800
5/2/2022,41800
5/3/2022,41600
5/4/2022,41800
5/5/2022,42200
5/6/2022,42100
5/7/2022,41100
5/8/2022,41100
5/9/2022,41000
5/10/2022,40200
5/11/2022,40200
5/12/2022,41400
5/13/2022,41000
5/14/2022,40800
5/15/2022,40800
5/16/2022,40900
5/17/2022,41600
5/18/2022,41900
5/19/2022,41200
5/20/2022,41500
5/21/2022,41200
5/22/2022,41200
5/23/2022,41200
5/24/2022,41000
5/25/2022,41000
5/26/2022,41800
5/27/2022,42200
5/28/2022,42000
5/29/2022,42000
5/30/2022,42000
5/31/2022,42100
6/1/2022,42100
6/2/2022,43100
6/3/2022,43100
6/4/2022,43100
6/5/2022,43100
6/6/2022,42900
6/7/2022,42900
6/8/2022,42600
6/9/2022,42500
6/10/2022,42300
6/11/2022,42100
6/12/2022,42100
6/13/2022,42200
6/14/2022,41600
6/15/2022,41800
6/16/2022,42200
6/17/2022,43100
6/18/2022,42800
6/19/2022,42800
6/20/2022,42800
6/21/2022,42900
6/22/2022,43400
6/23/2022,43700
6/24/2022,43300
6/25/2022,43000
6/26/2022,43000
6/27/2022,43000
6/28/2022,42900
6/29/2022,42500
6/30/2022,43100
7/1/2022,42800
7/2/2022,42400
7/3/2022,42400
7/4/2022,42400
7/5/2022,42300
7/6/2022,41900
7/7/2022,41800
7/8/2022,41400
7/9/2022,43300
7/10/2022,43300
7/11/2022,42200
7/12/2022,42000
7/13/2022,41800
7/14/2022,42300
7/15/2022,41600
7/16/2022,41500
7/17/2022,41500
7/18/2022,41500
7/19/2022,42800
7/20/2022,43000
7/21/2022,43000
7/22/2022,42800
7/23/2022,42600
7/24/2022,42600
7/25/2022,42700
7/26/2022,42900
7/27/2022,42900
7/28/2022,43800
7/29/2022,44000
7/30/2022,44400
7/31/2022,44400
8/1/2022,44500
8/2/2022,44500
8/3/2022,44500
8/4/2022,44500
8/5/2022,44500
8/6/2022,44900
8/7/2022,44900
8/8/2022,45000
8/9/2022,45700
8/10/2022,46200
8/11/2022,46200
8/12/2022,46200
8/13/2022,49000
8/14/2022,49000
8/15/2022,49000
8/16/2022,49100
8/17/2022,48500
8/18/2022,48400
8/19/2022,48400
8/20/2022,48600
8/21/2022,48600
8/22/2022,48600
8/23/2022,48900
8/24/2022,49200
8/25/2022,50200
8/26/2022,49500
8/27/2022,49500
8/28/2022,49500
8/29/2022,48900
8/30/2022,48800
8/31/2022,48500
9/1/2022,48300
9/2/2022,48000
9/3/2022,47900
9/4/2022,47900
9/5/2022,47900
9/6/2022,47600
9/7/2022,48400
9/8/2022,48200
9/9/2022,48600
9/10/2022,48400
9/11/2022,48400
9/12/2022,48400
9/13/2022,48300
9/14/2022,47800
9/15/2022,47700
9/16/2022,47600
9/17/2022,47500
9/18/2022,47500
9/19/2022,47500
9/20/2022,47500
9/21/2022,48000
9/22/2022,47800
9/23/2022,48000
9/24/2022,47900
9/25/2022,47900
9/26/2022,47900
9/27/2022,47400
9/28/2022,47000
9/29/2022,47400
9/30/2022,46900
10/1/2022,46500
10/2/2022,46500
10/3/2022,46500
10/4/2022,46900
10/5/2022,46900
10/6/2022,47000
10/7/2022,46500
10/8/2022,46800
10/9/2022,46800
10/10/2022,46800
10/11/2022,46900
10/12/2022,47100
10/13/2022,46600
10/14/2022,45800
10/15/2022,45000
10/16/2022,45000
10/17/2022,45000
10/18/2022,45000
10/19/2022,44900
10/20/2022,43700
10/21/2022,44300
10/22/2022,44300
10/23/2022,43600
10/24/2022,43600
10/25/2022,43000
10/26/2022,42900
10/27/2022,41500
10/28/2022,41600
10/29/2022,41000
10/30/2022,41000
10/31/2022,41000
11/1/2022,41100
11/2/2022,40800
11/3/2022,41600
11/4/2022,40800
11/5/2022,41300
11/6/2022,41300
11/7/2022,41300
11/8/2022,40900
11/9/2022,40500
11/10/2022,40300
11/11/2022,40500
11/12/2022,40500
11/13/2022,40500
11/14/2022,40500
11/15/2022,40100
11/16/2022,39600
11/17/2022,39400
11/18/2022,39700
11/19/2022,39500
11/20/2022,39500
11/21/2022,39500
11/22/2022,39600
11/23/2022,40200
11/24/2022,39700
11/25/2022,40200
11/26/2022,40500
11/27/2022,40500
11/28/2022,40500
11/29/2022,40600
11/30/2022,40700
12/1/2022,41000
12/2/2022,41100
12/3/2022,41000
12/4/2022,41000
12/5/2022,41000
12/6/2022,41200
12/7/2022,41000
12/8/2022,40800
12/9/2022,40800
12/10/2022,40700
12/11/2022,40700
12/12/2022,40700
12/13/2022,41000
12/14/2022,40800
12/15/2022,40900
12/16/2022,40900
12/17/2022,40700
12/18/2022,40700
12/19/2022,40700
12/20/2022,40500
12/21/2022,40700
12/22/2022,40900
12/23/2022,40900
12/24/2022,40700
12/25/2022,40700
12/26/2022,40700
12/27/2022,40700
12/28/2022,40600
12/29/2022,40500
12/30/2022,39700
12/31/2022,39200
1/1/2023,39200
1/2/2023,39200
1/3/2023,39200
1/4/2023,40000
1/5/2023,40300
1/6/2023,39600
1/7/2023,39400
1/8/2023,39400
1/9/2023,39400
1/10/2023,39900
1/11/2023,39500
1/12/2023,39000
1/13/2023,40400
1/14/2023,41000
1/15/2023,41000
1/16/2023,41100
1/17/2023,41100
1/18/2023,40900
1/19/2023,40900
1/20/2023,41000
1/21/2023,41200
1/22/2023,41200
1/23/2023,41200
1/24/2023,41100
1/25/2023,41200
1/26/2023,41700
1/27/2023,42000
1/28/2023,42800
1/29/2023,42800
1/30/2023,42800
1/31/2023,42500
2/1/2023,43300
2/2/2023,42800
2/3/2023,43200
2/4/2023,42800
2/5/2023,42800
2/6/2023,42800
2/7/2023,43100
2/8/2023,43900
2/9/2023,43400
2/10/2023,43900
2/11/2023,44000
2/12/2023,44000
2/13/2023,44300
2/14/2023,44400
2/15/2023,44900
2/16/2023,44500
2/17/2023,45200
2/18/2023,45700
2/19/2023,45700
2/20/2023,45700
2/21/2023,46000
2/22/2023,46300
2/23/2023,46300
2/24/2023,47500
2/25/2023,47300
2/26/2023,47300
2/27/2023,47400
2/28/2023,47200
3/1/2023,47300
3/2/2023,48100
3/3/2023,48300
3/4/2023,48000
3/5/2023,48000
3/6/2023,48000
3/7/2023,47800
3/8/2023,47900
3/9/2023,48000
3/10/2023,48200
3/11/2023,47800
3/12/2023,47800
3/13/2023,47800
3/14/2023,47500
3/15/2023,46900
3/16/2023,46700
3/17/2023,47200
3/18/2023,46400
3/19/2023,46400
3/20/2023,46400
3/21/2023,46800
3/22/2023,47400
3/23/2023,47300
3/24/2023,47400
3/25/2023,48400
3/26/2023,48400
3/27/2023,48600
3/28/2023,48800
3/29/2023,48300
3/30/2023,48000
3/31/2023,49000
4/1/2023,49000
4/2/2023,49000
4/3/2023,49000
4/4/2023,49000
4/5/2023,49400
4/6/2023,50000
4/7/2023,49600
4/8/2023,49600
4/9/2023,49600
4/10/2023,49600
4/11/2023,49600
4/12/2023,50300
4/13/2023,50400
4/14/2023,51100
4/15/2023,50400
4/16/2023,50400
4/17/2023,50400
4/18/2023,50800
4/19/2023,51000
4/20/2023,51100
4/21/2023,50900
4/22/2023,51000
4/23/2023,51000
4/24/2023,51000
4/25/2023,51700
4/26/2023,51800
4/27/2023,51700
4/28/2023,51700
4/29/2023,51700
4/30/2023,51700
5/1/2023,51700
5/2/2023,51500
5/3/2023,52600
5/4/2023,52600
5/5/2023,52400
5/6/2023,53900
5/7/2023,53900
5/8/2023,53900
5/9/2023,53900
5/10/2023,53800
5/11/2023,54400
5/12/2023,53200
5/13/2023,55300
5/14/2023,55300
5/15/2023,55300
5/16/2023,56300
5/17/2023,56700
5/18/2023,58000
5/19/2023,57800
5/20/2023,59600
5/21/2023,60000
5/22/2023,60000
5/23/2023,61100
5/24/2023,60400
5/25/2023,61000
5/26/2023,60600
5/27/2023,61100
5/28/2023,61100
5/29/2023,61100
5/30/2023,61100
5/31/2023,60800
6/1/2023,60700
6/2/2023,61700
6/3/2023,61200
6/4/2023,61200
6/5/2023,61200
6/6/2023,61700
6/7/2023,61800
6/8/2023,62700
6/9/2023,65100
6/10/2023,64800
6/11/2023,64800
6/12/2023,65000
6/13/2023,64600
6/14/2023,64800
6/15/2023,64900
6/16/2023,66700
6/17/2023,66500
6/18/2023,66500
6/19/2023,66500
6/20/2023,67000
6/21/2023,66700
6/22/2023,66000
6/23/2023,66300
6/24/2023,65700
6/25/2023,65700
6/26/2023,65900
6/27/2023,66500
6/28/2023,66600
6/29/2023,65800
6/30/2023,65400
7/1/2023,64500
7/2/2023,64500
7/3/2023,64600
7/4/2023,65300
7/5/2023,65100
7/6/2023,65100
7/7/2023,64800
7/8/2023,66700
7/9/2023,66700
7/10/2023,66700
7/11/2023,66000
7/12/2023,65900
7/13/2023,65300
7/14/2023,65100
7/15/2023,65400
7/16/2023,65400
7/17/2023,65400
7/18/2023,65600
7/19/2023,65400
7/20/2023,66700
7/21/2023,65500
7/22/2023,66700
7/23/2023,66700
7/24/2023,66700
7/25/2023,67300
7/26/2023,66900
7/27/2023,67100
7/28/2023,67600
7/29/2023,66100
7/30/2023,66100
7/31/2023,66100
8/1/2023,66700
8/2/2023,67100
8/3/2023,67100
8/4/2023,67300
8/5/2023,66800
8/6/2023,66800
8/7/2023,66800
8/8/2023,67800
8/9/2023,67800
8/10/2023,67600
8/11/2023,67500
8/12/2023,67300
8/13/2023,67300
8/14/2023,67200
8/15/2023,65600
8/16/2023,65500
8/17/2023,64500
8/18/2023,64700
8/19/2023,64300
8/20/2023,64300
8/21/2023,64300
8/22/2023,64400
8/23/2023,64500
8/24/2023,65000
8/25/2023,65000
8/26/2023,65600
8/27/2023,65600
8/28/2023,65600
8/29/2023,65700
8/30/2023,65800
8/31/2023,66600
9/1/2023,66500
9/2/2023,66400
9/3/2023,66400
9/4/2023,66400
9/5/2023,66500
9/6/2023,66000
9/7/2023,66100
9/8/2023,65300
9/9/2023,65200
9/10/2023,65200
9/11/2023,65200
9/12/2023,65800
9/13/2023,65600
9/14/2023,66300
9/15/2023,66600
9/16/2023,67600
9/17/2023,67600
9/18/2023,67800
9/19/2023,68200
9/20/2023,67900
9/21/2023,67400
9/22/2023,67400
9/23/2023,66600
9/24/2023,66600
9/25/2023,66600
9/26/2023,66200
9/27/2023,66500
9/28/2023,66300
9/29/2023,66600
9/30/2023,66500
10/1/2023,66500
10/2/2023,66500
10/3/2023,66400
10/4/2023,65400
10/5/2023,65000
10/6/2023,64500
10/7/2023,64200
10/8/2023,64200
10/9/2023,64200
10/10/2023,63700
10/11/2023,63700
10/12/2023,63300
10/13/2023,63400
10/14/2023,63700
10/15/2023,63700
10/16/2023,63700
10/17/2023,63800
10/18/2023,64200
10/19/2023,57200
10/20/2023,58400
10/21/2023,59900
10/22/2023,59900
10/23/2023,60300
10/24/2023,61300
10/25/2023,61000
10/26/2023,61000
10/27/2023,59800
10/28/2023,59500
10/29/2023,59500
10/30/2023,59500
10/31/2023,58500
11/1/2023,59500
11/2/2023,57800
11/3/2023,57900
11/4/2023,58200
11/5/2023,58200
11/6/2023,58100
11/7/2023,58600
11/8/2023,57200
11/9/2023,58000
11/10/2023,58500
11/11/2023,58300
11/12/2023,58300
11/13/2023,58200
11/14/2023,59400
11/15/2023,59200
11/16/2023,60900
11/17/2023,60000
11/18/2023,58800
11/19/2023,58800
11/20/2023,58800
11/21/2023,58300
11/22/2023,57800
11/23/2023,57900
11/24/2023,57900
11/25/2023,58500
11/26/2023,58500
11/27/2023,58500
11/28/2023,58700
11/29/2023,58900
11/30/2023,58900
12/1/2023,60000
12/2/2023,59900
12/3/2023,59900
12/4/2023,59900
12/5/2023,59700
12/6/2023,60500
12/7/2023,60200
12/8/2023,60900
12/9/2023,60700
12/10/2023,60700
12/11/2023,60700
12/12/2023,62500
12/13/2023,64200
12/14/2023,64800
12/15/2023,66100
12/16/2023,67000
12/17/2023,67300
12/18/2023,67300
12/19/2023,66700
12/20/2023,69600
12/21/2023,68000
12/22/2023,69700
12/23/2023,68000
12/24/2023,68000
12/25/2023,68000
12/26/2023,68000
12/27/2023,68000
12/28/2023,68850
12/29/2023,70000
12/30/2023,68200
12/31/2023,68200
