date,price,tavg,tmax,pres
2007-07-17,16000.0,82.8,92.5,1011.0
2007-07-19,16000.0,80.6,92.8,1011.0
2007-07-20,16000.0,83.5,92.8,1011.0
2007-07-23,16000.0,82.9,91.4,1011.0
2007-07-24,16000.0,81.0,93.6,1011.0
2007-07-25,16000.0,81.0,94.3,1011.0
2007-07-26,16000.0,80.1,92.1,1011.0
2007-07-27,18000.0,81.3,92.5,1011.0
2007-07-30,18000.0,77.9,91.9,1011.0
2007-07-31,18000.0,80.8,88.2,1011.0
2007-08-01,18000.0,81.5,90.3,1011.0
2007-08-02,18000.0,75.6,82.0,1011.0
2007-08-03,18000.0,77.9,82.9,1011.0
2007-08-07,18000.0,82.6,91.8,1011.0
2007-08-08,18000.0,80.4,88.3,1011.0
2009-03-26,17000.0,83.8,93.9,1011.0
2009-04-02,17000.0,81.7,94.5,1011.0
2009-04-09,16000.0,81.0,93.6,1011.0
2009-12-02,15000.0,80.1,90.3,1011.0
2009-12-03,15000.0,78.6,90.0,1011.0
2009-12-08,15000.0,78.1,89.6,1011.0
2009-12-09,15000.0,77.7,89.6,1011.0
2009-12-10,12000.0,77.7,87.8,1011.0
2009-12-15,15000.0,81.1,91.8,1011.0
2009-12-16,15000.0,76.8,86.0,1011.0
2009-12-17,15000.0,80.2,89.6,1011.0
2009-12-18,15000.0,81.3,92.7,1011.0
2009-12-21,15000.0,77.4,86.4,1011.0
2009-12-22,15000.0,78.3,88.9,1011.0
2009-12-23,15000.0,79.3,90.5,1011.0
2009-12-24,15000.0,80.6,90.7,1011.0
2009-12-25,13000.0,80.8,91.4,1011.0
2009-12-28,20000.0,79.2,90.7,1011.0
2009-12-30,20000.0,79.9,92.5,1011.0
2009-12-31,20000.0,80.1,92.1,1011.0
2010-01-05,20000.0,80.4,91.8,1011.0
2010-01-07,20000.0,80.1,93.2,1011.0
2010-01-11,20000.0,79.5,88.9,1011.0
2010-01-12,18000.0,78.4,89.6,1011.0
2010-01-13,16000.0,78.4,90.3,1011.0
2010-01-14,17000.0,76.8,89.6,1011.0
2010-01-18,17000.0,79.0,90.3,1011.0
2010-01-19,17000.0,72.1,75.2,1011.0
2010-01-21,17000.0,79.2,90.7,1011.0
2010-01-22,18000.0,80.4,90.0,1011.0
2010-01-25,18000.0,80.2,92.1,1011.0
2010-01-26,18000.0,78.8,88.5,1011.0
2010-01-27,18000.0,80.6,92.5,1011.0
2010-01-28,17000.0,80.4,90.3,1011.0
2010-01-29,17000.0,81.1,92.1,1011.0
2010-02-10,20000.0,80.2,92.1,1011.0
2010-02-22,20000.0,82.0,92.5,1011.0
2010-02-23,20000.0,81.7,92.1,1011.0
2010-02-24,16000.0,80.8,91.4,1011.0
2010-02-25,15000.0,81.7,93.6,1011.0
2010-02-26,15000.0,82.9,94.6,1011.0
2010-02-27,15000.0,83.3,93.6,1011.0
2010-03-01,15000.0,82.6,92.8,1011.0
2010-03-02,15000.0,83.5,93.2,1011.0
2010-03-03,15000.0,82.0,91.9,1011.0
2010-03-04,15000.0,82.8,91.4,1011.0
2010-03-05,15000.0,82.2,91.8,1011.0
2010-03-08,19000.0,83.7,93.6,1011.0
2010-03-10,19000.0,82.8,95.0,1011.0
2010-03-11,19000.0,83.3,95.7,1011.0
2010-03-12,15000.0,84.0,97.5,1011.0
2010-03-15,17000.0,83.1,94.3,1011.0
2010-03-16,17000.0,84.9,96.1,1011.0
2010-03-17,20000.0,84.9,96.1,1011.0
2010-03-18,20000.0,84.6,97.5,1011.0
2010-03-19,20000.0,84.9,97.5,1011.0
2010-03-22,20000.0,84.0,95.7,1011.0
2010-03-23,20000.0,84.6,95.4,1011.0
2010-04-01,20000.0,84.0,94.1,1011.0
2010-04-02,20000.0,84.6,93.9,1011.0
2010-04-05,20000.0,85.5,96.8,1011.0
2010-04-06,17000.0,85.1,93.6,1011.0
2010-04-07,17000.0,85.3,96.8,1011.0
2010-04-08,17000.0,85.3,95.4,1011.0
2010-04-09,17000.0,87.6,95.7,1011.0
2010-04-12,19000.0,84.7,91.4,1011.0
2010-04-13,19000.0,84.4,95.4,1011.0
2010-04-14,18000.0,85.6,97.2,1011.0
2010-04-15,18000.0,86.4,96.8,1011.0
2010-04-19,20000.0,84.2,96.1,1011.0
2010-04-21,20000.0,86.2,95.4,1011.0
2010-04-26,23000.0,87.3,99.3,1011.0
2010-04-28,23000.0,86.5,96.8,1011.0
2010-05-04,23000.0,83.8,93.9,1011.0
2010-05-06,23000.0,86.5,96.8,1011.0
2010-05-07,23000.0,87.6,99.7,1011.0
2010-05-10,23000.0,87.4,98.6,1011.0
2010-05-12,18000.0,88.0,99.7,1011.0
2010-05-17,18000.0,88.5,99.3,1011.0
2010-05-18,18000.0,87.4,99.7,1011.0
2010-05-20,17000.0,87.1,98.2,1011.0
2010-05-21,17000.0,86.2,97.5,1011.0
2010-05-24,18000.0,88.9,99.0,1011.0
2010-05-25,18000.0,86.7,97.5,1011.0
2010-05-26,18000.0,85.8,94.5,1011.0
2010-05-27,20000.0,84.0,96.8,1011.0
2010-05-28,20000.0,82.9,97.5,1011.0
2010-05-31,20000.0,85.5,98.6,1011.0
2010-06-01,20000.0,87.1,99.5,1011.0
2010-06-02,20000.0,85.8,95.7,1011.0
2010-06-03,20000.0,82.0,98.6,1011.0
2010-06-07,22000.0,83.7,95.4,1011.0
2010-06-08,22000.0,82.6,93.7,1011.0
2010-06-10,22000.0,82.0,93.9,1011.0
2010-06-11,22000.0,84.7,95.9,1011.0
2010-06-14,22000.0,82.9,93.2,1011.0
2010-06-15,22000.0,81.9,92.5,1011.0
2010-06-18,22000.0,80.4,89.6,1011.0
2010-06-21,22000.0,80.4,88.5,1011.0
2010-06-22,25000.0,80.8,88.5,1011.0
2010-06-25,25000.0,84.2,93.9,1011.0
2010-06-29,23000.0,81.7,92.1,1011.0
2010-07-02,23000.0,81.0,92.1,1011.0
2010-07-05,23000.0,81.3,91.4,1011.0
2010-07-12,25000.0,79.9,92.1,1011.0
2010-07-13,25000.0,80.6,90.3,1011.0
2010-07-15,23000.0,79.3,92.1,1011.0
2010-07-16,23000.0,79.0,89.6,1011.0
2010-07-20,30000.0,81.5,92.5,1011.0
2010-07-21,30000.0,80.4,91.4,1011.0
2010-07-22,30000.0,81.1,92.1,1011.0
2010-07-23,26000.0,81.3,90.3,1011.0
2010-07-26,26000.0,79.5,85.5,1011.0
2010-07-27,24000.0,80.6,90.3,1011.0
2010-07-28,24000.0,81.0,89.1,1011.0
2010-07-29,24000.0,81.7,92.1,1011.0
2010-07-30,26000.0,82.8,92.1,1011.0
2010-08-02,25000.0,79.5,90.3,1011.0
2010-08-03,25000.0,81.0,91.4,1011.0
2010-08-04,25000.0,83.8,92.5,1011.0
2010-08-05,26000.0,83.1,92.7,1011.0
2010-08-06,26000.0,80.1,88.9,1011.0
2010-08-09,25000.0,80.6,90.7,1011.0
2010-08-10,25000.0,78.1,84.9,1011.0
2010-08-11,26000.0,78.3,88.5,1011.0
2010-08-12,26000.0,82.6,91.8,1011.0
2010-08-13,26000.0,81.3,90.7,1011.0
2010-08-16,25000.0,83.7,93.6,1011.0
2010-08-17,25000.0,83.3,92.5,1011.0
2010-08-18,26000.0,82.2,92.1,1011.0
2010-08-19,28000.0,78.3,86.5,1011.0
2010-08-20,28000.0,77.0,88.9,1011.0
2010-08-23,25000.0,77.2,87.8,1011.0
2010-08-24,25000.0,79.2,87.8,1011.0
2010-08-25,25000.0,82.0,92.5,1011.0
2010-08-26,25000.0,81.0,92.1,1011.0
2010-08-27,25000.0,81.7,92.1,1011.0
2010-08-30,25000.0,79.9,90.7,1011.0
2010-08-31,25000.0,82.0,90.3,1011.0
2010-09-01,25000.0,81.7,92.1,1011.0
2010-09-07,19000.0,82.9,92.1,1011.0
2010-09-08,19000.0,81.1,88.5,1011.0
2010-09-09,19000.0,81.1,92.1,1011.0
2010-09-10,19000.0,81.0,92.1,1011.0
2010-09-11,19000.0,82.8,90.3,1011.0
2010-09-13,18000.0,79.0,90.3,1011.0
2010-09-14,18000.0,79.3,90.3,1011.0
2010-09-15,25000.0,80.1,90.3,1011.0
2010-09-16,19000.0,78.6,89.6,1011.0
2010-09-17,20000.0,79.2,88.5,1011.0
2010-09-20,20000.0,80.2,93.2,1011.0
2010-09-21,20000.0,82.8,93.2,1011.0
2010-09-22,20000.0,82.6,91.4,1011.0
2010-09-23,20000.0,83.5,93.2,1011.0
2010-09-24,18000.0,81.7,92.5,1011.0
2010-09-27,18000.0,81.9,92.1,1011.0
2010-09-28,16000.0,79.7,95.0,1011.0
2010-09-29,16000.0,80.4,92.1,1011.0
2010-09-30,16000.0,80.2,88.9,1011.0
2010-10-01,16000.0,79.2,88.9,1011.0
2010-10-04,16000.0,79.0,92.1,1011.0
2010-10-05,16000.0,77.9,88.5,1011.0
2010-10-06,16000.0,82.0,91.4,1011.0
2010-10-07,16000.0,81.0,90.3,1011.0
2010-10-11,16000.0,75.2,79.3,1011.0
2010-10-13,16000.0,77.9,87.8,1011.0
2010-10-15,16000.0,79.7,86.0,1011.0
2010-10-18,15000.0,80.2,91.4,1011.0
2010-10-19,18000.0,78.4,84.9,1011.0
2010-10-20,18000.0,79.2,89.6,1011.0
2010-10-22,18000.0,78.4,84.7,1011.0
2010-10-27,20000.0,80.4,91.4,1011.0
2010-10-28,20000.0,77.5,86.0,1011.0
2010-10-29,20000.0,76.6,85.1,1011.0
2010-11-02,20000.0,77.7,88.9,1011.0
2010-11-03,24000.0,79.2,88.5,1011.0
2010-11-04,24000.0,76.5,84.6,1011.0
2010-11-05,24000.0,78.1,89.6,1011.0
2010-11-08,24000.0,77.4,84.9,1011.0
2010-11-09,24000.0,79.2,88.9,1011.0
2010-11-10,24000.0,78.6,91.4,1011.0
2010-11-11,24000.0,78.1,90.3,1011.0
2010-11-12,24000.0,80.2,90.1,1011.0
2010-11-17,24000.0,77.5,90.3,1011.0
2010-11-19,24000.0,76.3,86.7,1011.0
2010-11-22,24000.0,77.0,87.8,1011.0
2010-11-23,24000.0,79.5,89.6,1011.0
2010-11-24,24000.0,80.8,88.9,1011.0
2010-11-25,24000.0,79.2,88.9,1011.0
2010-11-26,24000.0,78.3,90.1,1011.0
2010-12-01,24000.0,80.4,89.6,1011.0
2010-12-03,24000.0,80.6,90.3,1011.0
2010-12-06,20000.0,79.5,90.3,1011.0
2010-12-07,20000.0,79.7,90.5,1011.0
2010-12-08,20000.0,79.2,90.5,1011.0
2010-12-09,20000.0,78.1,86.0,1011.0
2010-12-10,20000.0,79.5,88.5,1011.0
2010-12-13,22000.0,79.7,89.6,1011.0
2010-12-15,22000.0,80.4,88.9,1011.0
2010-12-17,22000.0,76.3,86.0,1011.0
2010-12-20,25000.0,79.0,86.0,1011.0
2010-12-21,25000.0,77.4,89.6,1011.0
2010-12-24,25000.0,78.6,90.0,1011.0
2010-12-27,26000.0,78.1,87.8,1011.0
2011-01-05,25000.0,77.7,86.0,1011.0
2011-01-06,25000.0,79.0,90.1,1011.0
2011-01-10,25000.0,79.0,89.8,1011.0
2011-01-11,25000.0,76.8,86.7,1011.0
2011-01-12,25000.0,78.1,87.1,1011.0
2011-01-13,25000.0,76.8,88.3,1011.0
2011-01-14,25000.0,78.6,88.3,1011.0
2011-01-18,25000.0,73.9,86.0,1011.0
2011-01-19,25000.0,77.2,90.3,1011.0
2011-01-20,25000.0,79.0,89.6,1011.0
2011-01-21,25000.0,79.0,89.6,1011.0
2011-01-24,25000.0,75.9,84.6,1011.0
2011-01-25,25000.0,77.5,92.1,1011.0
2011-01-26,25000.0,80.1,92.1,1011.0
2011-02-08,30000.0,78.1,88.9,1011.0
2011-02-09,30000.0,78.3,92.1,1011.0
2011-02-11,30000.0,78.4,90.0,1011.0
2011-02-15,30000.0,81.3,93.7,1011.0
2011-02-16,30000.0,81.1,92.7,1011.0
2011-02-17,30000.0,81.0,93.9,1011.0
2011-02-18,25000.0,81.1,93.2,1011.0
2011-02-21,25000.0,80.8,91.4,1011.0
2011-02-23,25000.0,81.5,93.6,1011.0
2011-02-25,25000.0,81.1,92.8,1011.0
2011-02-28,25000.0,79.9,91.4,1011.0
2011-03-01,25000.0,79.0,90.3,1011.0
2011-03-02,25000.0,81.0,88.2,1011.0
2011-03-03,25000.0,82.2,95.4,1011.0
2011-03-04,25000.0,81.0,94.6,1011.0
2011-03-07,25000.0,82.6,93.6,1011.0
2011-03-09,25000.0,83.7,95.5,1011.0
2011-03-11,25000.0,83.3,97.5,1011.0
2011-03-14,25000.0,82.6,93.9,1011.0
2011-03-15,25000.0,82.8,93.9,1011.0
2011-03-16,25000.0,81.9,95.0,1011.0
2011-03-17,25000.0,79.2,88.2,1011.0
2011-03-18,20000.0,79.5,89.6,1011.0
2011-03-21,20000.0,80.6,93.9,1011.0
2011-03-23,25000.0,79.5,89.6,1011.0
2011-03-24,25000.0,77.7,85.5,1011.0
2011-03-25,25000.0,78.3,88.5,1011.0
2011-03-28,25000.0,80.6,92.5,1011.0
2011-03-29,25000.0,80.1,90.9,1011.0
2011-03-30,25000.0,79.5,88.2,1011.0
2011-03-31,20000.0,81.7,92.1,1011.0
2011-04-01,20000.0,82.2,90.7,1011.0
2011-04-04,20000.0,80.2,89.6,1011.0
2011-04-05,20000.0,81.7,94.5,1011.0
2011-04-06,20000.0,81.9,93.9,1011.0
2011-04-07,20000.0,82.6,94.6,1011.0
2011-04-08,20000.0,82.4,94.6,1011.0
2011-04-09,20000.0,83.3,94.5,1011.0
2011-04-13,20000.0,81.9,94.5,1011.0
2011-04-14,20000.0,83.1,93.2,1011.0
2011-04-15,20000.0,82.9,93.2,1011.0
2011-04-18,20000.0,81.7,97.5,1011.0
2011-04-19,20000.0,81.1,91.4,1011.0
2011-04-20,20000.0,81.3,96.3,1011.0
2011-04-21,22000.0,82.4,96.3,1011.0
2011-04-22,22000.0,82.0,92.1,1011.0
2011-04-25,22000.0,84.0,94.8,1011.0
2011-04-26,25000.0,83.8,97.3,1011.0
2011-04-27,25000.0,84.2,93.2,1011.0
2011-04-28,25000.0,84.4,93.2,1011.0
2011-04-29,25000.0,83.5,94.5,1011.0
2011-05-04,27000.0,84.0,92.7,1011.0
2011-05-05,27000.0,83.3,96.3,1011.0
2011-05-09,27000.0,86.0,96.3,1011.0
2011-05-10,27000.0,83.8,93.2,1011.0
2011-05-11,27000.0,83.7,93.6,1011.0
2011-05-12,27000.0,81.1,93.2,1011.0
2011-05-13,27000.0,82.9,94.6,1011.0
2011-05-17,27000.0,83.8,93.6,1011.0
2011-05-18,27000.0,78.4,90.3,1011.0
2011-05-19,27000.0,82.8,93.2,1011.0
2011-05-20,25000.0,83.8,94.3,1011.0
2011-05-23,25000.0,84.7,93.2,1011.0
2011-05-24,25000.0,85.1,94.6,1011.0
2011-05-26,25000.0,81.1,90.3,1011.0
2011-05-27,25000.0,80.2,90.3,1011.0
2011-05-30,25000.0,78.3,89.6,1011.0
2011-05-31,25000.0,80.2,91.8,1011.0
2011-06-01,25000.0,79.5,87.8,1011.0
2011-06-02,25000.0,83.1,93.9,1011.0
2011-06-03,25000.0,83.1,94.3,1011.0
2011-06-06,25000.0,80.2,91.8,1011.0
2011-06-07,25000.0,81.0,92.7,1011.0
2011-06-08,25000.0,83.7,93.6,1011.0
2011-06-09,25000.0,83.5,92.5,1011.0
2011-06-10,25000.0,82.8,93.2,1011.0
2011-06-13,25000.0,79.9,90.7,1011.0
2011-06-14,25000.0,78.4,88.5,1011.0
2011-06-15,25000.0,80.8,92.5,1011.0
2011-06-16,25000.0,81.9,90.0,1011.0
2011-06-17,25000.0,77.9,88.5,1011.0
2011-06-20,25000.0,81.7,89.6,1011.0
2011-06-21,25000.0,81.7,90.3,1011.0
2011-06-22,23000.0,81.0,89.6,1011.0
2011-06-23,23000.0,81.1,90.0,1011.0
2011-06-24,25000.0,82.8,90.3,1011.0
2011-06-27,25000.0,82.0,94.3,1011.0
2011-06-28,25000.0,82.6,94.3,1011.0
2011-06-29,23000.0,80.8,93.9,1011.0
2011-07-01,20000.0,79.0,88.5,1011.0
2011-07-04,20000.0,79.2,93.9,1011.0
2011-07-05,20000.0,79.5,90.3,1011.0
2011-07-06,16000.0,79.2,89.6,1011.0
2011-07-07,16000.0,82.2,92.7,1011.0
2011-07-08,20000.0,82.9,92.3,1011.0
2011-07-11,14000.0,82.9,89.6,1011.0
2011-07-13,14000.0,79.7,89.6,1011.0
2011-07-15,14000.0,82.4,90.3,1011.0
2011-07-19,17000.0,84.0,93.6,1011.0
2011-07-21,17000.0,81.1,93.6,1011.0
2011-07-22,17000.0,81.3,91.9,1011.0
2011-07-25,17000.0,77.4,86.0,1011.0
2011-07-26,14000.0,79.3,90.5,1011.0
2011-07-27,17000.0,77.5,88.5,1011.0
2011-07-28,17000.0,79.3,88.5,1011.0
2011-07-29,17000.0,78.4,88.9,1011.0
2011-08-01,19000.0,80.2,90.3,1011.0
2011-08-02,16000.0,81.9,91.4,1011.0
2011-08-03,16000.0,83.5,91.4,1011.0
2011-08-04,16000.0,84.4,94.3,1011.0
2011-08-08,16000.0,83.1,94.3,1011.0
2011-08-09,16000.0,83.8,93.2,1011.0
2011-08-10,20000.0,81.3,87.8,1011.0
2011-08-11,20000.0,82.9,93.2,1011.0
2011-08-12,17000.0,81.9,90.7,1011.0
2011-08-15,20000.0,78.1,90.5,1011.0
2011-08-16,17000.0,81.3,92.8,1011.0
2011-08-17,20000.0,82.9,93.9,1011.0
2011-08-18,20000.0,83.5,93.2,1011.0
2011-08-19,17000.0,82.6,89.6,1011.0
2011-08-22,21000.0,80.4,91.4,1011.0
2011-08-23,24000.0,78.6,90.3,1011.0
2011-08-24,24000.0,80.4,92.8,1011.0
2011-08-25,24000.0,80.8,90.0,1011.0
2011-08-29,24000.0,78.1,88.5,1011.0
2011-08-30,24000.0,82.0,90.7,1011.0
2011-08-31,24000.0,81.1,91.4,1011.0
2011-09-01,24000.0,81.9,89.6,1011.0
2011-09-05,24000.0,81.5,89.6,1011.0
2011-09-06,15000.0,81.3,92.1,1011.0
2011-09-07,15000.0,79.7,87.8,1011.0
2011-09-08,15000.0,78.1,88.5,1011.0
2011-09-09,15000.0,79.7,90.0,1011.0
2011-09-12,15000.0,78.3,87.8,1011.0
2011-09-13,17000.0,83.1,90.7,1011.0
2011-09-14,19000.0,82.9,90.3,1011.0
2011-09-15,19000.0,82.2,89.6,1011.0
2011-09-16,19000.0,83.1,93.7,1011.0
2011-09-19,19000.0,80.6,89.6,1011.0
2011-09-20,19000.0,80.8,90.7,1011.0
2011-09-21,19000.0,76.5,85.3,1011.0
2011-09-22,19000.0,77.7,83.1,1011.0
2011-09-23,19000.0,76.5,82.8,1011.0
2011-09-26,19000.0,81.1,92.1,1011.0
2011-09-27,19000.0,78.3,84.2,1011.0
2011-09-28,19000.0,78.1,84.9,1011.0
2011-09-29,22000.0,81.7,90.7,1011.0
2011-09-30,22000.0,81.0,90.3,1011.0
2011-10-03,22000.0,76.3,84.9,1011.0
2011-10-04,22000.0,79.3,90.1,1011.0
2011-10-06,22000.0,80.4,92.1,1011.0
2011-10-07,22000.0,79.3,86.0,1011.0
2011-10-10,22000.0,80.6,88.9,1011.0
2011-10-11,22000.0,79.0,86.2,1011.0
2011-10-12,22000.0,79.0,90.3,1011.0
2011-10-13,22000.0,77.0,84.7,1011.0
2011-10-17,22000.0,80.8,91.4,1011.0
2011-10-18,22000.0,79.9,92.1,1011.0
2011-10-19,22000.0,80.2,93.2,1011.0
2011-10-20,22000.0,80.6,90.3,1011.0
2011-12-01,35000.0,81.0,92.1,1011.0
2011-12-12,15000.0,76.6,87.8,1011.0
2011-12-13,15000.0,77.4,86.0,1011.0
2011-12-14,15000.0,77.9,90.3,1011.0
2011-12-15,15000.0,79.5,91.8,1011.0
2011-12-16,15000.0,79.2,90.3,1011.0
2011-12-19,15000.0,78.1,88.5,1011.0
2011-12-20,15000.0,76.6,84.6,1011.0
2011-12-21,15000.0,79.5,90.3,1011.0
2011-12-22,15000.0,80.2,88.7,1011.0
2011-12-23,15000.0,79.3,90.3,1011.0
2011-12-26,15000.0,78.1,88.5,1011.0
2011-12-27,15000.0,77.7,87.8,1011.0
2011-12-28,15000.0,77.4,86.0,1011.0
2011-12-29,15000.0,79.5,90.3,1011.0
2011-12-30,15000.0,80.1,91.8,1011.0
2012-01-03,15000.0,78.1,88.9,1011.0
2012-01-04,20000.0,78.3,88.9,1011.0
2012-01-16,20000.0,81.1,92.8,1011.0
2012-01-17,20000.0,78.1,88.2,1011.0
2012-01-31,20000.0,80.4,89.6,1011.0
2012-02-01,20000.0,81.0,94.3,1011.0
2012-02-02,20000.0,81.3,92.1,1011.0
2012-02-04,20000.0,82.0,90.1,1011.0
2012-02-06,20000.0,80.4,92.1,1011.0
2012-02-07,25000.0,80.4,89.6,1011.0
2012-02-08,25000.0,80.8,91.8,1011.0
2012-02-09,25000.0,81.0,94.5,1011.0
2012-02-10,25000.0,79.9,93.2,1011.0
2012-02-13,25000.0,80.4,92.8,1011.0
2012-02-14,25000.0,80.1,90.5,1011.0
2012-02-15,25000.0,80.6,90.5,1011.0
2012-02-16,25000.0,81.7,91.4,1011.0
2012-02-17,25000.0,77.7,90.3,1011.0
2012-02-20,25000.0,81.9,91.6,1011.0
2012-02-21,25000.0,81.3,90.3,1011.0
2012-02-22,25000.0,79.7,87.8,1011.0
2012-02-23,25000.0,81.3,91.4,1011.0
2012-02-24,25000.0,82.2,92.8,1011.0
2012-02-27,25000.0,81.9,93.9,1011.0
2012-02-28,25000.0,82.0,93.9,1011.0
2012-03-01,25000.0,82.9,93.9,1011.0
2012-03-05,25000.0,83.7,97.2,1011.0
2012-03-07,25000.0,83.5,93.6,1011.0
2012-03-08,25000.0,83.7,93.2,1011.0
2012-03-09,25000.0,84.4,93.9,1011.0
2012-03-12,25000.0,84.7,97.0,1011.0
2012-03-13,25000.0,83.8,95.7,1011.0
2012-03-14,25000.0,85.3,97.7,1011.0
2012-03-15,25000.0,80.1,93.6,1011.0
2012-03-16,25000.0,82.6,95.5,1011.0
2012-03-19,25000.0,82.9,91.8,1011.0
2012-03-20,25000.0,83.8,93.2,1011.0
2012-03-21,25000.0,79.0,92.1,1011.0
2012-03-22,25000.0,82.9,92.5,1011.0
2012-03-23,25000.0,82.2,93.6,1011.0
2012-03-28,27000.0,82.4,93.9,1011.0
2012-03-30,27000.0,83.5,93.9,1011.0
2012-04-04,27000.0,82.2,91.4,1011.0
2012-04-05,27000.0,83.3,93.9,1011.0
2012-04-06,26000.0,82.8,91.4,1011.0
2012-04-09,26000.0,84.0,95.0,1011.0
2012-04-10,30000.0,83.1,95.0,1011.0
2012-04-11,30000.0,83.5,93.9,1011.0
2012-04-12,30000.0,83.5,91.6,1011.0
2012-04-13,30000.0,82.9,92.1,1011.0
2012-04-16,30000.0,84.6,93.6,1011.0
2012-04-17,30000.0,85.3,93.9,1011.0
2012-04-18,30000.0,85.5,93.7,1011.0
2012-04-19,30000.0,85.6,96.1,1011.0
2012-04-20,30000.0,85.5,95.0,1011.0
2012-04-23,30000.0,84.7,96.3,1011.0
2012-04-24,30000.0,84.9,96.8,1011.0
2012-04-25,30000.0,83.8,97.3,1011.0
2012-04-26,30000.0,81.1,96.8,1011.0
2012-04-27,30000.0,83.5,92.5,1011.0
2012-05-02,30000.0,85.6,95.7,1011.0
2012-05-03,30000.0,84.7,97.2,1011.0
2012-05-04,30000.0,85.5,97.5,1011.0
2012-05-07,30000.0,78.4,91.9,1011.0
2012-05-08,30000.0,80.1,90.3,1011.0
2012-05-09,20000.0,82.2,93.2,1011.0
2012-05-10,20000.0,84.9,95.4,1011.0
2012-05-11,20000.0,82.9,93.6,1011.0
2012-05-14,20000.0,79.3,92.1,1011.0
2012-05-15,20000.0,77.5,89.6,1011.0
2012-05-16,20000.0,79.5,90.0,1011.0
2012-05-17,20000.0,82.6,92.1,1011.0
2012-05-18,20000.0,83.7,95.4,1011.0
2012-05-21,20000.0,85.3,95.4,1011.0
2012-05-23,30000.0,84.0,96.8,1011.0
2012-05-24,30000.0,80.8,92.1,1011.0
2012-05-25,30000.0,80.8,86.7,1011.0
2012-06-05,30000.0,81.7,93.2,1011.0
2012-06-07,40000.0,82.0,92.1,1011.0
2012-06-08,40000.0,79.2,89.6,1011.0
2012-06-11,40000.0,78.3,90.3,1011.0
2012-06-12,40000.0,81.0,89.6,1011.0
2012-06-13,29000.0,83.5,91.4,1011.0
2012-06-14,29000.0,84.0,92.1,1011.0
2012-06-15,29000.0,81.7,90.3,1011.0
2012-06-18,29000.0,79.5,87.1,1011.0
2012-06-20,29000.0,83.8,92.1,1011.0
2012-06-21,29000.0,81.1,93.2,1011.0
2012-06-22,29000.0,83.7,92.5,1011.0
2012-06-25,29000.0,84.0,93.2,1011.0
2012-06-26,32000.0,82.8,94.3,1011.0
2012-06-28,33000.0,81.0,92.5,1011.0
2012-07-02,33000.0,79.9,93.7,1011.0
2012-07-04,33000.0,80.8,90.3,1011.0
2012-07-05,33000.0,82.8,90.7,1011.0
2012-07-06,33000.0,82.2,90.7,1011.0
2012-07-09,33000.0,78.3,92.1,1011.0
2012-07-11,33000.0,78.1,90.3,1011.0
2012-07-12,33000.0,78.4,92.1,1011.0
2012-07-16,33000.0,82.9,94.3,1011.0
2012-07-17,33000.0,80.2,92.1,1011.0
2012-07-18,33000.0,79.3,90.3,1011.0
2012-07-19,33000.0,80.2,92.1,1011.0
2012-07-20,33000.0,81.1,90.7,1011.0
2012-07-23,33000.0,83.8,93.9,1011.0
2012-07-24,31000.0,81.5,90.3,1011.0
2012-07-25,31000.0,82.4,92.1,1011.0
2012-07-26,31000.0,84.2,93.9,1011.0
2012-07-27,31000.0,82.9,92.1,1011.0
2012-07-30,31000.0,81.3,93.7,1011.0
2012-07-31,31000.0,81.0,93.7,1011.0
2012-08-01,31000.0,79.2,90.3,1011.0
2012-08-02,31000.0,78.4,88.2,1011.0
2012-08-03,31000.0,82.0,91.8,1011.0
2012-08-06,31000.0,83.5,93.4,1011.0
2012-08-07,31000.0,82.0,92.1,1011.0
2012-08-08,31000.0,83.8,91.4,1011.0
2012-08-09,31000.0,83.1,92.1,1011.0
2012-08-10,31000.0,82.9,93.9,1011.0
2012-08-13,31000.0,84.7,95.7,1011.0
2012-08-14,31000.0,84.7,93.6,1011.0
2012-08-16,31000.0,82.9,93.2,1011.0
2012-08-17,31000.0,79.0,90.3,1011.0
2012-08-20,31000.0,84.7,93.9,1011.0
2012-08-21,31000.0,82.0,94.3,1011.0
2012-08-22,31000.0,80.4,93.6,1011.0
2012-08-23,31000.0,80.8,91.4,1011.0
2012-08-28,31000.0,79.3,88.5,1011.0
2012-09-04,31000.0,79.0,90.0,1011.0
2012-09-05,31000.0,79.3,87.8,1011.0
2012-09-07,31000.0,80.8,89.6,1011.0
2012-09-10,31000.0,79.9,88.3,1011.0
2012-09-11,31000.0,76.8,88.5,1011.0
2012-09-12,31000.0,78.4,89.6,1011.0
2012-09-13,31000.0,78.4,86.4,1011.0
2012-09-14,31000.0,81.1,91.6,1011.0
2012-09-17,31000.0,79.9,88.5,1011.0
2012-09-20,31000.0,80.2,92.1,1011.0
2012-09-24,31000.0,79.0,92.1,1011.0
2012-09-26,31000.0,77.5,86.4,1011.0
2012-09-28,31000.0,74.8,79.5,1011.0
2012-10-01,31000.0,76.6,87.8,1011.0
2012-10-02,25000.0,79.3,90.3,1011.0
2012-10-03,25000.0,78.1,88.7,1011.0
2012-10-05,25000.0,76.8,84.9,1011.0
2012-10-08,25000.0,80.8,88.2,1011.0
2012-10-09,25000.0,79.9,88.3,1011.0
2012-10-10,23000.0,81.0,91.4,1011.0
2012-10-11,23000.0,81.9,90.3,1011.0
2012-10-12,23000.0,80.2,91.8,1011.0
2012-10-16,20000.0,81.0,91.4,1011.0
2012-10-17,20000.0,81.3,91.4,1011.0
2012-10-18,20000.0,82.4,92.3,1011.0
2012-10-19,20000.0,82.0,92.3,1011.0
2012-10-22,20000.0,81.1,90.3,1011.0
2012-10-24,20000.0,81.0,91.4,1011.0
2012-10-25,20000.0,82.6,90.7,1011.0
2012-10-26,20000.0,82.9,90.7,1011.0
2012-10-31,20000.0,81.3,90.3,1011.0
2012-11-01,20000.0,81.1,90.3,1011.0
2012-11-02,20000.0,81.5,93.6,1011.0
2012-11-05,20000.0,80.2,92.1,1011.0
2012-11-06,25000.0,81.5,90.3,1011.0
2012-11-07,25000.0,82.9,92.1,1011.0
2012-11-12,25000.0,84.2,94.1,1011.0
2012-11-13,20000.0,81.9,90.3,1011.0
2012-11-14,20000.0,76.3,83.1,1011.0
2012-11-15,20000.0,76.6,82.9,1011.0
2012-11-19,20000.0,82.6,92.1,1011.0
2012-11-21,20000.0,81.1,92.1,1011.0
2012-11-22,20000.0,80.8,92.1,1011.0
2012-11-23,20000.0,80.2,89.8,1011.0
2012-11-26,20000.0,82.9,92.1,1011.0
2012-11-27,28000.0,81.1,91.4,1011.0
2012-11-28,28000.0,81.7,92.5,1011.0
2012-11-29,28000.0,81.9,91.8,1011.0
2012-11-30,28000.0,81.3,91.4,1011.0
2012-12-03,28000.0,81.9,93.4,1011.0
2012-12-04,28000.0,79.3,87.8,1011.0
2012-12-05,28000.0,82.0,91.4,1011.0
2012-12-06,28000.0,82.6,90.7,1011.0
2012-12-07,28000.0,80.6,90.3,1011.0
2012-12-10,28000.0,81.9,92.1,1011.0
2012-12-11,28000.0,81.1,90.0,1011.0
2012-12-12,28000.0,80.8,90.3,1011.0
2012-12-13,28000.0,81.5,90.3,1011.0
2012-12-14,28000.0,81.5,93.9,1011.0
2012-12-17,28000.0,82.9,96.8,1011.0
2012-12-18,28000.0,83.5,93.9,1011.0
2012-12-19,28000.0,82.8,93.2,1011.0
2012-12-20,28000.0,82.0,93.2,1011.0
2012-12-21,28000.0,83.5,93.9,1011.0
2012-12-24,28000.0,79.9,89.6,1011.0
2012-12-25,30000.0,81.1,91.8,1011.0
2012-12-26,30000.0,81.7,92.1,1011.0
2012-12-27,35000.0,81.0,92.1,1011.0
2012-12-28,35000.0,83.5,93.6,1011.0
2013-01-02,31000.0,80.4,91.4,1011.0
2013-01-03,31000.0,80.8,80.6,1011.0
2013-01-04,31000.0,79.5,80.6,1011.0
2013-01-05,31000.0,77.9,80.6,1011.0
2013-01-07,31000.0,74.1,77.0,1011.0
2013-01-08,31000.0,78.1,87.8,1011.0
2013-01-09,31000.0,77.0,87.8,1011.0
2013-01-10,35000.0,78.6,87.8,1011.0
2013-01-11,35000.0,79.0,87.8,1011.0
2013-01-14,35000.0,78.3,87.8,1011.0
2013-01-15,35000.0,77.5,89.6,1011.0
2013-01-21,35000.0,80.8,89.6,1011.0
2013-01-29,35000.0,79.2,89.6,1011.0
2013-01-31,35000.0,81.1,91.4,1011.0
2013-02-04,35000.0,83.7,96.8,1011.0
2013-02-06,35000.0,81.7,93.2,1011.0
2013-02-18,35000.0,82.9,96.8,1011.0
2013-02-19,35000.0,81.9,95.0,1011.0
2013-02-20,35000.0,79.9,89.6,1011.0
2013-02-21,35000.0,81.1,89.6,1011.0
2013-02-22,32500.0,79.3,89.6,1011.0
2013-02-26,34000.0,85.5,93.2,1011.0
2013-02-27,34000.0,84.7,93.2,1011.0
2013-02-28,34000.0,84.7,93.2,1011.0
2013-03-01,29500.0,83.5,93.2,1011.0
2013-03-04,34000.0,83.1,93.2,1011.0
2013-03-07,25000.0,81.3,93.2,1011.0
2013-03-08,27500.0,81.9,93.2,1011.0
2013-03-11,30000.0,81.7,89.6,1011.0
2013-03-12,30000.0,81.5,91.4,1011.0
2013-03-13,30000.0,82.6,91.4,1011.0
2013-03-14,30000.0,82.9,93.2,1011.0
2013-03-15,30000.0,81.0,93.2,1011.0
2013-03-21,30000.0,83.3,93.2,1011.0
2013-03-22,30000.0,84.0,93.2,1011.0
2013-03-25,30000.0,85.8,96.8,1011.0
2013-03-26,30000.0,84.4,93.2,1011.0
2013-03-27,30000.0,85.6,95.2,1011.0
2013-03-28,27500.0,85.8,96.8,1011.0
2013-03-29,27500.0,86.4,96.8,1011.0
2013-04-01,27500.0,86.7,96.8,1011.0
2013-04-02,29500.0,86.7,96.8,1011.0
2013-04-03,34000.0,86.0,93.2,1011.0
2013-04-04,25000.0,86.5,100.4,1011.0
2013-04-05,34000.0,88.5,100.4,1011.0
2013-04-08,34000.0,84.9,93.2,1011.0
2013-04-09,30000.0,84.4,89.6,1011.0
2013-04-10,30000.0,84.4,95.0,1011.0
2013-04-11,30000.0,82.6,91.4,1011.0
2013-04-12,30000.0,81.9,91.4,1011.0
2013-04-15,30000.0,85.5,95.0,1011.0
2013-04-16,30000.0,85.6,93.2,1011.0
2013-04-17,30000.0,82.8,93.2,1011.0
2013-04-18,30000.0,84.7,93.2,1011.0
2013-04-23,30000.0,77.5,82.4,1011.0
2013-04-24,30000.0,85.6,93.2,1011.0
2013-04-25,30000.0,85.8,93.2,1011.0
2013-04-26,30000.0,85.3,93.2,1011.0
2013-05-02,30000.0,86.4,93.2,1011.0
2013-05-03,30000.0,82.4,93.2,1011.0
2013-05-04,30000.0,80.8,93.2,1011.0
2013-05-06,30000.0,83.8,98.6,1011.0
2013-05-07,30000.0,83.8,96.8,1011.0
2013-05-08,30000.0,83.8,95.0,1011.0
2013-05-09,30000.0,83.3,93.2,1011.0
2013-05-10,30000.0,82.8,93.2,1011.0
2013-05-13,30000.0,84.9,96.8,1011.0
2013-05-14,32500.0,88.7,98.6,1011.0
2013-05-15,32500.0,81.3,91.4,1011.0
2013-05-16,32500.0,85.3,96.8,1011.0
2013-05-17,32500.0,82.6,93.2,1011.0
2013-05-20,30000.0,83.8,93.2,1011.0
2013-05-21,32500.0,85.8,95.0,1011.0
2013-05-22,35000.0,85.5,91.4,1011.0
2013-05-23,32500.0,83.7,95.0,1011.0
2013-05-24,32500.0,82.4,93.2,1011.0
2013-05-27,32500.0,86.7,95.0,1011.0
2013-05-28,30000.0,82.6,95.0,1011.0
2013-05-29,34000.0,83.5,91.4,1011.0
2013-05-30,34000.0,81.0,89.6,1011.0
2013-05-31,34000.0,79.0,93.2,1011.0
2013-06-03,34000.0,83.3,91.4,1011.0
2013-06-04,34000.0,82.8,89.6,1011.0
2013-06-05,34000.0,84.4,91.4,1011.0
2013-06-06,34000.0,79.9,87.8,1011.0
2013-06-07,34000.0,84.2,93.2,1011.0
2013-06-10,34000.0,84.6,93.2,1011.0
2013-06-11,32000.0,84.6,93.2,1011.0
2013-06-12,32000.0,79.9,89.6,1011.0
2013-06-13,32000.0,80.4,87.8,1011.0
2013-06-14,32000.0,80.4,89.6,1011.0
2013-06-17,32000.0,78.3,87.8,1011.0
2013-06-18,32000.0,81.7,91.4,1011.0
2013-06-19,32000.0,84.9,91.4,1011.0
2013-06-20,32000.0,82.0,91.4,1011.0
2013-06-21,32000.0,83.5,91.4,1011.0
2013-06-24,32000.0,80.2,86.0,1011.0
2013-06-25,32000.0,83.5,93.2,1011.0
2013-06-26,32000.0,84.7,93.2,1011.0
2013-06-27,32000.0,83.8,95.0,1011.0
2013-06-28,32000.0,83.1,91.4,1011.0
2013-07-01,32000.0,84.4,93.2,1011.0
2013-07-02,32000.0,82.8,93.2,1011.0
2013-07-03,32000.0,80.8,91.4,1011.0
2013-07-04,32000.0,80.8,91.4,1011.0
2013-07-05,32000.0,79.3,89.6,1011.0
2013-07-08,32000.0,81.5,91.4,1011.0
2013-07-09,32000.0,78.1,91.4,1011.0
2013-07-10,32000.0,82.0,91.4,1011.0
2013-07-11,32000.0,84.4,93.2,1011.0
2013-07-12,32000.0,84.6,93.2,1011.0
2013-07-15,32000.0,78.6,89.6,1011.0
2013-07-16,32000.0,77.9,84.2,1011.0
2013-07-17,32000.0,79.0,84.2,1011.0
2013-07-18,32000.0,81.0,82.4,1011.0
2013-07-19,32000.0,77.4,82.4,1011.0
2013-07-22,32000.0,77.7,84.2,1011.0
2013-07-23,32000.0,77.7,87.8,1011.0
2013-07-24,32000.0,77.5,89.6,1011.0
2013-07-26,32000.0,82.0,89.6,1011.0
2013-07-29,32000.0,78.3,82.4,1011.0
2013-07-30,32000.0,82.6,87.8,1011.0
2013-07-31,32000.0,79.5,87.8,1011.0
2013-08-01,32000.0,81.3,91.4,1011.0
2013-08-02,32000.0,80.8,91.4,1011.0
2013-08-05,32000.0,82.8,91.4,1011.0
2013-08-06,32000.0,78.6,89.6,1011.0
2013-08-07,30000.0,81.3,89.6,1011.0
2013-08-08,30000.0,81.3,87.8,1011.0
2013-08-09,30000.0,78.8,89.6,1011.0
2013-08-12,30000.0,76.5,80.6,1011.0
2013-08-13,30000.0,77.5,86.0,1011.0
2013-08-14,30000.0,81.9,89.6,1011.0
2013-08-16,30000.0,82.9,89.6,1011.0
2013-08-19,30000.0,83.5,91.4,1011.0
2013-08-20,30000.0,82.6,91.4,1011.0
2013-08-21,30000.0,82.8,91.4,1011.0
2013-08-22,30000.0,82.6,91.4,1011.0
2013-08-23,30000.0,79.5,87.8,1011.0
2013-08-26,30000.0,82.0,89.6,1011.0
2013-08-27,27000.0,80.2,89.6,1011.0
2013-08-29,27000.0,81.7,91.4,1011.0
2013-09-04,27000.0,79.9,91.4,1011.0
2013-09-05,27000.0,81.5,91.4,1011.0
2013-09-06,27000.0,80.2,91.4,1011.0
2013-09-09,27000.0,79.2,87.8,1011.0
2013-09-10,27000.0,78.1,89.6,1011.0
2013-09-12,27000.0,77.4,87.8,1011.0
2013-09-16,27000.0,81.3,87.8,1011.0
2013-09-19,27000.0,79.3,87.8,1011.0
2013-09-23,27000.0,79.0,84.2,1011.0
2013-09-24,27000.0,81.3,87.8,1011.0
2013-09-25,27000.0,82.6,89.6,1011.0
2013-09-26,27000.0,80.4,87.8,1011.0
2013-09-27,27000.0,79.0,86.0,1011.0
2013-09-30,27000.0,80.2,87.8,1011.0
2013-10-02,29000.0,79.7,84.2,1011.0
2013-10-03,29000.0,79.7,84.2,1011.0
2013-10-04,29000.0,79.7,84.2,1011.0
2013-10-07,29000.0,79.2,91.4,1011.0
2013-10-08,29000.0,81.7,91.4,1011.0
2013-10-09,29000.0,78.6,82.4,1011.0
2013-10-10,29000.0,79.5,89.6,1011.0
2013-10-11,29000.0,79.9,89.6,1011.0
2013-10-15,29000.0,81.0,87.8,1011.0
2013-10-16,29000.0,77.9,87.8,1011.0
2013-10-17,29000.0,78.6,89.6,1011.0
2013-10-18,29000.0,80.4,89.6,1011.0
2013-10-21,29000.0,80.2,89.6,1011.0
2013-10-22,29000.0,81.0,89.6,1011.0
2013-10-25,30000.0,79.2,89.6,1011.0
2013-10-28,30000.0,81.3,89.6,1011.0
2013-10-30,30000.0,81.0,89.6,1011.0
2013-10-31,30000.0,81.1,89.6,1011.0
2013-11-01,30000.0,81.1,89.6,1011.0
2013-11-04,30000.0,82.6,89.6,1011.0
2013-11-05,30000.0,81.0,89.6,1011.0
2013-11-06,30000.0,80.2,89.6,1011.0
2013-11-07,30000.0,75.0,89.6,1011.0
2013-11-11,30000.0,82.2,89.6,1011.0
2013-11-12,30000.0,82.8,89.6,1011.0
2013-11-13,30000.0,82.2,91.4,1011.0
2013-11-14,30000.0,82.9,91.4,1011.0
2013-11-15,30000.0,77.2,82.4,1011.0
2013-11-18,30000.0,80.4,87.8,1011.0
2013-11-19,30000.0,81.3,86.0,1011.0
2013-11-20,30000.0,77.7,86.0,1011.0
2013-11-21,30000.0,77.7,89.6,1011.0
2013-11-22,30000.0,79.0,89.6,1011.0
2013-11-25,30000.0,80.1,89.6,1011.0
2013-11-26,30000.0,81.5,89.6,1011.0
2013-11-27,30000.0,79.0,87.8,1011.0
2013-11-28,30000.0,80.1,91.4,1011.0
2013-11-29,30000.0,80.2,89.6,1011.0
2013-12-02,30000.0,78.6,89.6,1011.0
2013-12-03,30000.0,79.7,87.8,1011.0
2013-12-05,30000.0,78.6,87.8,1011.0
2013-12-06,30000.0,77.0,84.2,1011.0
2014-01-03,30000.0,80.8,89.6,1011.0
2014-01-06,30000.0,77.5,89.6,1011.0
2014-01-07,30000.0,80.1,89.6,1011.0
2014-01-08,30000.0,79.0,87.8,1011.0
2014-01-09,30000.0,79.5,87.8,1011.0
2014-01-10,30000.0,78.4,87.8,1011.0
2014-01-13,30000.0,76.8,84.2,1011.0
2014-01-14,30000.0,75.0,84.2,1011.0
2014-01-15,30000.0,73.8,84.2,1011.0
2014-01-17,30000.0,75.0,84.2,1011.0
2014-01-20,30000.0,76.5,86.0,1011.0
2014-01-21,30000.0,75.0,86.0,1011.0
2014-01-22,30000.0,73.6,86.0,1011.0
2014-02-07,30000.0,78.3,89.6,1011.0
2014-02-08,30000.0,78.4,89.6,1011.0
2014-02-10,30000.0,80.2,91.4,1011.0
2014-02-11,30000.0,79.5,89.6,1011.0
2014-02-12,30000.0,79.9,89.6,1011.0
2014-02-13,30000.0,80.4,91.4,1011.0
2014-02-14,30000.0,79.9,91.4,1011.0
2014-02-17,30000.0,78.6,89.6,1011.0
2014-02-18,30000.0,78.8,89.6,1011.0
2014-02-19,30000.0,79.3,89.6,1011.0
2014-02-20,30000.0,80.1,91.4,1011.0
2014-02-21,30000.0,79.9,89.6,1011.0
2014-02-24,30000.0,79.3,91.4,1011.0
2014-02-25,30000.0,79.5,89.6,1011.0
2014-02-26,30000.0,79.9,89.6,1011.0
2014-02-27,30000.0,80.8,91.4,1011.0
2014-03-02,30000.0,80.1,89.6,1011.0
2014-03-03,30000.0,79.9,91.4,1011.0
2014-03-04,30000.0,79.7,89.6,1011.0
2014-03-05,30000.0,80.4,91.4,1011.0
2014-03-06,30000.0,80.6,91.4,1011.0
2014-03-07,30000.0,81.3,91.4,1011.0
2014-03-10,30000.0,83.1,96.8,1011.0
2014-03-12,30000.0,83.5,98.6,1011.0
2014-03-17,30000.0,86.7,93.2,1011.0
2014-03-18,30000.0,84.9,93.2,1011.0
2014-03-19,30000.0,83.1,93.2,1011.0
2014-03-20,30000.0,85.8,96.8,1011.0
2014-03-21,30000.0,82.8,89.6,1011.0
2014-03-24,30000.0,85.8,96.8,1011.0
2014-03-25,35000.0,83.7,96.8,1011.0
2014-03-27,35000.0,86.4,98.6,1011.0
2014-03-28,35000.0,85.3,96.8,1011.0
2014-03-31,35000.0,86.0,96.8,1011.0
2014-04-01,35000.0,85.6,96.8,1011.0
2014-04-02,35000.0,86.7,96.8,1011.0
2014-04-03,35000.0,87.3,95.0,1011.0
2014-04-04,35000.0,84.9,95.0,1011.0
2014-04-10,35000.0,84.9,95.0,1011.0
2014-04-11,35000.0,84.4,95.0,1011.0
2014-04-14,35000.0,84.9,95.0,1011.0
2014-04-15,35000.0,83.1,91.4,1011.0
2014-04-16,35000.0,83.5,95.0,1011.0
2014-04-17,35000.0,84.9,93.2,1011.0
2014-04-21,35000.0,86.7,93.2,1011.0
2014-04-23,38000.0,87.6,95.0,1011.0
2014-04-26,38000.0,87.1,93.2,1011.0
2014-05-05,38000.0,87.6,96.8,1011.0
2014-05-06,38000.0,88.3,93.2,1011.0
2014-05-07,38000.0,86.2,93.2,1011.0
2014-05-08,38000.0,86.7,93.2,1011.0
2014-05-09,38000.0,87.1,95.0,1011.0
2014-05-12,38000.0,83.5,95.0,1011.0
2014-05-13,38000.0,88.3,96.8,1011.0
2014-05-14,38000.0,86.9,96.8,1011.0
2014-05-15,38000.0,86.4,96.8,1011.0
2014-05-19,38000.0,85.5,98.6,1011.0
2014-05-20,38000.0,85.8,96.8,1011.0
2014-05-21,38000.0,87.4,96.8,1011.0
2014-05-23,38000.0,84.6,93.2,1011.0
2014-05-26,40000.0,84.7,91.4,1011.0
2014-05-27,40000.0,86.7,95.0,1011.0
2014-05-28,40000.0,86.2,95.0,1011.0
2014-05-30,40000.0,83.5,91.4,1011.0
2014-06-02,45000.0,79.3,93.2,1011.0
2014-06-05,45000.0,84.0,93.2,1011.0
2014-06-06,45000.0,85.5,93.2,1011.0
2014-06-09,45000.0,86.2,96.8,1011.0
2014-06-10,45000.0,82.9,87.8,1011.0
2014-06-11,45000.0,83.7,87.8,1011.0
2014-06-17,45000.0,82.0,89.6,1011.0
2014-06-19,45000.0,83.7,91.4,1011.0
2014-06-20,45000.0,81.9,91.4,1011.0
2014-06-23,45000.0,82.6,93.2,1011.0
2014-06-24,45000.0,79.5,93.2,1011.0
2014-06-25,45000.0,81.0,93.2,1011.0
2014-06-26,45000.0,84.0,93.2,1011.0
2014-07-01,45000.0,84.0,91.4,1011.0
2014-07-14,35000.0,79.7,87.8,1011.0
2014-07-15,35000.0,81.7,87.8,1011.0
2014-07-16,35000.0,82.6,91.4,1011.0
2014-07-22,35000.0,77.4,87.8,1011.0
2014-07-23,35000.0,79.9,87.8,1011.0
2014-07-28,35000.0,81.0,89.6,1011.0
2014-07-29,35000.0,81.1,84.2,1011.0
2014-07-30,35000.0,81.3,84.2,1011.0
2014-07-31,35000.0,79.9,84.2,1011.0
2014-08-01,35000.0,82.2,87.8,1011.0
2014-08-04,35000.0,81.7,91.4,1011.0
2014-08-05,35000.0,80.4,87.8,1011.0
2014-08-07,35000.0,83.8,91.4,1011.0
2014-08-08,35000.0,82.8,91.4,1011.0
2014-08-13,35000.0,85.6,93.2,1011.0
2014-08-14,30000.0,84.4,93.2,1011.0
2014-08-15,30000.0,82.2,95.0,1011.0
2014-08-18,30000.0,81.1,93.2,1011.0
2014-08-19,30000.0,81.0,93.2,1011.0
2014-08-20,30000.0,82.8,93.2,1011.0
2014-08-21,30000.0,84.9,93.2,1011.0
2014-08-25,35000.0,81.1,95.0,1011.0
2014-08-27,35000.0,80.8,91.4,1011.0
2014-08-29,35000.0,78.6,86.0,1011.0
2014-09-03,35000.0,83.8,91.4,1011.0
2014-09-04,35000.0,82.2,93.2,1011.0
2014-09-05,35000.0,80.8,91.4,1011.0
2014-09-09,35000.0,82.9,89.6,1011.0
2014-09-11,35000.0,83.1,89.6,1011.0
2014-09-12,35000.0,82.0,91.4,1011.0
2014-09-15,35000.0,80.1,87.8,1011.0
2014-09-16,35000.0,79.3,86.0,1011.0
2014-09-17,35000.0,80.2,91.4,1011.0
2014-09-19,30000.0,85.1,91.4,1011.0
2014-09-22,30000.0,82.9,91.4,1011.0
2014-09-23,30000.0,84.7,91.4,1011.0
2014-09-26,30000.0,84.0,93.2,1011.0
2014-09-29,30000.0,82.2,93.2,1011.0
2014-10-01,30000.0,80.8,93.2,1011.0
2014-10-02,30000.0,80.4,93.2,1011.0
2014-10-03,30000.0,82.8,91.4,1011.0
2014-10-06,30000.0,79.0,87.8,1011.0
2014-10-13,35000.0,82.4,91.4,1011.0
2014-10-15,35000.0,82.6,91.4,1011.0
2014-10-16,35000.0,81.0,89.6,1011.0
2014-10-17,35000.0,82.4,91.4,1011.0
2014-10-20,35000.0,81.9,91.4,1011.0
2014-10-21,35000.0,81.3,91.4,1011.0
2014-10-22,35000.0,80.8,89.6,1011.0
2014-10-27,35000.0,81.1,91.4,1011.0
2014-11-04,35000.0,80.2,91.4,1011.0
2014-11-05,35000.0,82.0,91.4,1011.0
2014-11-06,35000.0,83.3,91.4,1011.0
2014-11-07,35000.0,84.7,91.4,1011.0
2014-11-10,35000.0,84.4,91.4,1011.0
2014-11-13,35000.0,82.8,93.2,1011.0
2014-11-14,35000.0,83.8,93.2,1011.0
2014-11-20,35000.0,82.6,89.6,1011.0
2014-11-25,35000.0,82.0,93.2,1011.0
2014-11-28,35000.0,84.0,91.4,1011.0
2014-12-01,35000.0,82.9,89.6,1011.0
2014-12-02,35000.0,81.9,89.6,1011.0
2014-12-08,35000.0,80.4,89.6,1011.0
2014-12-09,35000.0,81.3,89.6,1011.0
2014-12-16,35000.0,82.2,93.2,1011.0
2014-12-23,35000.0,79.2,84.2,1011.0
2014-12-26,35000.0,84.0,93.2,1011.0
2014-12-29,35000.0,79.7,84.2,1011.0
2015-01-06,35000.0,80.6,89.6,1011.0
2015-01-07,35000.0,81.3,89.6,1011.0
2015-01-08,35000.0,81.9,91.4,1011.0
2015-01-12,35000.0,79.7,87.8,1011.0
2015-01-14,40000.0,77.7,87.8,1011.0
2015-01-16,40000.0,77.5,87.8,1011.0
2015-01-19,40000.0,77.4,84.2,1011.0
2015-01-20,40000.0,77.4,89.6,1011.0
2015-01-21,40000.0,78.3,89.6,1011.0
2015-01-22,40000.0,78.1,87.8,1011.0
2015-01-29,40000.0,78.8,91.4,1011.0
2015-01-30,40000.0,78.3,91.4,1011.0
2015-02-02,40000.0,81.0,93.2,1011.0
2015-02-25,40000.0,79.9,86.0,1011.0
2015-02-26,40000.0,81.9,93.2,1011.0
2015-03-02,40000.0,82.6,93.2,1011.0
2015-03-04,40000.0,83.1,91.4,1011.0
2015-03-09,35000.0,84.0,95.0,1011.0
2015-03-10,35000.0,84.0,95.0,1011.0
2015-03-18,35000.0,82.0,89.6,1011.0
2015-03-19,35000.0,83.7,95.0,1011.0
2015-03-23,35000.0,84.6,93.2,1011.0
2015-03-24,35000.0,85.5,95.0,1011.0
2015-03-25,35000.0,86.7,98.6,1011.0
2015-03-30,35000.0,84.7,96.8,1011.0
2015-04-01,35000.0,84.9,93.2,1011.0
2015-04-02,35000.0,85.5,95.0,1011.0
2015-04-03,35000.0,86.0,95.0,1011.0
2015-04-06,35000.0,85.3,93.2,1011.0
2015-04-07,35000.0,86.4,96.8,1011.0
2015-04-08,35000.0,87.1,96.8,1011.0
2015-04-09,35000.0,87.1,96.8,1011.0
2015-04-13,40000.0,81.5,91.4,1011.0
2015-04-15,40000.0,85.5,93.2,1011.0
2015-05-04,40000.0,88.0,95.0,1011.0
2015-05-05,40000.0,87.6,95.0,1011.0
2015-05-06,40000.0,87.4,96.8,1011.0
2015-05-07,40000.0,87.3,93.2,1011.0
2015-05-11,45000.0,88.3,95.0,1011.0
2015-05-12,45000.0,83.5,91.4,1011.0
2015-05-15,45000.0,86.7,96.8,1011.0
2015-05-18,45000.0,88.3,96.8,1011.0
2015-05-20,45000.0,85.6,93.2,1011.0
2015-05-22,45000.0,84.7,95.0,1011.0
2015-05-25,45000.0,85.6,98.6,1011.0
2015-05-26,45000.0,85.3,91.4,1011.0
2015-05-27,45000.0,87.8,96.8,1011.0
2015-05-28,45000.0,86.4,93.2,1011.0
2015-05-29,45000.0,85.6,93.2,1011.0
2015-06-01,45000.0,86.4,93.2,1011.0
2015-06-03,45000.0,84.9,95.0,1011.0
2015-06-04,45000.0,86.7,95.0,1011.0
2015-06-08,45000.0,86.9,95.0,1011.0
2015-06-11,45000.0,87.1,95.0,1011.0
2015-06-12,45000.0,84.4,93.2,1011.0
2015-06-15,45000.0,80.8,89.6,1011.0
2015-06-16,45000.0,79.9,89.6,1011.0
2015-06-17,45000.0,81.1,89.6,1011.0
2015-06-18,45000.0,82.2,89.6,1011.0
2015-06-19,50000.0,81.0,89.6,1011.0
2015-06-23,50000.0,81.9,86.0,1011.0
2015-06-24,50000.0,79.3,87.8,1011.0
2015-06-25,50000.0,82.4,87.8,1011.0
2015-06-26,50000.0,82.0,93.2,1011.0
2015-07-01,50000.0,83.8,93.2,1011.0
2015-07-02,50000.0,85.1,91.4,1011.0
2015-07-06,50000.0,84.4,91.4,1011.0
2015-07-07,50000.0,84.6,91.4,1011.0
2015-07-08,45000.0,84.6,91.4,1011.0
2015-07-10,45000.0,82.9,91.4,1011.0
2015-07-24,45000.0,87.3,95.0,1011.0
2015-07-28,45000.0,82.2,93.2,1011.0
2015-07-30,40000.0,79.5,89.6,1011.0
2015-08-03,40000.0,84.7,91.4,1011.0
2015-08-06,40000.0,84.0,91.4,1011.0
2015-08-11,40000.0,83.5,93.2,1011.0
2015-08-14,40000.0,83.5,93.2,1011.0
2015-08-19,40000.0,85.1,93.2,1011.0
2015-08-21,40000.0,83.5,93.2,1011.0
2015-08-25,40000.0,80.2,89.6,1011.0
2015-09-04,40000.0,84.0,95.0,1011.0
2015-09-07,40000.0,86.7,96.8,1010.3
2015-09-09,40000.0,78.6,87.8,1010.3
2015-09-11,40000.0,82.8,87.8,970.0
2015-09-15,40000.0,79.2,89.6,1004.6
2015-09-17,40000.0,80.8,87.8,1009.9
2015-09-18,40000.0,82.6,91.4,1012.2
2015-09-21,40000.0,82.9,91.4,1008.3
2015-09-22,40000.0,83.5,91.4,1008.3
2015-09-23,40000.0,84.7,91.4,1008.7
2015-09-25,40000.0,83.8,89.6,1006.9
2015-09-29,40000.0,83.7,91.4,1010.2
2015-09-30,40000.0,85.1,93.2,1010.2
2015-10-01,40000.0,85.5,93.2,1010.9
2015-10-05,40000.0,83.3,89.6,1011.9
2015-10-07,40000.0,82.8,91.4,1010.1
2015-10-13,40000.0,83.3,95.0,1010.9
2015-10-15,40000.0,80.4,89.6,1010.6
2015-10-16,40000.0,81.3,91.4,1009.6
2015-10-20,40000.0,82.9,89.6,1010.6
2015-10-21,40000.0,81.3,87.8,1010.6
2015-10-26,40000.0,84.0,93.2,1010.6
2015-10-29,40000.0,85.8,95.0,1011.7
2015-11-06,40000.0,82.8,91.4,1010.0
2015-11-09,40000.0,83.5,91.4,1010.0
2015-11-10,40000.0,85.3,93.2,1010.9
2015-11-11,40000.0,84.4,91.4,1010.9
2015-11-12,40000.0,83.8,91.4,1010.9
2015-11-13,40000.0,85.5,91.4,1009.4
2015-11-19,40000.0,85.6,95.0,1009.6
2015-11-20,40000.0,85.5,95.0,1008.7
2015-11-24,40000.0,82.8,91.4,1008.7
2015-11-25,40000.0,83.1,91.4,1011.8
2015-11-27,40000.0,83.5,89.6,1011.8
2015-11-30,40000.0,84.6,93.2,1010.7
2015-12-02,40000.0,84.4,93.2,1010.7
2015-12-03,40000.0,84.9,93.2,1010.7
2015-12-04,40000.0,83.8,91.4,1011.0
2015-12-09,40000.0,85.6,93.2,1011.2
2015-12-11,40000.0,84.6,93.2,1009.7
2015-12-14,40000.0,83.7,95.0,1012.8
2015-12-15,40000.0,84.0,93.2,1012.8
2015-12-29,40000.0,81.9,93.2,1013.5
2016-01-04,40000.0,83.8,91.4,1010.5
2016-02-15,40000.0,84.6,95.0,1013.6
2016-02-17,40000.0,82.8,93.2,1013.8
2016-02-18,40000.0,82.9,93.2,1012.8
2016-02-22,40000.0,82.8,95.0,1014.3
2016-02-23,40000.0,82.6,93.2,1013.4
2016-02-24,40000.0,84.4,95.0,1013.4
2016-03-02,40000.0,82.6,93.2,1013.2
2016-03-04,40000.0,83.5,93.2,1011.1
2016-03-08,40000.0,82.2,93.2,1009.7
2016-03-09,40000.0,83.1,93.2,1011.7
2016-03-11,40000.0,84.4,93.2,1011.7
2016-03-14,40000.0,83.5,93.2,1011.3
2016-03-15,40000.0,84.4,93.2,1010.9
2016-03-23,40000.0,85.3,95.0,1009.8
2016-03-25,40000.0,85.6,98.6,1013.4
2016-03-31,40000.0,84.7,93.2,1010.3
2016-04-04,40000.0,85.3,93.2,1010.1
2016-04-06,40000.0,84.9,93.2,1010.1
2016-04-07,40000.0,85.5,93.2,1010.2
2016-04-08,40000.0,86.2,93.2,1009.9
2016-04-11,40000.0,86.7,95.0,1007.9
2016-04-12,40000.0,86.7,96.8,1008.3
2016-04-14,40000.0,88.2,98.6,1008.3
2016-04-15,40000.0,88.3,98.6,1009.1
2016-05-04,40000.0,90.0,98.6,1007.3
2016-05-06,40000.0,88.5,98.6,1007.3
2016-05-13,50000.0,90.7,98.6,1007.5
2016-05-17,50000.0,84.7,98.6,1008.5
2016-05-18,50000.0,83.7,91.4,1008.5
2016-05-19,50000.0,84.7,93.2,1006.8
2016-05-20,50000.0,87.4,95.0,1006.8
2016-05-24,50000.0,83.1,95.0,1007.0
2016-05-25,50000.0,86.0,93.2,1006.4
2016-06-02,50000.0,87.4,95.0,1008.5
2016-06-03,50000.0,84.0,95.0,1009.0
2016-06-13,50000.0,85.5,93.2,1008.2
2016-08-22,50000.0,82.6,93.2,1005.1
2016-08-23,50000.0,83.8,93.2,1007.2
2016-08-24,50000.0,82.4,87.8,1007.2
2016-08-29,45000.0,83.5,91.4,1007.5
2016-08-30,45000.0,81.9,91.4,1010.0
2016-08-31,45000.0,83.5,93.2,1010.0
2016-09-01,45000.0,86.2,93.2,1007.8
2016-09-06,45000.0,84.7,91.4,1007.8
2016-09-12,45000.0,78.4,84.2,1007.3
2016-09-13,45000.0,81.1,87.8,1007.3
2016-09-15,45000.0,82.2,89.6,1007.5
2016-09-20,45000.0,82.0,91.4,1007.6
2016-09-21,45000.0,81.7,91.4,1007.6
2016-09-23,45000.0,82.8,87.8,1006.4
2016-09-27,40000.0,80.1,91.4,1006.8
2016-09-28,45000.0,81.1,89.6,1006.2
2016-09-30,45000.0,80.8,89.6,1006.2
2016-10-03,45000.0,77.7,84.2,1006.6
2016-10-05,45000.0,82.8,91.4,1006.4
2016-10-07,45000.0,80.6,89.6,1008.0
2016-10-12,45000.0,81.1,87.8,1006.3
2016-10-17,45000.0,80.8,89.6,1005.8
2016-10-20,45000.0,80.8,86.0,1006.0
2016-10-21,45000.0,81.1,89.6,1007.0
2016-10-24,45000.0,80.4,87.8,1007.8
2016-10-25,45000.0,79.0,86.0,1007.8
2016-10-26,45000.0,83.5,89.6,1010.8
2016-10-27,45000.0,82.0,93.2,1010.8
2016-10-28,45000.0,81.5,91.4,1009.5
2016-11-01,45000.0,81.1,89.6,1009.3
2016-11-02,45000.0,80.1,89.6,1009.3
2016-11-03,45000.0,81.0,86.0,1007.8
2016-11-04,45000.0,79.2,84.2,1007.8
2016-11-07,40000.0,83.5,91.4,1010.0
2016-11-08,40000.0,83.5,89.6,1011.0
2016-11-09,45000.0,82.6,91.4,1011.2
2016-11-10,45000.0,83.8,93.2,1011.3
2016-11-11,45000.0,84.4,93.2,1010.5
2016-11-15,40000.0,84.6,93.2,1009.3
2016-11-16,40000.0,84.0,95.0,1009.3
2016-11-17,40000.0,83.1,91.4,1007.2
2016-11-18,40000.0,84.6,91.4,1007.2
2016-11-22,40000.0,83.1,89.6,1007.6
2016-11-23,40000.0,84.9,91.4,1008.4
2016-11-24,40000.0,84.0,93.2,1008.4
2016-11-25,40000.0,84.4,93.2,1007.5
2016-11-28,40000.0,83.8,91.4,1009.4
2016-11-29,40000.0,85.6,93.2,1010.0
2016-11-30,40000.0,80.2,87.8,1010.8
2016-12-01,40000.0,79.5,86.0,1010.8
2016-12-02,40000.0,79.5,86.0,1010.8
2016-12-05,35000.0,82.6,89.6,1009.5
2016-12-06,35000.0,81.7,89.6,1009.5
2016-12-08,35000.0,81.1,87.8,1007.0
2016-12-27,35000.0,80.4,91.4,1009.2
2016-12-29,35000.0,79.5,86.0,1010.6
2017-01-05,35000.0,83.3,89.6,1008.2
2017-01-10,35000.0,81.9,87.8,1008.5
2017-02-03,40000.0,79.3,84.2,1010.6
2017-02-06,40000.0,81.3,89.6,1009.3
2017-02-07,40000.0,81.0,91.4,1009.5
2017-02-08,40000.0,82.0,89.6,1009.6
2017-02-09,40000.0,82.6,93.2,1010.8
2017-02-10,40000.0,80.2,91.4,1010.8
2017-02-13,40000.0,80.2,91.4,1015.2
2017-02-15,40000.0,80.1,89.6,1013.5
2017-02-20,40000.0,81.9,86.0,1009.5
2017-02-21,40000.0,83.5,91.4,1010.7
2017-02-22,40000.0,83.8,93.2,1010.5
2017-02-23,40000.0,82.8,91.4,1011.3
2017-02-24,40000.0,83.1,91.4,1011.9
2017-02-27,40000.0,83.1,93.2,1009.9
2017-03-01,40000.0,83.8,91.4,1009.9
2017-03-02,40000.0,82.4,93.2,1009.9
2017-03-03,40000.0,81.1,89.6,1008.8
2017-03-07,40000.0,81.7,91.4,1009.7
2017-03-13,40000.0,83.8,93.2,1009.5
2017-03-14,40000.0,83.3,91.4,1009.8
2017-03-15,40000.0,83.8,93.2,1009.7
2017-03-16,40000.0,82.9,91.4,1009.5
2017-03-17,40000.0,83.1,91.4,1009.5
2017-03-23,40000.0,84.2,93.2,1010.4
2017-03-27,40000.0,85.5,95.0,1011.1
2017-03-28,40000.0,85.6,95.0,1011.1
2017-03-29,40000.0,84.0,95.0,1011.1
2017-03-30,40000.0,81.7,93.2,1011.1
2017-04-10,40000.0,86.0,95.0,1007.5
2017-04-13,40000.0,86.0,95.0,1010.4
2017-04-14,40000.0,86.7,96.8,1010.2
2017-04-17,40000.0,85.8,93.2,1009.6
2017-04-18,40000.0,85.8,93.2,1009.2
2017-04-19,40000.0,87.6,96.8,1009.1
2017-04-21,40000.0,88.2,96.8,1008.7
2017-04-24,40000.0,86.2,93.2,1009.7
2017-04-25,40000.0,84.7,95.0,1009.3
2017-05-05,40000.0,84.2,93.2,1011.4
2017-05-09,40000.0,82.6,91.4,1008.3
2017-05-10,40000.0,84.0,91.4,1009.0
2017-05-11,40000.0,84.7,91.4,1008.3
2017-05-12,40000.0,86.7,95.0,1008.3
2017-05-17,40000.0,85.1,91.4,1006.9
2017-05-18,40000.0,86.4,95.0,1007.5
2017-05-19,40000.0,83.5,93.2,1007.8
2017-05-25,40000.0,84.4,93.2,1006.5
2017-05-26,40000.0,82.0,89.6,1006.8
2017-05-30,40000.0,81.1,91.4,1007.5
2017-06-02,40000.0,82.9,89.6,1008.5
2017-06-06,40000.0,81.1,89.6,1008.2
2017-06-07,40000.0,84.6,89.6,1008.4
2017-06-12,40000.0,86.5,93.2,1007.8
2017-06-15,40000.0,86.0,93.2,1009.3
2017-06-19,40000.0,86.4,93.2,1006.9
2017-06-20,40000.0,85.5,93.2,1006.8
2017-06-22,40000.0,80.8,87.8,1007.4
2017-06-23,40000.0,80.4,87.8,1006.8
2017-06-26,40000.0,81.9,89.6,969.9
2017-06-29,40000.0,84.4,93.2,1008.0
2017-06-30,40000.0,82.6,91.4,1007.7
2017-07-03,40000.0,84.0,91.4,1007.7
2017-07-05,40000.0,81.7,89.6,1008.8
2017-07-11,40000.0,84.2,91.4,1007.5
2017-07-14,40000.0,83.5,89.6,1007.5
2017-07-17,40000.0,78.1,87.8,1007.3
2017-07-20,40000.0,78.3,89.6,1007.3
2017-07-28,40000.0,83.5,89.6,1007.5
2017-08-01,40000.0,83.7,91.4,1008.0
2017-08-02,40000.0,82.4,89.6,1007.4
2017-08-03,40000.0,82.8,89.6,1005.8
2017-08-04,40000.0,81.1,89.6,1005.6
2017-08-07,40000.0,86.2,93.2,1008.7
2017-08-08,40000.0,84.0,93.2,1008.9
2017-08-09,40000.0,82.0,93.2,1009.1
2017-08-10,40000.0,82.9,91.4,1008.0
2017-08-11,40000.0,82.9,91.4,1008.0
2017-08-14,40000.0,82.9,89.6,1008.9
2017-08-15,40000.0,82.2,91.4,1008.1
2017-08-17,40000.0,80.4,86.0,1006.1
2017-08-18,40000.0,79.3,86.0,1006.9
2017-08-21,40000.0,84.0,91.4,1005.8
2017-08-22,40000.0,82.8,93.2,1005.6
2017-08-23,40000.0,80.4,89.6,1006.3
2017-08-24,40000.0,83.8,91.4,1006.7
2017-08-25,40000.0,82.6,91.4,968.8
2017-08-28,40000.0,82.8,91.4,1007.2
2017-08-29,40000.0,84.6,91.4,1007.8
2017-08-31,40000.0,85.6,93.2,1008.3
2017-09-01,40000.0,81.7,89.6,1007.5
2017-09-05,40000.0,84.4,95.0,1008.2
2017-09-06,40000.0,85.8,93.2,1008.1
2017-09-07,40000.0,85.5,93.2,1008.4
2017-09-08,40000.0,85.8,93.2,1008.5
2017-09-11,40000.0,82.8,91.4,1009.0
2017-09-13,40000.0,85.5,93.2,1007.1
2017-09-14,40000.0,82.6,89.6,1005.3
2017-09-15,40000.0,83.8,91.4,1005.1
2017-09-18,40000.0,83.7,93.2,1007.3
2017-09-19,40000.0,81.9,91.4,1007.3
2017-09-20,40000.0,80.4,87.8,1007.3
2017-09-22,40000.0,79.5,87.8,1007.5
2017-09-25,40000.0,82.0,87.8,1007.4
2017-09-26,35000.0,84.9,93.2,1008.2
2017-09-27,35000.0,82.6,91.4,1008.1
2017-09-28,35000.0,81.9,91.4,1007.6
2017-09-29,35000.0,84.7,93.2,1008.3
2017-10-02,35000.0,77.7,80.6,1007.8
2017-10-03,35000.0,79.0,84.2,1008.3
2017-10-04,35000.0,81.5,91.4,1009.3
2017-10-05,35000.0,83.1,91.4,1008.4
2017-10-06,35000.0,83.5,89.6,1008.4
2017-10-09,35000.0,83.1,89.6,1005.3
2017-10-10,35000.0,85.8,93.2,1004.8
2017-10-11,35000.0,82.6,89.6,1006.5
2017-10-13,35000.0,81.1,87.8,1005.3
2017-10-16,35000.0,83.8,89.6,1006.6
2017-10-17,30000.0,79.2,89.6,1007.8
2017-10-20,30000.0,81.3,89.6,1009.5
2017-10-23,30000.0,82.2,87.8,1010.0
2017-10-24,30000.0,80.1,87.8,1011.3
2017-10-30,30000.0,84.0,89.6,1008.3
2017-10-31,30000.0,82.0,89.6,1008.3
2017-11-01,30000.0,79.5,84.2,1008.4
2017-11-02,30000.0,82.2,91.4,1006.9
2017-11-03,30000.0,83.1,91.4,1006.2
2017-11-06,30000.0,83.7,91.4,1007.3
2017-11-07,30000.0,80.6,91.4,1007.9
2017-11-09,30000.0,80.2,89.6,1007.7
2017-11-10,30000.0,80.4,91.4,1008.2
2017-11-13,30000.0,81.0,89.6,1007.6
2017-11-14,30000.0,81.3,91.4,1008.3
2017-11-15,30000.0,82.8,89.6,1008.8
2017-11-16,30000.0,85.3,93.2,1009.0
2017-11-17,30000.0,84.0,93.2,1007.1
2017-11-20,30000.0,81.7,87.8,1008.4
2017-11-21,30000.0,82.9,91.4,1008.3
2017-11-22,30000.0,84.0,91.4,1007.4
2017-11-23,30000.0,84.2,93.2,1007.8
2017-11-24,30000.0,82.0,91.4,1009.5
2017-11-27,30000.0,83.1,89.6,1007.5
2017-11-28,30000.0,82.2,89.6,1007.6
2017-12-01,30000.0,83.7,93.2,1007.2
2017-12-04,30000.0,80.2,89.6,1007.9
2017-12-06,30000.0,83.1,89.6,1009.0
2017-12-07,30000.0,83.1,91.4,1009.3
2017-12-08,30000.0,81.7,93.2,1010.4
2017-12-11,30000.0,82.0,89.6,1011.3
2017-12-12,30000.0,81.7,89.6,1011.0
2017-12-13,30000.0,82.2,89.6,1010.5
2017-12-15,30000.0,81.9,89.6,1010.4
2017-12-18,30000.0,76.6,86.0,1012.9
2017-12-19,30000.0,75.9,82.4,1012.6
2017-12-21,30000.0,75.7,84.2,1011.5
2017-12-25,30000.0,71.2,78.8,1007.0
2017-12-27,30000.0,81.5,87.8,1009.8
2017-12-28,30000.0,83.5,91.4,1010.0
2017-12-29,30000.0,82.6,91.4,1010.4
2018-01-02,30000.0,80.1,89.6,1008.8
2018-01-03,30000.0,81.7,89.6,1007.8
2018-01-04,30000.0,82.9,91.4,1007.6
2018-01-09,30000.0,82.9,91.4,1010.8
2018-01-10,30000.0,81.7,91.4,1011.4
2018-01-12,30000.0,79.0,89.6,1011.9
2018-01-15,30000.0,80.1,86.0,1009.5
2018-01-17,30000.0,80.8,87.8,1008.5
2018-01-18,30000.0,79.9,89.6,1008.3
2018-01-24,30000.0,81.5,89.6,1006.8
2018-01-25,30000.0,81.1,89.6,1006.8
2018-02-28,38000.0,84.2,93.2,1009.0
2018-03-01,38000.0,83.8,93.2,1008.6
2018-03-02,38000.0,83.7,91.4,1008.5
2018-03-05,38000.0,84.7,93.2,1009.0
2018-03-06,38000.0,84.6,91.4,1009.5
2018-03-07,38000.0,85.6,98.6,1009.1
2018-03-08,38000.0,85.5,98.6,1009.1
2018-03-09,38000.0,84.0,95.0,1009.5
2018-03-13,38000.0,83.8,93.2,1010.4
2018-03-14,38000.0,83.5,93.2,1009.9
2018-03-15,38000.0,84.4,93.2,1010.0
2018-03-16,38000.0,84.0,93.2,1010.3
2018-03-19,38000.0,84.7,95.0,1009.5
2018-03-20,38000.0,84.7,95.0,1009.0
2018-03-21,38000.0,84.9,95.0,1009.2
2018-03-22,38000.0,83.1,91.4,1008.0
2018-03-23,38000.0,84.4,93.2,1009.1
2018-03-26,38000.0,84.7,95.0,1010.3
2018-03-27,38000.0,83.8,93.2,1010.3
2018-03-28,38000.0,83.1,95.0,1009.8
2018-03-29,38000.0,83.5,91.4,1009.9
2018-03-30,38000.0,83.1,91.4,1009.7
2018-04-02,38000.0,83.7,91.4,1009.3
2018-04-03,38000.0,82.9,91.4,1009.3
2018-04-04,38000.0,83.5,93.2,1008.5
2018-04-05,38000.0,84.0,89.6,1007.8
2018-04-06,38000.0,84.4,91.4,1008.3
2018-04-09,38000.0,87.6,96.8,1009.9
2018-04-10,21900.0,86.5,95.0,1009.3
2018-04-11,38000.0,86.4,95.0,1008.3
2018-04-12,38000.0,86.2,96.8,1008.3
2018-04-13,38000.0,86.2,95.0,1008.7
2018-04-16,38000.0,87.1,96.8,1008.9
2018-04-17,38000.0,86.7,96.8,1010.0
2018-04-18,38000.0,85.5,93.2,1009.7
2018-04-19,38000.0,86.0,93.2,1008.9
2018-04-20,38000.0,86.5,95.0,1008.6
2018-04-23,38000.0,85.5,95.0,1007.4
2018-04-26,38000.0,87.6,96.8,1008.5
2018-05-16,38000.0,87.4,95.0,1007.0
2018-05-17,38000.0,86.2,95.0,1006.4
2018-05-18,38000.0,84.7,96.8,1006.4
2018-05-21,34000.0,83.5,93.2,1007.9
2018-05-22,34000.0,80.8,89.6,1007.9
2018-05-23,34000.0,84.0,93.2,1007.9
2018-05-24,34000.0,81.1,95.0,1007.5
2018-05-28,34000.0,84.6,95.0,1008.7
2018-05-29,34000.0,82.0,93.2,1008.7
2018-05-30,34000.0,86.7,93.2,1008.1
2018-06-01,34000.0,82.9,91.4,1008.3
2018-06-04,34000.0,82.6,89.6,1006.0
2018-06-05,34000.0,83.1,91.4,1007.4
2018-06-07,34000.0,83.7,93.2,1006.9
2018-06-08,34000.0,81.9,87.8,1006.8
2018-06-11,34000.0,82.2,89.6,1009.4
2018-06-12,34000.0,82.8,91.4,1008.5
2018-06-13,34000.0,81.1,89.6,1008.5
2018-06-14,34000.0,82.9,91.4,1007.0
2018-06-15,34000.0,83.1,91.4,1006.8
2018-06-18,34000.0,80.8,87.8,1006.1
2018-06-19,34000.0,82.2,89.6,1007.6
2018-06-20,34000.0,83.7,91.4,1009.0
2018-06-21,34000.0,85.5,91.4,1009.0
2018-06-22,34000.0,85.6,93.2,1008.0
2018-06-25,34000.0,84.0,93.2,1007.4
2018-06-26,34000.0,79.9,87.8,1008.4
2018-06-27,34000.0,82.6,89.6,1009.0
2018-06-28,34000.0,83.5,91.4,1008.2
2018-06-29,34000.0,85.5,95.0,1006.7
2018-07-02,34000.0,82.6,93.2,1007.0
2018-07-03,34000.0,83.5,91.4,1007.0
2018-07-04,34000.0,82.8,91.4,1007.3
2018-07-05,34000.0,81.7,87.8,1005.3
2018-07-06,34000.0,79.3,89.6,1005.3
2018-07-09,34000.0,82.6,91.4,1005.1
2018-07-11,34000.0,82.8,89.6,1005.2
2018-07-12,34000.0,81.7,87.8,1005.1
2018-07-13,25000.0,82.8,87.8,1004.6
2018-07-24,25000.0,84.9,91.4,1006.7
2018-07-25,25000.0,81.0,86.0,1007.6
2018-07-26,25000.0,84.9,93.2,1007.4
2018-07-27,25000.0,84.9,91.4,1007.0
2018-08-01,25000.0,84.9,91.4,1007.5
2018-08-02,25000.0,83.1,91.4,1007.4
2018-08-03,25000.0,83.8,91.4,1007.0
2018-08-06,25000.0,80.1,89.6,1006.2
2018-08-07,25000.0,81.3,89.6,1005.0
2018-08-08,25000.0,79.5,89.6,1004.9
2018-08-09,25000.0,79.2,87.8,1006.2
2018-08-10,25000.0,79.5,87.8,1007.7
2018-08-13,25000.0,81.9,87.8,1007.1
2018-08-14,25000.0,79.2,86.0,1007.1
2018-08-15,25000.0,82.2,87.8,1007.3
2018-08-16,25000.0,83.7,89.6,1005.4
2018-08-17,25000.0,84.4,89.6,1003.2
2018-08-20,25000.0,82.9,89.6,1007.8
2018-08-21,25000.0,83.3,89.6,1006.4
2018-08-22,25000.0,84.6,91.4,1005.8
2018-08-23,25000.0,82.9,93.2,1007.5
2018-08-24,25000.0,83.7,89.6,1007.9
2018-08-27,32000.0,83.1,89.6,1007.7
2018-08-28,32000.0,83.1,91.4,1008.8
2018-08-29,32000.0,83.5,93.2,1007.8
2018-08-30,32000.0,84.9,91.4,1007.5
2018-08-31,32000.0,85.3,91.4,1008.7
2018-09-04,32000.0,81.1,89.6,1009.3
2018-09-05,32000.0,83.1,91.4,1008.3
2018-09-06,32000.0,83.8,91.4,1006.4
2018-09-07,32000.0,81.0,89.6,1005.7
2018-09-10,32000.0,83.8,91.4,1010.4
2018-09-11,32000.0,83.5,89.6,1009.5
2018-09-12,32000.0,79.2,87.8,1008.1
2018-09-13,32000.0,80.6,89.6,1007.0
2018-09-14,32000.0,80.8,87.8,1006.9
2018-09-17,32000.0,78.8,84.2,1006.2
2018-09-18,32000.0,79.2,89.6,1008.6
2018-09-19,32000.0,82.2,93.2,1008.6
2018-09-20,32000.0,80.8,89.6,1008.4
2018-09-21,32000.0,82.8,91.4,1009.3
2018-09-24,32000.0,78.6,87.8,1010.5
2018-09-25,32000.0,83.1,91.4,1009.2
2018-09-26,32000.0,84.0,93.2,1008.1
2018-10-05,32000.0,80.8,89.6,1010.2
2018-10-10,32000.0,85.3,93.2,1009.2
2018-10-15,32000.0,83.7,91.4,1011.2
2018-10-16,32000.0,84.7,91.4,1010.7
2018-10-17,32000.0,81.7,91.4,1009.6
2018-10-18,32000.0,81.7,93.2,1009.0
2018-10-19,32000.0,79.5,84.2,1009.3
2018-10-22,32000.0,81.9,93.2,1011.0
2018-10-25,32000.0,83.8,91.4,1011.4
2018-10-26,32000.0,84.6,93.2,1011.4
2018-10-29,32000.0,83.8,93.2,1008.9
2018-10-30,32000.0,81.7,89.6,1008.8
2018-10-31,32000.0,82.2,91.4,1009.6
2018-11-01,32000.0,83.5,91.4,1009.0
2018-11-02,32000.0,83.1,89.6,1009.9
2018-11-06,35000.0,86.0,95.0,1008.3
2018-11-07,35000.0,78.8,84.2,1009.0
2018-11-08,35000.0,83.8,91.4,1008.9
2018-11-09,35000.0,84.0,93.2,1008.5
2018-11-10,35000.0,85.8,95.0,1009.3
2018-11-12,35000.0,82.2,93.2,1009.0
2018-11-13,35000.0,82.8,91.4,1007.6
2018-11-14,35000.0,83.3,91.4,1008.4
2018-11-15,35000.0,84.9,93.2,1009.6
2018-11-16,35000.0,82.8,91.4,1010.4
2018-11-19,35000.0,82.6,87.8,1010.8
2018-11-20,35000.0,83.8,91.4,1011.1
2018-11-21,35000.0,84.2,93.2,1010.3
2018-11-22,35000.0,83.8,91.4,1010.6
2018-11-23,35000.0,83.8,91.4,1010.5
2018-11-26,35000.0,77.4,78.8,1008.2
2018-11-27,35000.0,82.2,89.6,1011.6
2018-12-24,25000.0,81.1,91.4,1008.8
2018-12-25,25000.0,82.2,91.4,1008.4
2018-12-26,40000.0,80.6,87.8,1008.2
2018-12-28,40000.0,78.3,82.4,1008.6
2019-01-03,40000.0,82.0,87.8,1011.9
2019-01-04,40000.0,84.7,93.2,1012.5
2019-01-07,40000.0,83.8,95.0,1011.5
2019-01-08,40000.0,81.7,89.6,1012.0
2019-01-09,40000.0,83.3,93.2,1012.0
2019-01-16,40000.0,83.7,91.4,1010.2
2019-01-17,40000.0,82.0,93.2,1010.2
2019-01-18,40000.0,82.2,93.2,1010.6
2019-01-25,42000.0,80.4,91.4,1013.5
2019-02-12,46000.0,84.2,96.8,1014.6
2019-02-13,46000.0,83.7,93.2,1014.4
2019-02-14,46000.0,84.2,95.0,1012.7
2019-02-15,46000.0,84.0,95.0,1013.3
2019-02-18,46000.0,83.3,93.2,1011.7
2019-02-19,46000.0,83.5,91.4,1012.6
2019-02-20,46000.0,84.4,93.2,1013.8
2019-02-22,46000.0,82.9,89.6,1011.4
2019-02-25,46000.0,84.0,95.0,1010.9
2019-02-26,46000.0,84.0,95.0,1010.5
2019-02-28,46000.0,83.8,93.2,1009.5
2019-03-01,46000.0,83.5,93.2,1010.1
2019-03-04,46000.0,81.7,89.6,1009.3
2019-03-05,46000.0,82.4,93.2,1010.0
2019-03-06,46000.0,83.5,95.0,1010.9
2019-03-07,46000.0,83.8,91.4,1010.5
2019-03-08,46000.0,84.4,93.2,1010.8
2019-03-11,46000.0,85.8,96.8,1010.7
2019-03-12,46000.0,84.7,93.2,1011.2
2019-03-13,46000.0,87.1,95.0,1011.7
2019-03-14,46000.0,84.4,93.2,1012.7
2019-03-15,46000.0,86.5,96.8,1011.9
2019-03-18,46000.0,87.3,98.6,1010.5
2019-04-01,46000.0,84.9,95.0,1011.1
2019-04-02,46000.0,86.7,96.8,1011.1
2019-04-03,46000.0,85.8,93.2,1010.9
2019-04-05,46000.0,84.9,91.4,1011.0
2019-04-08,46000.0,86.2,93.2,1009.3
2019-04-09,46000.0,87.1,95.0,1009.1
2019-04-10,46000.0,88.0,95.0,1008.8
2019-04-11,46000.0,87.1,95.0,1008.0
2019-04-12,46000.0,88.0,95.0,1008.0
2019-04-16,46000.0,88.5,96.8,1008.9
2019-04-17,46000.0,87.4,96.8,1009.1
2019-04-18,40000.0,87.6,95.0,1008.3
2019-04-19,40000.0,88.9,98.6,1007.3
2019-04-22,25000.0,88.5,96.8,1006.4
2019-04-24,25000.0,88.9,98.6,1007.4
2019-04-25,25000.0,88.3,96.8,1007.1
2019-04-26,25000.0,88.0,95.0,1007.0
2019-05-02,23000.0,84.6,95.0,1008.3
2019-05-03,23000.0,85.8,95.0,1009.2
2019-05-04,23000.0,88.2,96.8,1009.4
2019-05-09,20000.0,83.5,93.2,1006.1
2019-05-10,20000.0,81.9,91.4,1007.8
2019-05-13,20000.0,85.8,95.0,1007.7
2019-05-14,20000.0,85.5,93.2,1008.1
2019-05-15,20000.0,86.7,96.8,1008.6
2019-05-17,20000.0,88.0,95.0,1008.2
2019-05-20,20000.0,85.3,95.0,1008.2
2019-05-21,25000.0,84.6,95.0,1008.4
2019-05-22,25000.0,82.6,95.0,1008.6
2019-05-31,25000.0,86.9,95.0,1007.0
2019-06-03,25000.0,82.2,93.2,1007.5
2019-06-04,25000.0,83.5,95.0,1007.4
2019-06-06,25000.0,83.3,93.2,1008.2
2019-06-07,25000.0,82.9,89.6,1009.4
2019-06-10,25000.0,84.6,91.4,1006.7
2019-06-12,25000.0,85.3,91.4,1007.4
2019-06-14,25000.0,84.0,91.4,1007.4
2019-06-17,25000.0,82.0,87.8,1007.9
2019-06-18,25000.0,85.1,93.2,1007.8
2019-06-19,25000.0,86.7,95.0,1007.0
2019-06-20,25000.0,86.7,95.0,1006.3
2019-06-21,25000.0,83.7,95.0,1005.6
2019-06-24,25000.0,82.2,91.4,1007.9
2019-06-25,25000.0,84.4,93.2,1008.5
2019-06-26,25000.0,84.4,93.2,1007.9
2019-06-27,25000.0,85.3,91.4,1006.7
2019-07-02,25000.0,82.9,91.4,1005.9
2019-07-03,25000.0,78.1,82.4,1007.4
2019-07-04,25000.0,80.2,87.8,1009.0
2019-07-05,25000.0,83.7,91.4,1007.9
2019-07-08,25000.0,84.7,93.2,1008.7
2019-07-10,25000.0,86.2,93.2,1008.6
2019-07-11,25000.0,87.3,95.0,1009.8
2019-07-12,25000.0,86.7,93.2,1009.2
2019-07-15,25000.0,84.7,95.0,1005.4
2019-07-17,25000.0,79.9,87.8,1004.8
2019-07-18,25000.0,83.5,89.6,1005.0
2019-07-19,25000.0,82.8,89.6,1005.9
2019-07-22,25000.0,83.1,93.2,1007.2
2019-07-23,25000.0,83.7,93.2,1006.8
2019-07-24,25000.0,82.8,93.2,1007.7
2019-07-25,25000.0,79.9,89.6,1010.1
2019-07-26,25000.0,82.6,93.2,1008.7
2019-07-29,25000.0,80.4,91.4,1008.1
2019-07-30,25000.0,83.7,91.4,1006.6
2019-07-31,25000.0,82.9,93.2,1005.6
2019-08-01,25000.0,82.6,91.4,1006.9
2019-08-02,25000.0,79.5,86.0,1007.6
2019-08-05,25000.0,80.8,87.8,1005.9
2019-08-06,25000.0,78.4,86.0,1006.2
2019-08-07,25000.0,79.5,84.2,1005.3
2019-08-08,25000.0,79.9,86.0,1004.6
2019-08-09,25000.0,79.5,84.2,1003.8
2019-08-12,25000.0,84.6,93.2,1007.8
2019-08-13,25000.0,84.2,89.6,1008.5
2019-08-14,25000.0,85.5,93.2,1008.0
2019-08-15,25000.0,85.3,93.2,1007.9
2019-08-16,25000.0,83.7,91.4,1008.1
2019-08-19,25000.0,85.6,95.0,1007.7
2019-08-20,25000.0,83.8,91.4,1006.7
2019-08-22,25000.0,81.9,87.8,1008.8
2019-08-23,25000.0,83.3,91.4,1008.8
2019-09-11,25000.0,85.6,93.2,1011.2
2019-09-12,25000.0,85.5,93.2,1009.7
2019-09-13,25000.0,79.5,86.0,1007.8
2019-09-16,25000.0,80.4,87.8,1006.5
2019-09-17,25000.0,81.5,86.0,1007.1
2019-09-18,25000.0,78.8,84.2,1008.5
2019-09-19,25000.0,80.8,87.8,1009.9
2019-09-20,25000.0,81.1,87.8,1009.3
2019-09-23,25000.0,81.3,91.4,1011.6
2019-09-24,25000.0,85.3,91.4,1010.9
2019-09-25,25000.0,85.5,95.0,1011.1
2019-09-26,25000.0,81.0,93.2,1011.8
2019-09-27,25000.0,82.2,93.2,1011.4
2019-10-01,30000.0,81.9,89.6,1010.4
2019-10-02,30000.0,81.3,89.6,1010.5
2019-10-07,35000.0,84.2,89.6,1009.6
2019-10-08,35000.0,84.7,91.4,1009.8
2019-10-10,45000.0,82.9,91.4,1010.0
2019-10-11,45000.0,84.6,91.4,1009.3
2019-10-14,45000.0,83.7,93.2,1010.2
2019-10-15,25000.0,84.6,93.2,1009.7
2019-10-16,25000.0,83.5,95.0,1009.6
2019-10-17,25000.0,83.8,93.2,1009.3
2019-10-21,25000.0,83.5,89.6,1008.5
2019-10-22,25000.0,84.9,91.4,1007.6
2019-10-24,25000.0,84.9,93.2,1008.8
2019-10-28,25000.0,82.8,93.2,1008.7
2019-10-29,25000.0,84.7,93.2,1008.5
2019-10-30,25000.0,85.3,93.2,1006.8
2019-10-31,25000.0,80.4,86.0,1006.8
2019-11-05,25000.0,82.8,93.2,1008.1
2019-11-06,25000.0,80.8,86.0,1007.8
2019-11-07,25000.0,82.2,89.6,1009.0
2019-11-08,25000.0,82.0,91.4,1010.4
2019-11-19,30000.0,82.2,91.4,1009.9
2019-11-22,30000.0,81.7,89.6,1010.6
2019-11-25,30000.0,82.9,91.4,1010.3
2019-12-13,28000.0,80.4,91.4,1012.1
2019-12-16,28000.0,83.8,91.4,1010.0
2019-12-17,28000.0,83.5,91.4,1010.5
2019-12-18,28000.0,83.3,93.2,1011.0
2019-12-19,28000.0,82.2,89.6,1010.9
2019-12-20,28000.0,80.8,89.6,1010.1
2019-12-25,28000.0,81.7,89.6,1010.5
2019-12-26,28000.0,80.8,87.8,1011.0
2020-01-09,26000.0,83.7,95.0,1009.2
2020-01-15,35000.0,82.2,93.2,1010.9
2020-01-20,35000.0,84.0,93.2,1012.4
2020-01-31,25000.0,80.8,87.8,1011.8
2020-02-03,25000.0,81.1,91.4,1012.8
2020-02-04,25000.0,81.9,95.0,1011.6
2020-02-05,25000.0,81.3,93.2,1011.3
2020-02-06,25000.0,81.1,89.6,1012.3
2020-02-07,25000.0,81.7,95.0,1012.5
2020-02-10,25000.0,82.8,91.4,1012.5
2020-02-11,25000.0,85.5,95.0,1012.8
2020-02-12,25000.0,84.9,95.0,1012.5
2020-02-13,25000.0,83.8,95.0,1011.5
2020-02-14,25000.0,82.0,89.6,1010.3
2020-02-17,25000.0,82.9,96.8,1012.8
2020-02-18,23000.0,82.6,91.4,1012.9
2020-02-19,23000.0,82.0,95.0,1013.1
2020-02-20,23000.0,83.5,93.2,1013.0
2020-02-21,23000.0,83.7,95.0,1014.1
2020-02-24,23000.0,82.9,95.0,1012.1
2020-02-25,23000.0,84.0,93.2,1010.8
2020-02-26,23000.0,84.4,96.8,1011.0
2020-02-27,23000.0,84.0,95.0,1010.2
2020-02-28,23000.0,83.7,95.0,1009.8
2020-03-02,25000.0,85.5,96.8,1009.7
2020-03-03,25000.0,84.6,95.0,1009.8
2020-03-04,25000.0,84.0,93.2,1010.0
2020-03-05,25000.0,84.4,93.2,1010.6
2020-03-09,28000.0,85.3,95.0,1007.9
2020-03-10,28000.0,85.8,95.0,1008.2
2020-03-11,28000.0,84.2,91.4,1010.6
2020-03-12,28000.0,86.4,96.8,1011.2
2020-03-13,28000.0,84.6,93.2,1011.5
2020-03-16,28000.0,86.5,98.6,1011.1
2020-03-17,22000.0,85.8,96.8,1011.5
2020-03-18,22000.0,85.3,95.0,1010.4
2020-03-19,22000.0,85.3,95.0,1010.3
2020-03-20,22000.0,84.7,93.2,1011.3
2020-03-23,22000.0,84.6,93.2,1010.0
2020-03-24,24000.0,84.9,93.2,1009.4
2020-03-25,24000.0,85.5,95.0,1008.3
2020-03-26,24000.0,85.5,93.2,1009.4
2020-03-27,24000.0,84.9,95.0,1009.8
2020-03-30,26000.0,86.4,95.0,1008.8
2020-03-31,26000.0,87.1,95.0,1009.1
2020-04-01,26000.0,86.7,95.0,1008.9
2020-04-02,26000.0,87.1,96.8,1009.6
2020-04-03,22000.0,88.0,98.6,1010.0
2020-04-06,22000.0,87.3,95.0,1009.8
2020-04-07,22000.0,86.0,93.2,1009.7
2020-04-08,22000.0,85.6,93.2,1010.2
2020-04-09,22000.0,85.3,95.0,1010.6
2020-04-10,22000.0,84.6,95.0,1011.4
2020-04-13,22000.0,81.5,87.8,1010.3
2020-04-14,22000.0,83.5,93.2,1010.7
2020-04-15,22000.0,84.7,95.0,1010.6
2020-04-16,22000.0,86.4,95.0,1009.7
2020-04-17,22000.0,85.8,95.0,1010.2
2020-04-20,22000.0,87.1,96.8,1009.8
2020-04-21,22000.0,87.6,98.6,1008.8
2020-04-22,22000.0,88.0,95.0,1008.9
2020-04-23,22000.0,89.6,98.6,1008.6
2020-04-24,22000.0,85.5,98.6,1009.0
2020-04-27,22000.0,84.7,95.0,1010.2
2020-04-28,22000.0,85.6,96.8,1009.7
2020-04-29,22000.0,87.8,96.8,1009.1
2020-05-04,22000.0,88.0,95.0,1008.5
2020-05-05,22000.0,88.5,96.8,1007.6
2020-05-06,22000.0,89.1,96.8,1007.4
2020-05-07,22000.0,88.9,95.0,1006.8
2020-05-08,22000.0,88.9,96.8,1007.1
2020-05-11,22000.0,89.2,96.8,1008.3
2020-05-12,22000.0,89.4,98.6,1008.0
2020-05-13,20000.0,89.6,98.6,1007.8
2020-05-14,20000.0,89.4,98.6,1007.6
2020-05-15,22000.0,88.5,96.8,1005.5
2020-05-18,22000.0,89.4,98.6,1005.2
2020-05-19,22000.0,86.5,100.4,1005.6
2020-05-20,22000.0,83.8,91.4,1006.7
2020-05-21,22000.0,89.1,96.8,1006.8
2020-05-22,22000.0,87.6,96.8,1006.3
2020-05-25,20000.0,83.1,95.0,1010.3
2020-05-26,20000.0,88.9,96.8,1009.8
2020-05-27,20000.0,85.8,95.0,1009.3
2020-05-28,20000.0,84.4,93.2,1009.2
2020-05-29,20000.0,84.4,93.2,1009.6
2020-06-01,20000.0,84.4,96.8,1010.0
2020-06-02,20000.0,82.2,91.4,1009.6
2020-06-03,20000.0,83.7,95.0,1008.1
2020-06-04,20000.0,81.3,91.4,1008.4
2020-06-05,20000.0,83.7,91.4,1008.5
2020-06-08,20000.0,88.0,95.0,1006.7
2020-06-09,20000.0,85.5,93.2,1007.1
2020-06-10,20000.0,80.1,89.6,1007.9
2020-06-11,20000.0,84.0,89.6,1006.7
2020-06-12,20000.0,86.0,93.2,1004.7
2020-06-15,20000.0,81.7,91.4,1009.0
2020-06-16,18000.0,82.4,91.4,1008.8
2020-06-17,18000.0,82.2,93.2,1008.3
2020-06-18,18000.0,86.5,95.0,1007.8
2020-06-19,18000.0,85.5,93.2,1007.6
2020-06-22,20000.0,84.7,93.2,1006.5
2020-06-23,20000.0,86.7,95.0,1007.1
2020-06-24,20000.0,83.5,95.0,1007.3
2020-06-25,20000.0,80.4,89.6,1007.3
2020-06-26,20000.0,82.6,93.2,1007.4
2020-06-29,20000.0,79.0,86.0,1007.9
2020-06-30,20000.0,80.4,87.8,1007.6
2020-07-01,20000.0,82.9,89.6,1006.5
2020-07-02,20000.0,81.9,89.6,1006.0
2020-07-03,20000.0,81.3,84.2,1007.9
2020-07-06,20000.0,82.6,86.0,1006.3
2020-07-07,20000.0,85.3,91.4,1008.3
2020-07-08,20000.0,79.9,87.8,1008.5
2020-07-09,20000.0,85.6,93.2,1006.3
2020-07-10,20000.0,83.8,93.2,1007.2
2020-07-13,20000.0,81.5,89.6,1007.0
2020-07-14,20000.0,84.7,96.8,1006.6
2020-07-17,20000.0,85.8,93.2,1007.1
2020-07-20,20000.0,82.0,91.4,1007.1
2020-07-21,20000.0,82.4,89.6,1007.8
2020-07-22,20000.0,86.4,93.2,1007.4
2020-07-23,20000.0,81.1,94.5,1007.8
2020-07-24,20000.0,80.2,91.4,1008.0
2020-07-27,20000.0,85.6,95.0,1006.5
2020-07-28,20000.0,82.6,91.4,1007.0
2020-08-10,17500.0,81.3,87.8,1007.8
2020-08-11,17500.0,86.4,91.4,1007.4
2020-08-12,17500.0,81.7,87.8,1008.4
2020-08-13,17500.0,80.4,87.8,1008.8
2020-08-14,17500.0,81.3,89.6,1008.4
2020-08-17,17500.0,84.6,91.4,1006.7
2020-08-18,17500.0,84.6,93.2,1006.1
2020-08-19,17500.0,81.1,89.6,1006.6
2020-08-21,17500.0,85.6,93.2,1007.7
2020-08-24,17500.0,84.0,93.2,1008.8
2020-08-25,17500.0,86.9,95.0,1007.8
2020-08-26,17500.0,87.1,95.0,1007.0
2020-08-27,17500.0,86.5,93.2,1005.8
2020-08-31,17500.0,83.7,95.0,1006.3
2020-09-01,17500.0,81.0,89.6,1006.9
2020-09-03,17500.0,85.3,91.4,1007.4
2020-09-07,17500.0,84.4,93.2,1007.3
2020-09-08,17500.0,85.5,91.4,1008.3
2020-09-10,17500.0,82.8,93.2,1006.5
2020-09-11,19750.0,82.6,93.2,1007.3
2020-09-14,17500.0,79.2,86.0,1008.5
2020-09-15,17500.0,81.9,87.8,1008.2
2020-09-23,17500.0,81.1,89.6,1008.6
2020-09-24,17500.0,82.2,91.4,1009.6
2020-09-25,17500.0,81.9,91.4,1008.3
2020-09-28,17500.0,81.1,87.8,1007.0
2020-09-29,17500.0,80.8,86.0,1008.1
2020-10-06,17500.0,82.0,86.0,1006.6
2020-10-07,17500.0,78.4,82.4,1004.8
2020-10-08,17500.0,81.7,89.6,1005.0
2020-10-09,17500.0,79.0,86.0,1006.2
2020-10-12,17500.0,80.8,87.8,1003.5
2020-10-13,17500.0,80.2,86.0,1004.2
2020-10-14,17500.0,78.4,80.6,1005.2
2020-10-15,17500.0,79.9,87.8,1005.3
2020-10-19,17500.0,82.6,87.8,1007.7
2020-10-20,17500.0,83.3,89.6,1007.5
2020-10-21,17500.0,82.0,87.8,1006.9
2020-10-22,17500.0,84.4,91.4,1006.8
2020-10-23,17500.0,82.8,89.6,1008.0
2020-10-26,17500.0,82.8,89.6,1008.2
2020-10-27,17500.0,81.5,87.8,1006.3
2020-10-28,17500.0,80.8,84.2,1005.3
2020-10-29,17500.0,80.8,91.4,1008.2
2020-11-02,17500.0,82.2,89.6,1009.6
2020-11-03,17500.0,83.8,91.4,1010.1
2020-11-04,17500.0,81.7,89.6,1010.0
2020-11-05,17500.0,84.7,93.2,1009.5
2020-11-06,17500.0,81.1,86.0,1009.9
2020-11-09,17500.0,81.3,87.8,1008.3
2020-11-10,17500.0,78.1,84.2,1007.3
2020-11-11,17500.0,78.6,86.0,1009.5
2020-11-12,17500.0,81.1,91.4,1010.3
2020-11-13,17500.0,81.1,87.8,1008.6
2020-11-16,18500.0,82.9,95.0,1009.7
2020-11-17,18500.0,84.9,93.2,1008.3
2020-11-18,18500.0,83.7,91.4,1007.9
2020-11-19,18500.0,83.3,91.4,1007.9
2020-11-20,18500.0,83.5,91.4,1008.4
2020-11-23,18500.0,81.7,91.4,1009.6
2020-11-24,18500.0,82.8,91.4,1009.5
2020-11-25,18500.0,83.3,91.4,1009.1
2020-11-26,18500.0,83.1,89.6,1010.1
2020-11-27,18500.0,82.6,91.4,1010.1
2020-11-30,18500.0,81.1,87.8,1009.2
2020-12-01,18500.0,81.9,87.8,1010.0
2020-12-02,18500.0,82.2,91.4,1009.6
2020-12-03,18500.0,81.3,91.4,1009.5
2020-12-04,18500.0,80.2,89.6,1009.5
2020-12-07,20500.0,81.0,87.8,1010.5
2020-12-08,20500.0,82.0,89.6,1010.3
2020-12-09,20500.0,81.7,87.8,1009.0
2020-12-10,20500.0,80.2,87.8,1008.8
2020-12-11,20500.0,81.9,87.8,1009.2
2020-12-14,20500.0,82.8,93.2,1008.7
2020-12-15,20500.0,82.2,91.4,1010.0
2020-12-16,20500.0,82.9,91.4,1010.1
2020-12-17,20500.0,83.1,91.4,1009.3
2020-12-21,20500.0,79.9,87.8,1008.9
2020-12-22,20500.0,77.2,82.4,1008.1
2020-12-23,20500.0,78.4,87.8,1007.3
2020-12-28,20500.0,82.0,91.4,1008.3
2020-12-31,20500.0,78.8,84.2,1010.1
2021-01-04,20500.0,82.0,91.4,1009.5
2021-01-06,20500.0,82.6,89.6,1008.9
2021-01-07,20500.0,82.6,93.2,1008.3
2021-01-08,20500.0,81.7,91.4,1008.1
2021-01-11,20500.0,79.3,89.6,1010.5
2021-01-12,20500.0,75.9,87.8,1011.3
2021-01-13,20500.0,74.7,82.4,1011.6
2021-01-14,25000.0,76.8,86.0,1011.1
2021-01-15,25000.0,78.1,87.8,1009.6
2021-01-18,25000.0,78.1,87.8,1011.5
2021-01-19,25000.0,75.9,82.4,1011.3
2021-01-20,25000.0,80.2,87.8,1010.5
2021-01-21,25000.0,81.0,89.6,1009.8
2021-01-22,25000.0,79.5,86.0,1009.6
2021-01-25,25000.0,81.0,89.6,1010.0
2021-01-26,25000.0,82.0,91.4,1009.2
2021-01-28,25000.0,80.4,91.4,1010.6
2021-02-03,25000.0,79.9,87.8,1011.7
2021-02-18,25000.0,79.5,87.8,1013.3
2021-02-19,27000.0,83.8,91.4,1013.1
2021-02-22,27000.0,78.3,87.8,1011.3
2021-02-23,27000.0,80.1,89.6,1010.2
2021-02-24,27000.0,80.2,89.6,1009.2
2021-02-25,27000.0,81.1,89.6,1007.8
2021-02-26,27000.0,82.4,91.4,1006.6
2021-03-01,27000.0,84.4,93.2,1011.5
2021-03-02,27000.0,83.7,93.2,1011.3
2021-03-05,27000.0,83.5,96.8,1011.4
2021-03-08,27000.0,84.6,95.0,1011.6
2021-03-10,27000.0,84.7,95.0,1011.0
2021-03-11,27000.0,85.5,95.0,1010.9
2021-03-12,27000.0,86.2,95.0,1011.3
2021-03-15,27000.0,82.9,93.2,1009.3
2021-03-16,27000.0,82.2,89.6,1009.1
2021-03-17,27000.0,82.6,91.4,1009.1
2021-03-18,27000.0,83.7,89.6,1008.9
2021-03-19,27000.0,85.3,93.2,1007.9
2021-03-22,27000.0,86.7,96.8,1009.4
2021-03-23,27000.0,86.5,95.0,1009.3
2021-03-24,27000.0,87.3,95.0,1008.6
2021-03-25,27000.0,86.5,96.8,1008.6
2021-03-26,27000.0,85.8,98.1,1008.3
2021-03-29,27000.0,85.5,95.0,1007.7
2021-03-30,27000.0,85.6,96.8,1006.5
2021-03-31,27000.0,86.4,95.0,1005.5
2021-04-02,27000.0,86.7,98.6,1006.4
2021-04-05,27000.0,85.5,93.2,1009.5
2021-04-06,27000.0,86.7,95.0,1010.0
2021-04-07,27000.0,86.7,96.8,1010.0
2021-04-08,27000.0,83.7,91.4,1009.4
2021-04-09,27000.0,83.5,87.8,1009.5
2021-04-12,27000.0,84.9,95.0,1011.6
2021-04-13,27000.0,85.8,93.2,1010.9
2021-04-14,27000.0,84.6,95.0,1010.3
2021-04-15,27000.0,84.9,95.0,1009.4
2021-04-16,27000.0,82.2,93.2,1009.5
2021-04-19,27000.0,83.1,91.4,1009.5
2021-04-20,27000.0,86.2,93.2,1009.0
2021-04-22,27000.0,81.9,89.6,1009.0
2021-04-23,27000.0,82.8,91.4,1008.1
2021-04-26,27000.0,87.1,95.0,1008.6
2021-04-27,27000.0,85.5,93.2,1010.0
2021-04-28,27000.0,86.2,93.2,1010.9
2021-04-29,27000.0,86.4,95.0,1010.2
2021-05-04,27000.0,88.5,96.8,1007.3
2021-05-07,27000.0,86.4,93.2,1010.0
2021-05-10,27000.0,87.6,93.2,1007.7
2021-05-11,27000.0,88.0,95.0,1007.3
2021-05-12,27000.0,87.6,95.0,1006.8
2021-05-13,27000.0,88.3,96.8,1006.1
2021-05-14,27000.0,87.1,93.2,1006.3
2021-05-17,27000.0,83.8,93.2,1007.6
2021-05-18,27000.0,85.3,93.2,1008.3
2021-05-19,27000.0,84.0,95.0,1007.6
2021-05-20,27000.0,88.3,95.0,1007.6
2021-05-21,27000.0,82.4,93.2,1007.7
2021-05-24,27000.0,80.8,86.0,1007.3
2021-05-25,27000.0,76.6,82.4,1008.1
2021-05-26,27000.0,81.3,86.0,1007.8
2021-05-27,27000.0,81.3,87.8,1008.3
2021-05-28,27000.0,84.9,91.4,1009.5
2021-05-31,27000.0,87.6,93.2,1006.4
2021-06-01,27000.0,85.6,93.2,1006.7
2021-06-02,27000.0,83.1,93.2,1007.3
2021-06-03,27000.0,86.7,95.0,1008.0
2021-06-04,27000.0,87.8,95.0,1007.7
2021-06-07,27000.0,82.6,91.4,1008.3
2021-06-08,27000.0,79.0,84.2,1009.3
2021-06-09,27000.0,82.9,89.6,1008.1
2021-06-10,27000.0,82.4,89.6,1006.9
2021-06-11,27000.0,82.6,89.6,1005.9
2021-06-14,27000.0,83.8,93.2,1008.3
2021-06-15,27000.0,81.3,89.6,1007.8
2021-06-16,27000.0,84.7,91.4,1009.1
2021-06-17,2700.0,84.7,95.0,1009.6
2021-06-18,27000.0,86.4,93.2,1009.8
2021-06-21,27000.0,84.0,89.6,1007.6
2021-06-22,27000.0,82.4,89.6,1008.7
2021-06-23,27000.0,82.6,89.6,1009.3
2021-06-24,27000.0,85.5,91.4,1008.0
2021-06-25,27000.0,84.6,93.2,1007.5
2021-06-28,27000.0,86.7,95.0,1008.8
2021-06-29,27000.0,86.7,95.0,1007.9
2021-06-30,27000.0,84.9,93.2,1008.4
2021-07-01,27000.0,86.5,95.0,1008.5
2021-07-02,26000.0,87.6,95.0,1008.5
2021-07-05,27000.0,80.8,87.8,1006.0
2021-07-06,27000.0,81.7,87.8,1005.8
2021-07-07,27000.0,81.9,93.2,1007.1
2021-07-08,27000.0,81.1,87.8,1007.6
2021-07-09,27000.0,82.6,87.8,1007.2
2021-07-12,27000.0,84.7,95.0,1008.5
2021-07-13,27000.0,84.4,93.2,1007.5
2021-07-14,27000.0,82.4,91.4,1006.9
2021-07-15,27000.0,80.2,89.6,1008.3
2021-07-16,27000.0,84.6,93.2,1009.3
2021-07-19,27000.0,79.5,91.4,1007.6
2021-07-22,27000.0,81.0,89.6,1007.7
2021-07-23,27000.0,81.0,86.0,1006.9
2021-07-26,27000.0,84.2,91.4,1006.8
2021-07-27,27000.0,81.1,91.4,1006.0
2021-07-28,27000.0,81.7,87.8,1005.8
2021-07-29,27000.0,79.5,89.6,1006.9
2021-07-30,27000.0,83.7,89.6,1007.7
2021-08-02,27000.0,83.8,89.6,1007.0
2021-08-03,27000.0,84.9,89.6,1007.6
2021-08-04,27000.0,83.8,91.4,1008.2
2021-08-05,27000.0,84.0,91.4,1008.0
2021-08-06,27000.0,84.9,91.4,1008.5
2021-08-09,27000.0,86.5,93.2,1007.2
2021-08-10,27000.0,83.7,95.0,1007.0
2021-08-11,27000.0,81.9,89.6,1009.2
2021-08-12,27000.0,82.8,87.8,1010.8
2021-08-13,27000.0,82.8,93.2,1009.2
2021-08-16,27000.0,83.5,95.0,1011.5
2021-08-17,27000.0,81.5,93.2,1010.7
2021-08-18,27000.0,82.2,93.2,1008.4
2021-08-19,27000.0,83.5,95.0,1008.3
2021-08-20,27000.0,81.7,91.4,1009.1
2021-08-23,27000.0,81.7,89.6,1007.9
2021-08-24,27000.0,80.6,87.8,1007.2
2021-08-25,17500.0,81.3,87.8,1007.5
2021-08-26,27000.0,80.1,87.8,1008.0
2021-08-27,27000.0,84.0,91.4,1007.5
2021-08-30,27000.0,81.1,91.4,1008.1
2021-08-31,27000.0,81.9,93.2,1008.8
2021-09-01,27000.0,83.1,91.4,1008.5
2021-09-06,27000.0,82.2,89.6,1008.9
2021-09-07,27000.0,82.8,91.4,1007.9
2021-09-08,22000.0,82.0,89.6,1006.5
2021-09-09,22000.0,80.4,89.6,1007.8
2021-09-10,22000.0,81.3,86.0,1008.3
2021-09-13,22000.0,80.4,89.6,1005.8
2021-09-14,22000.0,79.9,86.0,1008.0
2021-09-15,22000.0,82.2,87.8,1009.9
2021-09-16,22000.0,81.9,89.6,1009.5
2021-09-17,22000.0,81.7,91.4,1009.1
2021-09-20,22000.0,81.3,89.6,1008.4
2021-09-21,22000.0,80.8,89.6,1008.3
2021-09-22,22000.0,81.3,89.6,1008.2
2021-09-23,22000.0,82.6,89.6,1008.5
2021-09-24,22000.0,80.6,91.4,1008.4
2021-09-27,22000.0,85.1,91.4,1007.9
2021-09-28,22000.0,83.8,93.2,1008.1
2021-09-29,22000.0,83.5,91.4,1007.7
2021-09-30,22000.0,81.9,89.6,1008.7
2021-10-01,22000.0,81.1,89.6,1009.3
2021-10-04,22000.0,82.0,89.6,1006.9
2021-10-05,22000.0,81.3,89.6,1005.8
2021-10-06,22000.0,80.2,84.2,1004.7
2021-10-07,22000.0,80.2,86.0,1003.9
2021-10-08,22000.0,82.8,87.8,1004.6
2021-10-11,22000.0,79.5,86.0,1005.4
2021-10-12,22000.0,81.9,87.8,1005.2
2021-10-13,22000.0,83.5,89.6,1004.0
2021-10-14,22000.0,83.8,89.6,1005.3
2021-10-15,22000.0,82.0,93.2,1006.4
2021-10-18,22000.0,83.8,89.6,1010.0
2021-10-19,22000.0,84.4,91.4,1012.3
2021-10-20,22000.0,80.2,89.6,1012.3
2021-10-21,22000.0,82.0,89.6,1011.8
2021-10-26,22000.0,82.6,89.6,1008.3
2021-10-27,22000.0,79.0,84.2,1008.7
2021-10-28,22000.0,84.4,91.4,1010.3
2021-10-29,22000.0,83.8,95.0,1011.5
2021-11-02,22000.0,84.7,93.2,1010.8
2021-11-03,22000.0,85.1,93.2,1009.8
2021-11-05,22000.0,83.8,91.4,1008.6
2021-11-09,22000.0,82.6,89.6,1009.0
2021-11-10,22000.0,83.5,91.4,1009.0
2021-11-11,22000.0,79.9,87.8,1009.3
2021-11-12,22000.0,82.6,93.2,1009.3
2021-11-15,22000.0,82.2,89.6,1008.5
2021-11-16,22000.0,81.9,89.6,1008.8
2021-11-17,22000.0,82.2,93.2,1009.0
2021-11-18,22000.0,82.0,89.6,1008.3
2021-11-19,22000.0,83.5,91.4,1007.2
2021-11-23,22000.0,81.3,91.4,1009.0
2021-11-24,22000.0,84.0,93.2,1009.6
2021-11-25,22000.0,82.0,89.6,1009.9
2021-11-26,22000.0,82.2,89.6,1009.3
2021-11-29,22000.0,80.4,86.0,1007.8
2021-11-30,22000.0,78.3,84.2,1009.2
2021-12-01,22000.0,79.9,87.8,1010.3
2021-12-02,22000.0,79.3,87.8,1011.5
2021-12-06,22000.0,80.1,87.8,1011.3
2021-12-07,22000.0,79.2,87.8,1012.0
2021-12-08,22000.0,82.6,89.6,1012.0
2021-12-09,22000.0,80.2,87.8,1012.3
2021-12-10,22000.0,80.8,91.4,1012.0
2021-12-14,22000.0,81.9,89.6,1009.4
2021-12-15,22000.0,84.0,93.2,1009.0
2021-12-16,22000.0,83.8,89.6,1009.5
2021-12-20,22000.0,80.1,87.8,1011.9
2021-12-21,22000.0,82.0,91.4,1011.9
2021-12-22,22000.0,79.9,87.8,1011.4
2021-12-23,22000.0,81.0,89.6,1011.0
2021-12-24,22000.0,79.0,89.6,1011.2
2021-12-27,22000.0,81.1,91.4,1012.8
2021-12-28,22000.0,80.2,87.8,1012.2
2021-12-29,22000.0,81.7,89.6,1012.3
2021-12-30,22000.0,82.2,91.4,1013.4
2021-12-31,22000.0,81.3,91.4,1013.3
2022-01-04,22000.0,81.0,89.6,1011.5
2022-01-05,22000.0,82.2,89.6,1011.4
2022-01-06,22000.0,81.5,87.8,1011.8
2022-01-07,22000.0,82.4,91.4,1012.3
2022-01-11,22000.0,81.3,93.2,1012.5
2022-01-14,22000.0,80.2,91.4,1013.2
2022-01-17,22000.0,81.3,89.6,1012.4
2022-01-18,22000.0,81.5,91.4,1011.6
2022-02-18,22000.0,84.4,93.2,1008.7
2022-02-21,22000.0,81.7,93.2,1010.5
2022-02-23,22000.0,81.7,91.4,1012.3
2022-03-04,22000.0,85.3,95.0,1009.5
2022-03-07,22000.0,84.7,95.0,1009.6
2022-03-08,22000.0,85.3,96.8,1009.3
2022-03-09,22000.0,82.9,93.2,1009.0
2022-03-10,22000.0,81.7,87.8,1008.8
2022-03-11,22000.0,84.0,93.2,1007.5
2022-03-14,22000.0,85.1,95.0,1007.9
2022-03-15,22000.0,85.5,95.0,1007.4
2022-03-17,22000.0,85.1,93.2,1007.2
2022-03-18,22000.0,84.9,93.2,1007.4
2022-03-21,22000.0,84.9,93.2,1009.5
2022-03-22,22000.0,82.8,91.4,1010.2
2022-03-23,22000.0,85.3,95.0,1009.6
2022-03-24,22000.0,86.2,95.0,1009.2
2022-03-30,22000.0,84.0,93.2,1008.2
2022-03-31,22000.0,82.8,91.4,1008.0
2022-04-05,22000.0,82.0,93.2,1011.9
2022-04-06,22000.0,84.0,93.2,1010.9
2022-04-07,22000.0,83.8,91.4,1010.0
2022-04-08,22000.0,85.3,93.2,1009.6
2022-04-12,22000.0,85.3,91.4,1007.8
2022-04-13,22000.0,86.4,95.0,1006.5
2022-04-14,22000.0,85.6,95.0,1006.5
2022-04-18,22000.0,85.8,91.4,1008.9
2022-04-19,22000.0,85.8,93.2,1009.7
2022-04-20,22000.0,85.5,95.0,1009.3
2022-04-21,22000.0,86.7,95.0,1008.7
2022-04-22,22000.0,87.1,95.0,1009.2
2022-04-25,22000.0,87.3,93.2,1007.2
2022-04-26,40000.0,86.5,95.0,1007.2
2022-04-27,40000.0,89.1,96.8,1006.6
2022-04-28,40000.0,87.6,95.0,1007.0
2022-04-29,40000.0,78.4,84.2,1007.5
2022-05-04,35000.0,80.4,91.4,1009.0
2022-05-05,35000.0,82.8,89.6,1007.4
2022-05-06,35000.0,85.8,93.2,1007.1
2022-05-09,35000.0,86.5,95.0,1007.8
2022-05-10,35000.0,85.5,95.0,1008.0
2022-05-11,35000.0,86.4,95.0,1007.8
2022-05-16,35000.0,83.5,89.6,1008.4
2022-05-17,35000.0,84.0,91.4,1008.9
2022-05-18,35000.0,81.0,86.0,1009.5
2022-05-19,35000.0,81.7,91.4,1010.0
2022-05-26,40000.0,82.8,91.4,1006.5
2022-05-31,40000.0,86.5,93.2,1005.5
2022-06-06,40000.0,85.5,95.0,1006.7
2022-06-07,40000.0,86.5,93.2,1006.9
2022-06-08,40000.0,88.0,95.0,1007.3
2022-06-09,40000.0,86.7,96.8,1006.8
2022-06-10,40000.0,85.8,93.2,1007.5
2022-06-13,40000.0,84.7,91.4,1008.1
2022-06-14,40000.0,86.5,93.2,1008.0
2022-06-16,40000.0,86.4,93.2,1009.2
2022-06-17,40000.0,84.7,91.4,1009.0
2022-06-20,40000.0,83.1,93.2,1006.3
2022-06-23,40000.0,80.4,91.4,1008.8
2022-06-24,40000.0,81.1,89.6,1007.6
2022-06-27,40000.0,84.6,93.2,1008.0
2022-07-08,35000.0,81.3,89.6,1006.9
2022-07-13,35000.0,81.3,87.8,1004.1
2022-07-14,35000.0,81.9,87.8,1004.8
2022-07-15,35000.0,81.7,89.6,1006.2
2022-07-18,35000.0,83.7,91.4,1007.0
2022-07-19,35000.0,81.0,89.6,1006.0
2022-07-20,35000.0,78.4,86.0,1006.9
2022-07-21,35000.0,78.1,84.2,1009.5
2022-07-22,35000.0,84.2,95.0,1009.9
2022-07-25,35000.0,85.6,95.0,1007.5
2022-07-26,35000.0,82.2,89.6,1008.0
2022-07-27,35000.0,83.1,89.6,1007.5
2022-07-28,35000.0,82.8,91.4,1007.5
2022-07-29,35000.0,85.5,95.0,1006.8
2022-08-01,35000.0,82.0,91.4,1006.3
2022-08-02,35000.0,82.9,89.6,1007.3
2022-08-03,35000.0,82.2,91.4,1008.4
2022-08-04,35000.0,81.1,87.8,1008.2
2022-08-05,35000.0,82.6,89.6,1007.6
2022-08-08,35000.0,79.7,86.0,1006.6
2022-08-09,35000.0,82.0,89.6,1006.0
2022-08-10,35000.0,83.7,89.6,1005.9
2022-08-11,35000.0,78.6,86.0,1007.6
2022-08-15,35000.0,80.2,89.6,1007.8
2022-08-16,35000.0,80.6,89.6,1007.8
2022-08-17,35000.0,82.2,89.6,1008.1
2022-08-18,35000.0,84.4,91.4,1007.5
2022-08-22,35000.0,84.4,95.0,1007.5
2022-08-23,35000.0,84.2,91.4,1007.3
2022-08-24,35000.0,82.9,91.4,1006.5
2022-09-07,35000.0,79.3,84.2,1008.7
2022-09-08,35000.0,81.3,87.8,1010.2
2022-09-09,35000.0,85.3,93.2,1009.8
2022-09-12,35000.0,80.8,91.4,1008.5
2022-09-13,35000.0,83.8,91.4,1009.2
2022-09-14,35000.0,82.2,89.6,1010.3
2022-09-16,35000.0,82.8,89.6,1007.5
2022-09-19,35000.0,81.5,89.6,1008.5
2022-09-20,35000.0,82.0,87.8,1007.4
2022-09-21,35000.0,83.5,91.4,1006.8
2022-09-22,35000.0,82.0,89.6,1007.8
2022-09-23,35000.0,82.8,91.4,1008.2
2022-09-26,35000.0,78.4,87.8,1008.3
2022-09-27,35000.0,79.7,86.0,1005.7
2022-09-28,35000.0,79.9,87.8,1002.9
2022-09-29,35000.0,79.3,86.0,1005.6
2022-09-30,35000.0,81.9,87.8,1008.1
2022-10-03,35000.0,83.1,89.6,1008.2
2022-10-04,35000.0,83.1,89.6,1009.1
2022-10-05,35000.0,83.5,91.4,1009.6
2022-10-06,35000.0,81.1,87.8,1010.4
2022-10-07,35000.0,82.9,93.2,1009.5
2022-10-10,35000.0,80.6,89.6,1011.0
2022-10-11,35000.0,80.8,87.8,1010.3
2022-10-13,35000.0,83.8,91.4,1007.5
2022-10-14,35000.0,80.4,87.8,1006.4
2022-10-17,35000.0,84.6,91.4,1009.1
2022-10-18,35000.0,82.9,93.2,1008.5
2022-10-19,35000.0,78.3,84.2,1008.8
2022-10-20,35000.0,80.2,84.2,1010.3
2022-10-21,35000.0,84.0,91.4,1010.8
2022-10-24,35000.0,82.8,95.0,1009.4
2022-10-25,35000.0,81.9,89.6,1009.6
2022-10-26,35000.0,83.8,89.6,1009.0
2022-10-27,35000.0,80.1,89.6,1008.7
2022-10-28,35000.0,81.3,86.0,1007.3
2022-10-31,35000.0,84.0,93.2,1007.8
2022-11-01,35000.0,82.2,89.6,1008.7
2022-11-02,35000.0,81.7,87.8,1009.6
2022-11-03,35000.0,78.1,84.2,1010.4
2022-11-07,35000.0,82.0,91.4,1011.2
2022-11-08,35000.0,83.5,91.4,1010.5
2022-11-09,35000.0,84.4,91.4,1010.3
2022-11-14,25000.0,82.9,91.4,1009.2
2022-11-15,25000.0,82.9,91.4,1009.2
2022-11-16,25000.0,82.6,93.2,1008.3
2022-11-17,25000.0,83.5,91.4,1008.0
2022-11-18,25000.0,82.9,91.4,1008.6
2022-11-21,25000.0,79.9,84.2,1005.3
2022-11-22,25000.0,78.8,84.2,1006.2
2022-11-23,25000.0,79.3,86.0,1007.8
2022-11-24,25000.0,80.4,86.0,1009.6
2022-11-25,25000.0,82.6,89.6,1010.6
2022-11-28,25000.0,84.0,91.4,1009.4
2022-11-29,25000.0,83.7,91.4,1009.5
2022-12-05,25000.0,83.5,91.4,1009.5
2022-12-08,25000.0,84.0,91.4,1008.4
2022-12-13,25000.0,80.4,89.6,1010.5
2022-12-14,25000.0,79.9,86.0,1010.8
2022-12-19,25000.0,79.7,89.6,1009.0
2022-12-20,25000.0,81.5,89.6,1008.4
2022-12-23,25000.0,77.7,89.6,1010.2
2022-12-26,25000.0,78.4,87.8,1013.8
2022-12-27,25000.0,77.4,84.2,1013.7
2023-01-03,25000.0,82.8,91.4,1012.3
2023-01-09,25000.0,79.9,87.8,1011.7
2023-01-10,25000.0,79.7,84.2,1011.2
2023-01-16,25000.0,82.6,93.2,1010.4
2023-01-17,25000.0,81.3,89.6,1011.1
2023-01-30,25000.0,77.7,86.0,1011.8
2023-01-31,20000.0,81.9,91.4,1010.1
2023-02-01,20000.0,81.7,87.8,1009.5
2023-02-02,20000.0,82.0,89.6,1009.8
2023-02-03,20000.0,84.6,93.2,1010.3
2023-02-06,20000.0,84.4,93.2,1009.5
2023-02-07,20000.0,83.5,93.2,1009.8
2023-02-08,20000.0,84.6,95.0,1009.6
2023-02-09,20000.0,84.9,95.0,1009.5
2023-02-10,20000.0,84.6,95.0,1009.9
2023-02-13,13000.0,82.9,91.4,1010.6
2023-02-14,13000.0,82.4,91.4,1010.4
2023-02-15,13000.0,82.6,93.2,1010.8
2023-02-17,13000.0,83.8,93.2,1011.5
2023-02-20,13000.0,81.3,91.4,1010.9
2023-02-21,13000.0,82.0,93.2,1011.8
2023-02-22,11000.0,81.9,91.4,1011.8
2023-02-24,11000.0,81.7,93.2,1010.9
2023-02-27,11000.0,82.8,93.2,1014.5
2023-02-28,11000.0,83.8,93.2,1013.3
2023-03-01,11000.0,83.8,95.0,1013.4
2023-03-03,11000.0,80.2,91.4,1014.5
2023-03-07,11000.0,80.8,93.2,1013.7
2023-03-08,11000.0,81.1,91.4,1013.6
2023-03-09,11000.0,81.1,91.4,1012.5
2023-03-10,11000.0,80.8,91.4,1011.8
2023-03-13,11000.0,81.9,91.4,1011.9
2023-03-15,11000.0,81.3,91.9,1011.0
2023-03-16,11000.0,83.7,95.0,1011.9
2023-03-17,11000.0,83.5,95.0,1011.6
2023-03-20,11000.0,84.7,93.2,1009.7
2023-03-21,22000.0,84.4,95.0,1009.3
2023-03-22,22000.0,84.2,95.0,1008.2
2023-03-23,22000.0,84.9,91.4,1008.5
2023-03-24,22000.0,84.9,95.0,1009.0
2023-03-27,22000.0,85.3,93.2,1009.6
2023-03-28,22000.0,86.2,96.8,1010.3
2023-03-29,22000.0,86.4,96.8,1010.5
2023-03-30,22000.0,84.9,93.2,1009.3
2023-03-31,22000.0,84.6,91.4,1009.7
2023-04-03,22000.0,84.6,93.2,1008.8
2023-04-05,22000.0,86.4,95.0,1008.6
2023-04-06,22000.0,86.9,95.0,1009.0
2023-04-07,22000.0,86.7,95.0,1010.5
2023-04-10,22000.0,86.4,93.2,1010.3
2023-04-11,22000.0,86.4,93.2,1009.8
2023-04-12,22000.0,86.4,95.0,1008.8
2023-04-13,22000.0,88.0,95.0,1008.6
2023-04-14,22000.0,87.8,95.0,1008.2
2023-04-17,22000.0,86.5,93.2,1009.5
2023-04-18,22000.0,86.5,93.2,1009.7
2023-04-19,22000.0,87.1,93.2,1007.1
2023-04-20,22000.0,87.4,96.8,1005.4
2023-04-21,22000.0,88.2,96.8,1005.7
2023-04-24,22000.0,87.8,98.6,1009.6
2023-04-25,22000.0,88.9,98.6,1007.9
2023-04-26,22000.0,87.8,95.0,1008.3
2023-04-27,22000.0,88.7,96.8,1008.3
2023-05-04,22000.0,88.3,96.8,1007.8
2023-05-05,22000.0,88.9,95.0,1005.7
2023-05-08,22000.0,83.7,95.0,1006.5
2023-05-10,22000.0,87.4,96.8,1008.3
2023-05-11,22000.0,86.2,91.4,1009.8
2023-05-12,22000.0,85.3,93.2,1010.2
2023-05-15,22000.0,87.1,96.8,1010.3
2023-05-19,22000.0,89.4,96.8,1007.8
2023-05-22,22000.0,84.4,95.0,1010.1
2023-05-23,22000.0,86.7,95.0,1009.3
2023-05-24,22000.0,87.1,95.0,1009.2
2023-05-25,22000.0,86.4,93.2,1009.6
2023-05-26,22000.0,82.0,91.4,1009.3
2023-05-29,22000.0,83.8,93.2,1007.5
2023-05-30,22000.0,85.3,93.2,1007.6
2023-06-01,22000.0,86.2,93.2,1006.6
2023-06-02,22000.0,86.7,93.2,1007.5
2023-06-05,22000.0,82.0,91.4,1006.8
2023-06-06,22000.0,82.6,89.6,1007.3
2023-06-07,22000.0,83.5,87.8,1008.7
2023-06-08,22000.0,83.8,87.8,1008.7
2023-06-09,22000.0,83.5,89.6,1007.8
2023-06-12,22000.0,82.8,93.2,1007.8
2023-06-13,22000.0,83.1,91.4,1008.3
2023-06-14,22000.0,87.1,95.0,1009.3
2023-06-15,22000.0,85.5,95.0,1008.5
2023-06-16,22000.0,86.2,93.2,1007.8
2023-06-19,22000.0,87.3,95.0,1008.4
2023-06-20,22000.0,88.2,96.8,1008.1
2023-06-21,22000.0,86.5,95.0,1009.0
2023-06-22,22000.0,85.6,95.0,1008.7
2023-06-23,22000.0,87.3,96.8,1007.1
2023-06-27,22000.0,83.8,93.2,1007.7
2023-06-28,22000.0,83.3,93.2,1008.8
2023-06-29,22000.0,82.9,89.6,1008.4
2023-06-30,22000.0,83.1,95.0,1008.2
2023-07-03,22000.0,83.3,91.4,1009.8
2023-07-04,22000.0,85.3,93.2,1009.2
2023-07-05,22000.0,82.9,93.2,1008.5
2023-07-06,22000.0,82.6,93.2,1009.4
2023-07-10,22000.0,84.9,91.4,1009.0
2023-07-11,22000.0,86.4,93.2,1008.9
2023-07-12,22000.0,85.8,93.2,1008.8
2023-07-13,22000.0,82.8,93.2,1008.2
2023-07-14,22000.0,82.9,91.4,1008.0
2023-07-17,22000.0,81.1,87.8,1004.7
2023-07-18,22000.0,82.2,89.6,1005.6
2023-07-19,22000.0,82.4,91.4,1005.5
2023-07-20,22000.0,79.3,86.0,1006.3
2023-07-21,35000.0,79.9,84.2,1007.9
2023-07-25,22000.0,81.3,91.4,1008.3
2023-08-01,22000.0,84.6,91.4,1008.3
2023-08-02,22000.0,84.2,91.4,1008.5
2023-08-03,22000.0,83.7,91.4,1009.3
2023-08-04,22000.0,84.4,93.2,1011.4
2023-08-08,22000.0,85.8,93.2,1009.3
2023-08-09,22000.0,86.5,95.0,1010.1
2023-08-10,22000.0,86.4,95.0,1009.3
2023-08-11,22000.0,86.7,95.0,1008.5
2023-08-14,22000.0,85.3,95.0,1008.2
2023-08-15,22000.0,85.3,91.4,1008.9
2023-08-16,22000.0,84.6,91.4,1009.3
2023-08-17,22000.0,82.8,93.2,1008.4
2023-08-18,22000.0,83.5,93.2,1007.3
2023-08-21,22000.0,84.4,91.4,1008.3
2023-08-22,22000.0,83.8,93.2,1008.6
2023-08-23,22000.0,85.3,95.0,1008.2
2023-08-24,22000.0,85.5,93.2,1008.3
2023-08-25,22000.0,87.3,95.0,1008.1
2023-08-28,22000.0,85.1,93.2,1006.1
2023-08-29,22000.0,83.5,93.2,1006.2
2023-08-31,22000.0,81.7,87.8,1007.6
2023-09-05,22000.0,81.9,87.8,1007.3
2023-09-06,22000.0,84.4,91.4,1008.5
2023-09-07,22000.0,83.8,89.6,1008.7
2023-09-08,22000.0,81.3,93.2,1008.6
2023-09-11,22000.0,82.9,87.8,1009.5
2023-09-12,22000.0,82.2,87.8,1010.0
2023-09-14,22000.0,81.5,91.4,1009.1
2023-09-15,22000.0,83.1,87.8,1009.0
2023-09-19,22000.0,86.2,95.0,1010.0
2023-09-21,22000.0,82.2,91.4,1009.4
2023-09-26,22000.0,80.6,87.8,1007.0
2023-09-27,22000.0,80.6,87.8,1008.5
2023-09-28,22000.0,84.0,91.4,1009.9
2023-09-29,22000.0,84.4,93.2,1010.9
2023-10-02,22000.0,78.3,80.6,1009.7
2023-10-03,22000.0,81.3,86.0,1010.0
2023-10-04,22000.0,83.1,89.6,1009.9
2023-10-05,22000.0,82.8,89.6,1009.4
2023-10-09,22000.0,84.2,91.4,1011.1
2023-10-10,22000.0,83.1,89.6,1010.4
2023-10-11,22000.0,85.6,95.0,1010.7
2023-10-12,22000.0,83.7,93.2,1011.8
2023-10-16,22000.0,81.1,86.0,1009.5
2023-10-17,22000.0,82.9,91.4,1010.2
2023-10-18,22000.0,84.0,93.2,1010.8
2023-10-19,22000.0,83.7,91.4,1010.9
2023-10-23,22000.0,80.2,91.4,1012.0
2023-10-24,22000.0,82.2,91.4,1011.0
2023-10-25,22000.0,81.9,89.6,1011.4
2023-10-26,22000.0,82.8,91.4,1011.7
2023-10-27,22000.0,83.8,93.2,1011.0
2023-10-30,22000.0,82.0,91.4,1010.3
2023-10-31,22000.0,81.9,93.2,1010.6
2023-11-01,22000.0,83.1,91.4,1010.8
2023-11-02,22000.0,82.8,89.6,1010.5
2023-11-03,22000.0,82.0,91.4,1009.4
2023-11-06,22000.0,83.5,93.2,1010.7
2023-11-07,22000.0,82.8,89.6,1010.5
2023-11-08,22000.0,84.6,91.4,1009.9
2023-11-10,22000.0,83.7,89.6,1011.7
2023-11-13,22000.0,85.3,95.0,1011.2
2023-11-14,22000.0,84.0,93.2,1011.7
2023-11-15,22000.0,82.2,87.8,1012.3
2023-11-17,22000.0,82.8,89.6,1013.1
2023-11-20,22000.0,82.4,89.6,1011.3
2023-11-21,22000.0,84.2,91.4,1010.0
2023-11-22,22000.0,82.6,89.6,1009.2
2023-11-23,22000.0,81.5,87.8,1009.3
2023-11-24,25000.0,80.2,84.2,1010.0
2023-11-27,22000.0,83.3,91.4,1010.0
2023-11-28,22000.0,82.6,91.4,1010.0
2023-11-30,22000.0,85.5,91.4,1010.4
2023-12-01,22000.0,85.3,95.0,1009.8
2023-12-04,20000.0,84.2,93.2,1010.8
2023-12-06,20000.0,84.0,89.6,1011.0
2023-12-07,20000.0,83.7,89.6,1010.8
2023-12-08,20000.0,82.0,89.6,1011.3
2023-12-13,20000.0,85.1,93.2,1011.0
2023-12-18,20000.0,84.2,93.2,1011.8
2023-12-20,20000.0,84.0,93.2,1010.9
2023-12-22,20000.0,82.6,95.0,1012.5
2024-01-05,20000.0,81.9,87.8,1012.1
2024-01-08,20000.0,83.5,89.6,1012.0
2024-01-09,20000.0,83.8,93.2,1011.3
2024-01-11,20000.0,83.3,93.2,1011.2
2024-01-12,20000.0,81.5,89.6,1011.0
2024-01-15,20000.0,82.0,93.2,1011.5
2024-01-16,25000.0,82.9,91.4,1011.3
2024-01-19,25000.0,83.5,93.2,1010.9
2024-01-22,25000.0,84.7,95.0,1012.5
2024-01-23,25000.0,83.8,95.0,1013.4
2024-01-24,25000.0,83.7,95.0,1013.7
2024-02-19,25000.0,84.6,93.2,1012.3
2024-02-20,25000.0,84.0,93.2,1011.9
2024-02-26,25000.0,86.7,96.8,1011.7
2024-02-28,25000.0,85.6,95.0,1010.2
2024-02-29,25000.0,85.8,96.8,1010.7
2024-03-04,25000.0,84.4,93.2,1010.6
2024-03-05,25000.0,83.8,94.1,1010.0
2024-03-06,25000.0,84.9,95.7,1009.0
