date,price,RON 95-III
2018-08-22,33700.0,21.17
2018-08-23,33400.0,21.17
2018-08-24,33100.0,21.17
2018-08-25,33300.0,21.17
2018-08-26,33300.0,21.17
2018-08-27,33200.0,21.17
2018-08-28,33300.0,21.17
2018-08-29,33200.0,21.17
2018-08-30,33500.0,21.17
2018-08-31,33000.0,21.17
2018-09-01,32700.0,21.17
2018-09-02,32700.0,21.17
2018-09-03,32700.0,21.17
2018-09-04,32700.0,21.17
2018-09-05,32400.0,21.17
2018-09-06,32900.0,21.47
2018-09-07,32700.0,21.47
2018-09-08,32700.0,21.47
2018-09-09,32700.0,21.47
2018-09-10,32700.0,21.47
2018-09-11,32400.0,21.47
2018-09-12,32300.0,21.47
2018-09-13,33000.0,21.47
2018-09-14,32800.0,21.47
2018-09-15,32600.0,21.47
2018-09-16,32600.0,21.47
2018-09-17,32600.0,21.47
2018-09-18,32400.0,21.47
2018-09-19,32500.0,21.47
2018-09-20,32400.0,21.47
2018-09-21,32800.0,21.77
2018-09-22,32800.0,21.77
2018-09-23,32800.0,21.77
2018-09-24,32400.0,21.77
2018-09-25,32800.0,21.77
2018-09-26,32700.0,21.77
2018-09-27,32800.0,21.77
2018-09-28,32900.0,21.77
2018-09-29,33600.0,21.77
2018-09-30,33600.0,21.77
2018-10-01,33600.0,21.77
2018-10-02,33900.0,21.77
2018-10-03,34500.0,21.77
2018-10-04,34200.0,21.77
2018-10-05,34600.0,21.77
2018-10-06,35400.0,22.34
2018-10-07,35400.0,22.34
2018-10-08,35400.0,22.34
2018-10-09,35900.0,22.34
2018-10-10,36100.0,22.34
2018-10-11,35900.0,22.34
2018-10-12,36200.0,22.34
2018-10-13,36700.0,22.34
2018-10-14,36700.0,22.34
2018-10-15,36800.0,22.34
2018-10-16,37300.0,22.34
2018-10-17,37400.0,22.34
2018-10-18,37800.0,22.34
2018-10-19,37700.0,22.34
2018-10-20,37100.0,22.34
2018-10-21,37100.0,22.34
2018-10-22,37300.0,22.2
2018-10-23,36900.0,22.2
2018-10-24,36900.0,22.2
2018-10-25,36800.0,22.2
2018-10-26,36700.0,22.2
2018-10-27,37100.0,22.2
2018-10-28,37100.0,22.2
2018-10-29,37100.0,22.2
2018-10-30,36000.0,22.2
2018-10-31,35800.0,22.2
2018-11-01,35900.0,22.2
2018-11-02,36800.0,22.2
2018-11-03,37100.0,22.2
2018-11-04,37100.0,22.2
2018-11-05,37100.0,22.2
2018-11-06,36300.0,21.06
2018-11-07,35900.0,21.06
2018-11-08,36300.0,21.06
2018-11-09,36200.0,21.06
2018-11-10,36300.0,21.06
2018-11-11,36300.0,21.06
2018-11-12,36500.0,21.06
2018-11-13,35800.0,21.06
2018-11-14,35700.0,21.06
2018-11-15,36000.0,21.06
2018-11-16,36100.0,21.06
2018-11-17,35700.0,21.06
2018-11-18,35700.0,21.06
2018-11-19,35800.0,21.06
2018-11-20,35500.0,21.06
2018-11-21,35500.0,19.97
2018-11-22,35300.0,19.97
2018-11-23,35200.0,19.97
2018-11-24,35200.0,19.97
2018-11-25,35200.0,19.97
2018-11-26,35200.0,19.97
2018-11-27,35600.0,19.97
2018-11-28,35800.0,19.97
2018-11-29,34900.0,19.97
2018-11-30,34800.0,19.97
2018-12-01,34500.0,19.97
2018-12-02,34500.0,19.97
2018-12-03,34500.0,19.97
2018-12-04,34300.0,19.97
2018-12-05,34100.0,19.97
2018-12-06,34300.0,18.45
2018-12-07,34000.0,18.45
2018-12-08,33800.0,18.45
2018-12-09,33800.0,18.45
2018-12-10,33900.0,18.45
2018-12-11,33800.0,18.45
2018-12-12,33500.0,18.45
2018-12-13,33400.0,18.45
2018-12-14,33000.0,18.45
2018-12-15,32400.0,18.45
2018-12-16,32400.0,18.45
2018-12-17,32400.0,18.45
2018-12-18,32500.0,18.45
2018-12-19,32600.0,18.45
2018-12-20,33000.0,18.45
2018-12-21,33300.0,18.14
2018-12-22,32600.0,18.14
2018-12-23,32600.0,18.14
2018-12-24,32600.0,18.14
2018-12-25,32600.0,18.14
2018-12-26,32600.0,18.14
2018-12-27,32600.0,18.14
2018-12-28,32600.0,18.14
2018-12-29,32600.0,18.14
2018-12-30,32600.0,18.14
2018-12-31,32600.0,18.14
2019-01-01,32600.0,17.6
2019-01-02,32600.0,17.6
2019-01-03,32600.0,17.6
2019-01-04,34200.0,17.6
2019-01-05,34000.0,17.6
2019-01-06,34000.0,17.6
2019-01-07,33900.0,17.6
2019-01-08,33800.0,17.6
2019-01-09,34100.0,17.6
2019-01-10,33700.0,17.6
2019-01-11,33750.0,17.6
2019-01-12,33750.0,17.6
2019-01-13,33750.0,17.6
2019-01-14,33700.0,17.6
2019-01-15,33400.0,17.6
2019-01-16,33400.0,17.6
2019-01-17,33600.0,17.6
2019-01-18,33600.0,17.6
2019-01-19,33600.0,17.6
2019-01-20,33600.0,17.6
2019-01-21,33550.0,17.6
2019-01-22,33700.0,17.6
2019-01-23,33300.0,17.6
2019-01-24,33100.0,17.6
2019-01-25,33600.0,17.6
2019-01-26,33500.0,17.6
2019-01-27,33300.0,17.6
2019-01-28,33450.0,17.6
2019-01-29,33350.0,17.6
2019-01-30,33600.0,17.6
2019-01-31,33400.0,17.6
2019-02-01,33900.0,17.6
2019-02-02,33700.0,17.6
2019-02-03,33700.0,17.6
2019-02-04,33700.0,17.6
2019-02-05,33700.0,17.6
2019-02-06,33700.0,17.6
2019-02-07,33700.0,17.6
2019-02-08,33800.0,17.6
2019-02-09,33500.0,17.6
2019-02-10,33500.0,17.6
2019-02-11,33400.0,17.6
2019-02-12,32900.0,17.6
2019-02-13,33000.0,17.6
2019-02-14,32900.0,17.6
2019-02-15,32900.0,17.6
2019-02-16,33300.0,17.6
2019-02-17,33300.0,17.6
2019-02-18,33300.0,17.6
2019-02-19,33300.0,17.6
2019-02-20,33000.0,17.6
2019-02-21,33100.0,17.6
2019-02-22,32900.0,17.6
2019-02-23,33300.0,17.6
2019-02-24,33300.0,17.6
2019-02-25,33300.0,17.6
2019-02-26,33500.0,17.6
2019-02-27,33300.0,17.6
2019-02-28,33500.0,17.6
2019-03-01,33300.0,17.6
2019-03-02,33300.0,18.54
2019-03-03,33300.0,18.54
2019-03-04,33300.0,18.54
2019-03-05,33100.0,18.54
2019-03-06,33200.0,18.54
2019-03-07,33400.0,18.54
2019-03-08,32900.0,18.54
2019-03-09,33400.0,18.54
2019-03-10,33400.0,18.54
2019-03-11,33400.0,18.54
2019-03-12,33400.0,18.54
2019-03-13,33300.0,18.54
2019-03-14,33200.0,18.54
2019-03-15,32600.0,18.54
2019-03-16,32700.0,18.54
2019-03-17,32700.0,18.54
2019-03-18,32700.0,18.54
2019-03-19,32600.0,18.54
2019-03-20,33300.0,18.54
2019-03-21,33000.0,18.54
2019-03-22,33200.0,18.54
2019-03-23,33000.0,18.54
2019-03-24,33000.0,18.54
2019-03-25,32800.0,18.54
2019-03-26,32900.0,18.54
2019-03-27,33100.0,18.54
2019-03-28,33000.0,18.54
2019-03-29,32800.0,18.54
2019-03-30,32300.0,18.54
2019-03-31,32300.0,18.54
2019-04-01,32300.0,18.54
2019-04-02,31700.0,20.03
2019-04-03,31600.0,20.03
2019-04-04,32400.0,20.03
2019-04-05,32200.0,20.03
2019-04-06,31600.0,20.03
2019-04-07,31600.0,20.03
2019-04-08,31600.0,20.03
2019-04-09,31800.0,20.03
2019-04-10,31700.0,20.03
2019-04-11,31800.0,20.03
2019-04-12,31200.0,20.03
2019-04-13,31300.0,20.03
2019-04-14,31300.0,20.03
2019-04-15,31300.0,20.03
2019-04-16,31900.0,20.03
2019-04-17,31700.0,21.23
2019-04-18,31400.0,21.23
2019-04-19,31500.0,21.23
2019-04-20,31500.0,21.23
2019-04-21,31500.0,21.23
2019-04-22,31500.0,21.23
2019-04-23,31500.0,21.23
2019-04-24,31300.0,21.23
2019-04-25,31200.0,21.23
2019-04-26,31200.0,21.23
2019-04-27,31600.0,21.23
2019-04-28,31600.0,21.23
2019-04-29,31600.0,21.23
2019-04-30,31500.0,21.23
2019-05-01,31500.0,21.23
2019-05-02,31000.0,22.19
2019-05-03,31200.0,22.19
2019-05-04,30900.0,22.19
2019-05-05,30900.0,22.19
2019-05-06,30900.0,22.19
2019-05-07,30900.0,22.19
2019-05-08,29900.0,22.19
2019-05-09,29800.0,22.19
2019-05-10,30900.0,22.19
2019-05-11,31400.0,22.19
2019-05-12,31400.0,22.19
2019-05-13,31400.0,22.19
2019-05-14,31100.0,22.19
2019-05-15,32100.0,22.19
2019-05-16,31700.0,22.19
2019-05-17,30900.0,21.59
2019-05-18,30300.0,21.59
2019-05-19,30300.0,21.59
2019-05-20,30300.0,21.59
2019-05-21,31000.0,21.59
2019-05-22,31600.0,21.59
2019-05-23,31500.0,21.59
2019-05-24,31700.0,21.59
2019-05-25,31700.0,21.59
2019-05-26,31700.0,21.59
2019-05-27,31800.0,21.59
2019-05-28,31800.0,21.59
2019-05-29,31900.0,21.59
2019-05-30,32700.0,21.59
2019-05-31,33500.0,21.59
2019-06-01,33900.0,21.21
2019-06-02,33900.0,21.21
2019-06-03,34000.0,21.21
2019-06-04,34000.0,21.21
2019-06-05,34100.0,21.21
2019-06-06,32700.0,21.21
2019-06-07,33300.0,21.21
2019-06-08,33200.0,21.21
2019-06-09,33200.0,21.21
2019-06-10,33200.0,21.21
2019-06-11,33100.0,21.21
2019-06-12,32600.0,21.21
2019-06-13,33000.0,21.21
2019-06-14,32900.0,21.21
2019-06-15,32500.0,21.21
2019-06-16,32500.0,21.21
2019-06-17,32500.0,20.13
2019-06-18,32300.0,20.13
2019-06-19,32000.0,20.13
2019-06-20,32000.0,20.13
2019-06-21,33200.0,20.13
2019-06-22,33200.0,20.13
2019-06-23,33200.0,20.13
2019-06-24,33200.0,20.13
2019-06-25,33400.0,20.13
2019-06-26,34100.0,20.13
2019-06-27,33700.0,20.13
2019-06-28,33800.0,20.13
2019-06-29,34200.0,20.13
2019-06-30,34200.0,20.13
2019-07-01,34200.0,20.13
2019-07-02,34700.0,20.51
2019-07-03,34300.0,20.51
2019-07-04,34500.0,20.51
2019-07-05,34900.0,20.51
2019-07-06,34300.0,20.51
2019-07-07,34300.0,20.51
2019-07-08,34300.0,20.51
2019-07-09,34000.0,20.51
2019-07-10,34200.0,20.51
2019-07-11,34100.0,20.51
2019-07-12,34000.0,20.51
2019-07-13,33900.0,20.51
2019-07-14,33900.0,20.51
2019-07-15,34000.0,20.51
2019-07-16,34200.0,20.51
2019-07-17,33800.0,21.23
2019-07-18,34200.0,21.23
2019-07-19,34300.0,21.23
2019-07-20,34100.0,21.23
2019-07-21,34100.0,21.23
2019-07-22,34100.0,21.23
2019-07-23,33600.0,21.23
2019-07-24,33800.0,21.23
2019-07-25,33700.0,21.23
2019-07-26,33600.0,21.23
2019-07-27,33200.0,21.23
2019-07-28,33200.0,21.23
2019-07-29,33200.0,21.23
2019-07-30,33700.0,21.23
2019-07-31,33500.0,21.23
2019-08-01,33300.0,20.91
2019-08-02,32800.0,20.91
2019-08-03,32900.0,20.91
2019-08-04,32900.0,20.91
2019-08-05,32800.0,20.91
2019-08-06,32600.0,20.91
2019-08-07,32800.0,20.91
2019-08-08,32700.0,20.91
2019-08-09,32900.0,20.91
2019-08-10,32700.0,20.91
2019-08-11,32700.0,20.91
2019-08-12,32800.0,20.91
2019-08-13,32400.0,20.91
2019-08-14,33100.0,20.91
2019-08-15,33200.0,20.91
2019-08-16,33500.0,20.4
2019-08-17,33200.0,20.4
2019-08-18,33200.0,20.4
2019-08-19,33200.0,20.4
2019-08-20,33100.0,20.4
2019-08-21,33300.0,20.4
2019-08-22,33400.0,20.4
2019-08-23,33400.0,20.4
2019-08-24,33100.0,20.4
2019-08-25,33100.0,20.4
2019-08-26,33200.0,20.4
2019-08-27,33200.0,20.4
2019-08-28,33600.0,20.4
2019-08-29,33800.0,20.4
2019-08-30,33300.0,20.4
2019-08-31,33500.0,20.23
2019-09-01,33500.0,20.23
2019-09-02,33500.0,20.23
2019-09-03,33500.0,20.23
2019-09-04,33100.0,20.23
2019-09-05,33300.0,20.23
2019-09-06,32700.0,20.23
2019-09-07,33200.0,20.23
2019-09-08,33200.0,20.23
2019-09-09,33200.0,20.23
2019-09-10,33400.0,20.23
2019-09-11,33900.0,20.23
2019-09-12,34100.0,20.23
2019-09-13,34000.0,20.23
2019-09-14,33600.0,20.23
2019-09-15,33600.0,20.23
2019-09-16,33600.0,20.14
2019-09-17,33700.0,20.14
2019-09-18,33400.0,20.14
2019-09-19,33500.0,20.14
2019-09-20,33300.0,20.14
2019-09-21,33400.0,20.14
2019-09-22,33400.0,20.14
2019-09-23,33400.0,20.14
2019-09-24,33600.0,20.14
2019-09-25,33600.0,20.14
2019-09-26,33500.0,20.14
2019-09-27,33600.0,20.14
2019-09-28,33600.0,20.14
2019-09-29,33600.0,20.14
2019-09-30,33600.0,20.14
2019-10-01,33600.0,21.06
2019-10-02,33400.0,21.06
2019-10-03,33300.0,21.06
2019-10-04,33500.0,21.06
2019-10-05,33200.0,21.06
2019-10-06,33200.0,21.06
2019-10-07,33200.0,21.06
2019-10-08,32500.0,21.06
2019-10-09,32600.0,21.06
2019-10-10,32600.0,21.06
2019-10-11,32500.0,21.06
2019-10-12,32200.0,21.06
2019-10-13,32200.0,21.06
2019-10-14,32000.0,21.06
2019-10-15,32200.0,21.06
2019-10-16,32000.0,20.79
2019-10-17,31400.0,20.79
2019-10-18,31100.0,20.79
2019-10-19,31600.0,20.79
2019-10-20,31600.0,20.79
2019-10-21,31400.0,20.79
2019-10-22,31300.0,20.79
2019-10-23,31400.0,20.79
2019-10-24,31300.0,20.79
2019-10-25,31200.0,20.79
2019-10-26,31400.0,20.79
2019-10-27,31400.0,20.79
2019-10-28,31200.0,20.79
2019-10-29,31700.0,20.79
2019-10-30,31700.0,20.79
2019-10-31,32000.0,20.44
2019-11-01,32700.0,20.44
2019-11-02,32700.0,20.44
2019-11-03,32700.0,20.44
2019-11-04,32600.0,20.44
2019-11-05,32300.0,20.44
2019-11-06,32700.0,20.44
2019-11-07,33000.0,20.44
2019-11-08,33500.0,20.44
2019-11-09,33600.0,20.44
2019-11-10,33600.0,20.44
2019-11-11,33600.0,20.44
2019-11-12,33300.0,20.44
2019-11-13,33200.0,20.44
2019-11-14,34000.0,20.44
2019-11-15,34200.0,20.79
2019-11-16,33600.0,20.79
2019-11-17,33600.0,20.79
2019-11-18,33600.0,20.79
2019-11-19,33200.0,20.79
2019-11-20,32700.0,20.79
2019-11-21,33600.0,20.79
2019-11-22,33700.0,20.79
2019-11-23,33600.0,20.79
2019-11-24,33600.0,20.79
2019-11-25,33600.0,20.79
2019-11-26,33900.0,20.79
2019-11-27,32900.0,20.79
2019-11-28,33200.0,20.79
2019-11-29,33100.0,20.79
2019-11-30,33300.0,21.07
2019-12-01,33300.0,21.07
2019-12-02,33300.0,21.07
2019-12-03,33300.0,21.07
2019-12-04,33400.0,21.07
2019-12-05,32500.0,21.07
2019-12-06,33200.0,21.07
2019-12-07,33500.0,21.07
2019-12-08,33500.0,21.07
2019-12-09,33400.0,21.07
2019-12-10,33100.0,21.07
2019-12-11,33500.0,21.07
2019-12-12,33000.0,21.07
2019-12-13,33400.0,21.07
2019-12-14,32800.0,21.07
2019-12-15,32800.0,21.07
2019-12-16,32700.0,20.88
2019-12-17,33300.0,20.88
2019-12-18,32700.0,20.88
2019-12-19,32500.0,20.88
2019-12-20,32000.0,20.88
2019-12-21,32100.0,20.88
2019-12-22,32100.0,20.88
2019-12-23,32100.0,20.88
2019-12-24,31700.0,20.88
2019-12-25,32000.0,20.88
2019-12-26,32100.0,20.88
2019-12-27,32100.0,20.88
2019-12-28,32800.0,20.88
2019-12-29,32800.0,20.88
2019-12-30,32800.0,20.88
2019-12-31,32600.0,20.99
2020-01-01,32600.0,20.99
2020-01-02,32800.0,20.99
2020-01-03,32700.0,20.99
2020-01-04,32600.0,20.99
2020-01-05,32600.0,20.99
2020-01-06,32500.0,20.99
2020-01-07,32100.0,20.99
2020-01-08,32300.0,20.99
2020-01-09,32200.0,20.99
2020-01-10,31900.0,20.99
2020-01-11,32100.0,20.99
2020-01-12,32100.0,20.99
2020-01-13,32100.0,20.99
2020-01-14,31500.0,20.99
2020-01-15,31700.0,20.91
2020-01-16,31900.0,20.91
2020-01-17,31600.0,20.91
2020-01-18,31700.0,20.91
2020-01-19,31700.0,20.91
2020-01-20,37100.0,20.91
2020-01-21,31400.0,20.91
2020-01-22,31900.0,20.91
2020-01-23,32000.0,20.91
2020-01-24,32500.0,20.91
2020-01-25,31500.0,20.91
2020-01-26,31500.0,20.91
2020-01-27,31500.0,20.91
2020-01-28,31600.0,20.91
2020-01-29,31500.0,20.91
2020-01-30,31000.0,20.12
2020-01-31,30900.0,20.12
2020-02-01,31400.0,20.12
2020-02-02,31400.0,20.12
2020-02-03,31400.0,20.12
2020-02-04,30800.0,20.12
2020-02-05,30700.0,20.12
2020-02-06,30700.0,20.12
2020-02-07,30900.0,20.12
2020-02-08,30800.0,20.12
2020-02-09,30800.0,20.12
2020-02-10,30900.0,20.12
2020-02-11,30800.0,20.12
2020-02-12,31000.0,20.12
2020-02-13,30800.0,20.12
2020-02-14,31200.0,19.38
2020-02-15,31600.0,19.38
2020-02-16,31600.0,19.38
2020-02-17,31600.0,19.38
2020-02-18,31600.0,19.38
2020-02-19,31200.0,19.38
2020-02-20,31100.0,19.38
2020-02-21,31200.0,19.38
2020-02-22,31500.0,19.38
2020-02-23,31500.0,19.38
2020-02-24,31400.0,19.38
2020-02-25,30900.0,19.38
2020-02-26,31400.0,19.38
2020-02-27,31700.0,19.38
2020-02-28,31600.0,19.38
2020-02-29,31500.0,19.12
2020-03-01,31500.0,19.12
2020-03-02,31350.0,19.12
2020-03-03,31700.0,19.12
2020-03-04,32400.0,19.12
2020-03-05,31900.0,19.12
2020-03-06,31000.0,19.12
2020-03-07,30800.0,19.12
2020-03-08,30800.0,19.12
2020-03-09,30800.0,19.12
2020-03-10,30800.0,19.12
2020-03-11,31400.0,19.12
2020-03-12,31200.0,19.12
2020-03-13,30700.0,19.12
2020-03-14,30600.0,19.12
2020-03-15,30600.0,16.81
2020-03-16,30600.0,16.81
2020-03-17,30200.0,16.81
2020-03-18,30000.0,16.81
2020-03-19,30300.0,16.81
2020-03-20,30100.0,16.81
2020-03-21,30700.0,16.81
2020-03-22,30700.0,16.81
2020-03-23,30600.0,16.81
2020-03-24,30700.0,16.81
2020-03-25,30900.0,16.81
2020-03-26,30900.0,16.81
2020-03-27,30500.0,16.81
2020-03-28,29800.0,16.81
2020-03-29,29800.0,16.81
2020-03-30,29800.0,16.81
2020-03-31,29800.0,16.81
2020-04-01,29500.0,16.81
2020-04-02,29200.0,16.81
2020-04-03,29800.0,16.81
2020-04-04,29700.0,16.81
2020-04-05,29700.0,16.81
2020-04-06,29800.0,16.81
2020-04-07,29800.0,16.81
2020-04-08,30000.0,16.81
2020-04-09,29900.0,16.81
2020-04-10,29700.0,16.81
2020-04-11,29900.0,16.81
2020-04-12,29900.0,16.81
2020-04-13,29900.0,16.81
2020-04-14,29900.0,16.81
2020-04-15,29400.0,16.81
2020-04-16,30000.0,16.81
2020-04-17,30100.0,16.81
2020-04-18,29800.0,16.81
2020-04-19,29800.0,16.81
2020-04-20,29900.0,16.81
2020-04-21,29700.0,16.81
2020-04-22,29300.0,16.81
2020-04-23,29300.0,16.81
2020-04-24,29200.0,16.81
2020-04-25,29300.0,16.81
2020-04-26,29300.0,16.81
2020-04-27,29500.0,16.81
2020-04-28,29600.0,16.81
2020-04-29,30200.0,16.81
2020-04-30,30300.0,16.81
2020-05-01,30500.0,16.81
2020-05-02,30700.0,16.81
2020-05-03,30700.0,16.81
2020-05-04,30900.0,16.81
2020-05-05,30700.0,16.81
2020-05-06,30900.0,16.81
2020-05-07,31000.0,16.81
2020-05-08,30700.0,16.81
2020-05-09,30700.0,16.81
2020-05-10,30700.0,16.81
2020-05-11,30750.0,16.81
2020-05-12,31000.0,16.81
2020-05-13,30600.0,16.81
2020-05-14,30700.0,16.81
2020-05-15,30900.0,16.81
2020-05-16,31100.0,16.81
2020-05-17,31100.0,16.81
2020-05-18,31100.0,16.81
2020-05-19,31200.0,16.81
2020-05-20,31200.0,16.81
2020-05-21,31200.0,16.81
2020-05-22,31200.0,16.81
2020-05-23,31600.0,16.81
2020-05-24,31600.0,16.81
2020-05-25,31600.0,16.81
2020-05-26,31600.0,16.81
2020-05-27,31800.0,16.81
2020-05-28,31800.0,16.81
2020-05-29,31200.0,16.81
2020-05-30,31000.0,16.81
2020-05-31,31000.0,16.81
2020-06-01,31100.0,16.81
2020-06-02,30900.0,16.81
2020-06-03,31200.0,16.81
2020-06-04,31900.0,16.81
2020-06-05,31800.0,16.81
2020-06-06,31800.0,16.81
2020-06-07,31800.0,16.81
2020-06-08,32500.0,16.81
2020-06-09,32700.0,16.81
2020-06-10,32100.0,16.81
2020-06-11,32200.0,16.81
2020-06-12,31600.0,16.81
2020-06-13,31400.0,16.81
2020-06-14,31400.0,16.81
2020-06-15,31400.0,16.81
2020-06-16,31100.0,16.81
2020-06-17,30800.0,16.81
2020-06-18,30800.0,16.81
2020-06-19,30600.0,16.81
2020-06-20,30700.0,16.81
2020-06-21,30700.0,16.81
2020-06-22,30700.0,16.81
2020-06-23,30900.0,16.81
2020-06-24,30800.0,16.81
2020-06-25,30700.0,16.81
2020-06-26,30300.0,16.81
2020-06-27,30600.0,14.97
2020-06-28,30600.0,14.97
2020-06-29,30600.0,14.97
2020-06-30,31100.0,14.97
2020-07-01,31300.0,14.97
2020-07-02,31600.0,14.97
2020-07-03,31500.0,14.97
2020-07-04,31700.0,14.97
2020-07-05,31700.0,14.97
2020-07-06,31700.0,14.97
2020-07-07,31200.0,14.97
2020-07-08,31600.0,14.97
2020-07-09,31600.0,14.97
2020-07-10,31700.0,14.97
2020-07-11,31700.0,14.97
2020-07-12,31700.0,14.97
2020-07-13,31600.0,14.97
2020-07-14,32100.0,14.97
2020-07-15,31900.0,14.97
2020-07-16,32100.0,14.97
2020-07-17,32200.0,14.97
2020-07-18,32800.0,14.97
2020-07-19,32800.0,14.97
2020-07-20,32500.0,14.97
2020-07-21,32000.0,14.97
2020-07-22,32500.0,14.97
2020-07-23,32500.0,14.97
2020-07-24,32600.0,14.97
2020-07-25,32700.0,14.97
2020-07-26,32700.0,14.97
2020-07-27,32700.0,14.97
2020-07-28,32500.0,14.97
2020-07-29,32300.0,14.97
2020-07-30,32500.0,14.97
2020-07-31,32500.0,14.97
2020-08-01,32600.0,14.97
2020-08-02,32600.0,14.97
2020-08-03,32600.0,14.97
2020-08-04,32600.0,14.97
2020-08-05,33400.0,14.97
2020-08-06,32900.0,14.97
2020-08-07,32400.0,14.97
2020-08-08,32600.0,14.97
2020-08-09,32600.0,14.97
2020-08-10,32600.0,14.97
2020-08-11,32500.0,14.97
2020-08-12,32400.0,14.92
2020-08-13,32500.0,14.92
2020-08-14,33000.0,14.92
2020-08-15,33000.0,14.92
2020-08-16,33000.0,14.92
2020-08-17,33000.0,14.92
2020-08-18,32900.0,14.92
2020-08-19,33200.0,14.92
2020-08-20,33000.0,14.92
2020-08-21,33000.0,14.92
2020-08-22,33400.0,14.92
2020-08-23,33400.0,14.92
2020-08-24,33400.0,14.92
2020-08-25,33300.0,14.92
2020-08-26,33600.0,14.92
2020-08-27,33700.0,15.11
2020-08-28,33300.0,15.11
2020-08-29,33600.0,15.11
2020-08-30,33600.0,15.11
2020-08-31,33600.0,15.11
2020-09-01,33600.0,15.11
2020-09-02,34100.0,15.11
2020-09-03,33800.0,15.11
2020-09-04,33700.0,15.11
2020-09-05,33800.0,15.11
2020-09-06,33800.0,15.11
2020-09-07,33800.0,15.11
2020-09-08,33500.0,15.11
2020-09-09,33500.0,15.11
2020-09-10,33500.0,15.11
2020-09-11,33500.0,14.98
2020-09-12,33500.0,14.98
2020-09-13,33500.0,14.98
2020-09-14,33700.0,14.98
2020-09-15,32900.0,14.98
2020-09-16,33000.0,14.98
2020-09-17,32900.0,14.98
2020-09-18,32800.0,14.98
2020-09-19,32300.0,14.98
2020-09-20,32300.0,14.98
2020-09-21,32400.0,14.98
2020-09-22,32200.0,14.98
2020-09-23,32100.0,14.98
2020-09-24,32200.0,14.98
2020-09-25,32200.0,14.98
2020-09-26,32400.0,14.98
2020-09-27,32400.0,14.98
2020-09-28,32400.0,14.98
2020-09-29,31800.0,14.98
2020-09-30,31500.0,14.98
2020-10-01,31600.0,14.98
2020-10-02,31500.0,14.98
2020-10-03,31700.0,14.98
2020-10-04,31700.0,14.98
2020-10-05,32000.0,14.98
2020-10-06,31900.0,14.98
2020-10-07,31800.0,14.98
2020-10-08,31600.0,14.98
2020-10-09,31700.0,14.98
2020-10-10,31900.0,14.98
2020-10-11,31900.0,14.98
2020-10-12,31700.0,15.12
2020-10-13,31200.0,15.12
2020-10-14,31100.0,15.12
2020-10-15,31600.0,15.12
2020-10-16,31600.0,15.12
2020-10-17,32000.0,15.12
2020-10-18,32000.0,15.12
2020-10-19,32000.0,15.12
2020-10-20,32100.0,15.12
2020-10-21,31800.0,15.12
2020-10-22,31600.0,15.12
2020-10-23,32200.0,15.12
2020-10-24,32200.0,15.12
2020-10-25,32200.0,15.12
2020-10-26,32200.0,15.12
2020-10-27,32400.0,14.94
2020-10-28,33000.0,14.94
2020-10-29,33000.0,14.94
2020-10-30,32900.0,14.94
2020-10-31,32900.0,14.94
2020-11-01,32900.0,14.94
2020-11-02,33000.0,14.94
2020-11-03,32900.0,14.94
2020-11-04,32800.0,14.94
2020-11-05,32700.0,14.94
2020-11-06,33200.0,14.94
2020-11-07,33400.0,14.94
2020-11-08,33400.0,14.94
2020-11-09,33300.0,14.94
2020-11-10,33300.0,14.94
2020-11-11,33500.0,14.7
2020-11-12,33800.0,14.7
2020-11-13,34000.0,14.7
2020-11-14,33900.0,14.7
2020-11-15,33900.0,14.7
2020-11-16,33900.0,14.7
2020-11-17,34400.0,14.7
2020-11-18,33800.0,14.7
2020-11-19,33500.0,14.7
2020-11-20,33100.0,14.7
2020-11-21,33000.0,14.7
2020-11-22,33000.0,14.7
2020-11-23,33000.0,14.7
2020-11-24,32800.0,14.7
2020-11-25,32500.0,14.7
2020-11-26,32500.0,15.35
2020-11-27,33200.0,15.35
2020-11-28,33200.0,15.35
2020-11-29,33200.0,15.35
2020-11-30,33200.0,15.35
2020-12-01,33000.0,15.35
2020-12-02,32800.0,15.35
2020-12-03,32000.0,15.35
2020-12-04,32100.0,15.35
2020-12-05,31900.0,15.35
2020-12-06,31900.0,15.35
2020-12-07,31900.0,15.35
2020-12-08,31800.0,15.35
2020-12-09,31800.0,15.35
2020-12-10,31700.0,15.35
2020-12-11,32900.0,16.0
2020-12-12,32900.0,16.0
2020-12-13,32900.0,16.0
2020-12-14,32800.0,16.0
2020-12-15,33200.0,16.0
2020-12-16,32900.0,16.0
2020-12-17,33000.0,16.0
2020-12-18,33000.0,16.0
2020-12-19,32800.0,16.0
2020-12-20,32800.0,16.0
2020-12-21,32800.0,16.0
2020-12-22,32800.0,16.0
2020-12-23,32800.0,16.0
2020-12-24,32800.0,16.0
2020-12-25,32900.0,16.0
2020-12-26,32900.0,16.47
2020-12-27,32900.0,16.47
2020-12-28,32900.0,16.47
2020-12-29,32900.0,16.47
2020-12-30,32900.0,16.47
2020-12-31,32800.0,16.47
2021-01-01,33000.0,16.47
2021-01-02,33000.0,16.47
2021-01-03,33000.0,16.47
2021-01-04,32900.0,16.47
2021-01-05,32600.0,16.47
2021-01-06,32500.0,16.47
2021-01-07,32300.0,16.47
2021-01-08,32000.0,16.47
2021-01-09,31700.0,16.47
2021-01-10,31700.0,16.47
2021-01-11,31700.0,16.93
2021-01-12,31600.0,16.93
2021-01-13,31300.0,16.93
2021-01-14,32000.0,16.93
2021-01-15,31900.0,16.93
2021-01-16,32200.0,16.93
2021-01-17,32200.0,16.93
2021-01-18,32200.0,16.93
2021-01-19,32000.0,16.93
2021-01-20,31900.0,16.93
2021-01-21,31800.0,16.93
2021-01-22,31500.0,16.93
2021-01-23,31300.0,16.93
2021-01-24,31300.0,16.93
2021-01-25,31300.0,16.93
2021-01-26,31300.0,17.27
2021-01-27,31500.0,17.27
2021-01-28,31500.0,17.27
2021-01-29,31300.0,17.27
2021-01-30,31400.0,17.27
2021-01-31,31400.0,17.27
2021-02-01,31400.0,17.27
2021-02-02,31700.0,17.27
2021-02-03,31300.0,17.27
2021-02-04,31300.0,17.27
2021-02-05,31700.0,17.27
2021-02-06,31700.0,17.27
2021-02-07,31700.0,17.27
2021-02-08,31700.0,17.27
2021-02-09,31600.0,17.27
2021-02-10,31800.0,17.27
2021-02-11,31300.0,17.27
2021-02-12,31700.0,17.27
2021-02-13,31800.0,17.27
2021-02-14,31800.0,17.27
2021-02-15,31800.0,17.27
2021-02-16,31600.0,17.27
2021-02-17,31600.0,17.27
2021-02-18,31800.0,17.27
2021-02-19,31900.0,17.27
2021-02-20,31700.0,17.27
2021-02-21,31700.0,17.27
2021-02-22,31700.0,17.27
2021-02-23,32500.0,17.27
2021-02-24,32900.0,17.27
2021-02-25,32900.0,18.08
2021-02-26,33100.0,18.08
2021-02-27,32900.0,18.08
2021-02-28,32900.0,18.08
2021-03-01,32900.0,18.08
2021-03-02,32800.0,18.08
2021-03-03,32700.0,18.08
2021-03-04,32050.0,18.08
2021-03-05,32500.0,18.08
2021-03-06,32400.0,18.08
2021-03-07,32400.0,18.08
2021-03-08,32400.0,18.08
2021-03-09,32100.0,18.08
2021-03-10,32700.0,18.08
2021-03-11,32800.0,18.08
2021-03-12,32900.0,18.88
2021-03-13,32600.0,18.88
2021-03-14,32600.0,18.88
2021-03-15,32700.0,18.88
2021-03-16,32500.0,18.88
2021-03-17,32900.0,18.88
2021-03-18,33000.0,18.88
2021-03-19,32500.0,18.88
2021-03-20,32400.0,18.88
2021-03-21,32400.0,18.88
2021-03-22,32500.0,18.88
2021-03-23,37250.0,18.88
2021-03-24,32400.0,18.88
2021-03-25,32200.0,18.88
2021-03-26,32200.0,18.88
2021-03-27,32200.0,19.04
2021-03-28,32700.0,19.04
2021-03-29,32700.0,19.04
2021-03-30,32300.0,19.04
2021-03-31,31900.0,19.04
2021-04-01,32100.0,19.04
2021-04-02,32000.0,19.04
2021-04-03,32000.0,19.04
2021-04-04,32000.0,19.04
2021-04-05,32100.0,19.04
2021-04-06,32100.0,19.04
2021-04-07,32200.0,19.04
2021-04-08,32100.0,19.04
2021-04-09,32500.0,19.04
2021-04-10,32400.0,19.04
2021-04-11,32400.0,19.04
2021-04-12,32400.0,18.97
2021-04-13,32500.0,18.97
2021-04-14,32500.0,18.97
2021-04-15,32900.0,18.97
2021-04-16,32800.0,18.97
2021-04-17,32600.0,18.97
2021-04-18,32600.0,18.97
2021-04-19,32600.0,18.97
2021-04-20,32700.0,18.97
2021-04-21,33000.0,18.97
2021-04-22,32900.0,18.97
2021-04-23,32900.0,18.97
2021-04-24,33000.0,18.97
2021-04-25,33000.0,18.97
2021-04-26,33000.0,18.97
2021-04-27,33300.0,19.16
2021-04-28,33500.0,19.16
2021-04-29,33500.0,19.16
2021-04-30,33200.0,19.16
2021-05-01,33300.0,19.16
2021-05-02,33300.0,19.16
2021-05-03,33400.0,19.16
2021-05-04,33200.0,19.16
2021-05-05,33500.0,19.16
2021-05-06,34200.0,19.16
2021-05-07,34300.0,19.16
2021-05-08,34100.0,19.16
2021-05-09,34100.0,19.16
2021-05-10,34000.0,19.16
2021-05-11,33600.0,19.16
2021-05-12,33900.0,19.53
2021-05-13,33500.0,19.53
2021-05-14,33200.0,19.53
2021-05-15,32500.0,19.53
2021-05-16,32500.0,19.53
2021-05-17,32400.0,19.53
2021-05-18,32400.0,19.53
2021-05-19,33100.0,19.53
2021-05-20,32700.0,19.53
2021-05-21,32700.0,19.53
2021-05-22,32700.0,19.53
2021-05-23,32700.0,19.53
2021-05-24,32800.0,19.53
2021-05-25,32800.0,19.53
2021-05-26,33100.0,19.53
2021-05-27,33500.0,19.53
2021-05-28,33800.0,19.53
2021-05-29,34500.0,19.53
2021-05-30,34500.0,19.53
2021-05-31,34400.0,19.53
2021-06-01,34400.0,19.53
2021-06-02,34500.0,19.53
2021-06-03,34500.0,19.53
2021-06-04,34500.0,19.53
2021-06-05,34800.0,19.53
2021-06-06,34800.0,19.53
2021-06-07,34800.0,19.53
2021-06-08,34900.0,19.53
2021-06-09,34400.0,19.53
2021-06-10,34400.0,19.53
2021-06-11,34200.0,20.16
2021-06-12,34300.0,20.16
2021-06-13,34300.0,20.16
2021-06-14,34300.0,20.16
2021-06-15,34000.0,20.16
2021-06-16,34100.0,20.16
2021-06-17,34600.0,20.16
2021-06-18,34100.0,20.16
2021-06-19,34500.0,20.16
2021-06-20,34500.0,20.16
2021-06-21,34600.0,20.16
2021-06-22,34700.0,20.16
2021-06-23,34400.0,20.16
2021-06-24,34800.0,20.16
2021-06-25,35200.0,20.16
2021-06-26,35700.0,20.91
2021-06-27,35700.0,20.91
2021-06-28,35700.0,20.91
2021-06-29,36200.0,20.91
2021-06-30,35500.0,20.91
2021-07-01,36100.0,20.91
2021-07-02,36000.0,20.91
2021-07-03,36100.0,20.91
2021-07-04,36100.0,20.91
2021-07-05,36000.0,20.91
2021-07-06,35600.0,20.91
2021-07-07,35500.0,20.91
2021-07-08,35900.0,20.91
2021-07-09,36000.0,20.91
2021-07-10,36500.0,20.91
2021-07-11,36500.0,20.91
2021-07-12,36300.0,21.78
2021-07-13,36300.0,21.78
2021-07-14,35800.0,21.78
2021-07-15,36300.0,21.78
2021-07-16,36300.0,21.78
2021-07-17,36300.0,21.78
2021-07-18,36300.0,21.78
2021-07-19,36300.0,21.78
2021-07-20,36300.0,21.78
2021-07-21,36300.0,21.78
2021-07-22,36300.0,21.78
2021-07-23,36300.0,21.78
2021-07-24,36300.0,21.78
2021-07-25,36300.0,21.78
2021-07-26,36300.0,21.78
2021-07-27,36300.0,21.68
2021-07-28,36300.0,21.68
2021-07-29,36300.0,21.68
2021-07-30,36300.0,21.68
2021-07-31,36300.0,21.68
2021-08-01,36300.0,21.68
2021-08-02,36700.0,21.68
2021-08-03,36600.0,21.68
2021-08-04,37000.0,21.68
2021-08-05,37000.0,21.68
2021-08-06,36900.0,21.68
2021-08-07,36500.0,21.68
2021-08-08,36500.0,21.68
2021-08-09,36500.0,21.68
2021-08-10,37200.0,21.68
2021-08-11,38000.0,21.68
2021-08-12,37900.0,21.68
2021-08-13,37800.0,21.68
2021-08-14,37400.0,21.68
2021-08-15,37400.0,21.68
2021-08-16,37500.0,21.68
2021-08-17,37900.0,21.68
2021-08-18,37800.0,21.68
2021-08-19,38100.0,21.68
2021-08-20,37800.0,21.68
2021-08-21,38300.0,21.68
2021-08-22,38300.0,21.68
2021-08-23,38300.0,21.68
2021-08-24,38700.0,21.68
2021-08-25,39500.0,21.68
2021-08-26,39500.0,21.13
2021-08-27,39500.0,21.13
2021-08-28,40000.0,21.13
2021-08-29,40000.0,21.13
2021-08-30,39900.0,21.13
2021-08-31,39900.0,21.13
2021-09-01,39900.0,21.13
2021-09-02,40300.0,21.13
2021-09-03,40100.0,21.13
2021-09-04,40100.0,21.13
2021-09-05,40100.0,21.13
2021-09-06,40000.0,21.13
2021-09-07,40100.0,21.13
2021-09-08,40300.0,21.13
2021-09-09,40000.0,21.13
2021-09-10,39600.0,21.39
2021-09-11,39500.0,21.39
2021-09-12,39500.0,21.39
2021-09-13,39500.0,21.39
2021-09-14,39500.0,21.39
2021-09-15,39800.0,21.39
2021-09-16,40000.0,21.39
2021-09-17,40500.0,21.39
2021-09-18,41000.0,21.39
2021-09-19,41000.0,21.39
2021-09-20,40800.0,21.39
2021-09-21,40800.0,21.39
2021-09-22,40800.0,21.39
2021-09-23,40800.0,21.39
2021-09-24,40800.0,21.39
2021-09-25,40800.0,21.94
2021-09-26,40800.0,21.94
2021-09-27,40700.0,21.94
2021-09-28,40300.0,21.94
2021-09-29,40800.0,21.94
2021-09-30,40000.0,21.94
2021-10-01,40200.0,21.94
2021-10-02,40800.0,21.94
2021-10-03,40800.0,21.94
2021-10-04,40800.0,21.94
2021-10-05,40500.0,21.94
2021-10-06,40000.0,21.94
2021-10-07,40100.0,21.94
2021-10-08,40100.0,21.94
2021-10-09,40100.0,21.94
2021-10-10,40100.0,21.94
2021-10-11,40100.0,22.87
2021-10-12,40000.0,22.87
2021-10-13,40800.0,22.87
2021-10-14,40600.0,22.87
2021-10-15,40600.0,22.87
2021-10-16,40400.0,22.87
2021-10-17,40400.0,22.87
2021-10-18,40400.0,22.87
2021-10-19,40300.0,22.87
2021-10-20,40400.0,22.87
2021-10-21,40600.0,22.87
2021-10-22,40700.0,22.87
2021-10-23,40800.0,22.87
2021-10-24,40800.0,22.87
2021-10-25,40800.0,22.87
2021-10-26,41400.0,24.33
2021-10-27,42400.0,24.33
2021-10-28,41400.0,24.33
2021-10-29,41000.0,24.33
2021-10-30,41600.0,24.33
2021-10-31,41600.0,24.33
2021-11-01,41500.0,24.33
2021-11-02,42300.0,24.33
2021-11-03,41700.0,24.33
2021-11-04,41700.0,24.33
2021-11-05,41100.0,24.33
2021-11-06,40700.0,24.33
2021-11-07,40700.0,24.33
2021-11-08,40800.0,24.33
2021-11-09,40500.0,24.33
2021-11-10,41100.0,24.99
2021-11-11,41000.0,24.99
2021-11-12,41500.0,24.99
2021-11-13,41300.0,24.99
2021-11-14,41300.0,24.99
2021-11-15,41300.0,24.99
2021-11-16,41200.0,24.99
2021-11-17,40700.0,24.99
2021-11-18,41000.0,24.99
2021-11-19,40500.0,24.99
2021-11-20,41000.0,24.99
2021-11-21,41000.0,24.99
2021-11-22,41100.0,24.99
2021-11-23,41200.0,24.99
2021-11-24,41400.0,24.99
2021-11-25,41200.0,23.9
2021-11-26,41400.0,23.9
2021-11-27,41400.0,23.9
2021-11-28,41400.0,23.9
2021-11-29,41500.0,23.9
2021-11-30,40800.0,23.9
2021-12-01,40800.0,23.9
2021-12-02,41500.0,23.9
2021-12-03,41700.0,23.9
2021-12-04,42000.0,23.9
2021-12-05,42000.0,23.9
2021-12-06,42000.0,23.9
2021-12-07,42000.0,23.9
2021-12-08,41200.0,23.9
2021-12-09,41500.0,23.9
2021-12-10,41600.0,22.8
2021-12-11,41600.0,22.8
2021-12-12,41600.0,22.8
2021-12-13,41700.0,22.8
2021-12-14,41700.0,22.8
2021-12-15,41700.0,22.8
2021-12-16,41400.0,22.8
2021-12-17,41300.0,22.8
2021-12-18,41600.0,22.8
2021-12-19,41600.0,22.8
2021-12-20,41500.0,22.8
2021-12-21,41100.0,22.8
2021-12-22,41300.0,22.8
2021-12-23,41500.0,22.8
2021-12-24,41600.0,22.8
2021-12-25,41700.0,23.29
2021-12-26,41700.0,23.29
2021-12-27,41700.0,23.29
2021-12-28,41600.0,23.29
2021-12-29,41300.0,23.29
2021-12-30,41500.0,23.29
2021-12-31,41600.0,23.29
2022-01-01,41500.0,23.29
2022-01-02,41500.0,23.29
2022-01-03,41500.0,23.29
2022-01-04,41500.0,23.29
2022-01-05,41200.0,23.29
2022-01-06,40700.0,23.29
2022-01-07,40600.0,23.29
2022-01-08,40800.0,23.29
2022-01-09,40800.0,23.29
2022-01-10,40800.0,23.29
2022-01-11,40000.0,23.87
2022-01-12,40100.0,23.87
2022-01-13,40400.0,23.87
2022-01-14,39800.0,23.87
2022-01-15,39800.0,23.87
2022-01-16,39800.0,23.87
2022-01-17,39800.0,23.87
2022-01-18,39800.0,23.87
2022-01-19,39600.0,23.87
2022-01-20,40200.0,23.87
2022-01-21,40200.0,24.36
2022-01-22,39900.0,24.36
2022-01-23,39900.0,24.36
2022-01-24,39900.0,24.36
2022-01-25,39600.0,24.36
2022-01-26,40300.0,24.36
2022-01-27,39900.0,24.36
2022-01-28,39800.0,24.36
2022-01-29,39900.0,24.36
2022-01-30,39900.0,24.36
2022-01-31,39900.0,24.36
2022-02-01,39800.0,24.36
2022-02-02,39900.0,24.36
2022-02-03,40200.0,24.36
2022-02-04,40500.0,24.36
2022-02-05,40500.0,24.36
2022-02-06,40500.0,24.36
2022-02-07,40600.0,24.36
2022-02-08,40700.0,24.36
2022-02-09,40900.0,24.36
2022-02-10,41400.0,24.36
2022-02-11,41400.0,25.32
2022-02-12,41500.0,25.32
2022-02-13,41500.0,25.32
2022-02-14,41500.0,25.32
2022-02-15,41100.0,25.32
2022-02-16,41600.0,25.32
2022-02-17,41800.0,25.32
2022-02-18,41800.0,25.32
2022-02-19,41400.0,25.32
2022-02-20,41400.0,25.32
2022-02-21,41500.0,26.28
2022-02-22,41200.0,26.28
2022-02-23,41800.0,26.28
2022-02-24,41400.0,26.28
2022-02-25,41000.0,26.28
2022-02-26,41000.0,26.28
2022-02-27,41000.0,26.28
2022-02-28,41000.0,26.28
2022-03-01,40000.0,26.83
2022-03-02,40000.0,26.83
2022-03-03,39500.0,26.83
2022-03-04,39200.0,26.83
2022-03-05,39700.0,26.83
2022-03-06,39700.0,26.83
2022-03-07,39800.0,26.83
2022-03-08,39800.0,26.83
2022-03-09,40800.0,26.83
2022-03-10,41000.0,26.83
2022-03-11,40800.0,26.83
2022-03-12,40800.0,26.83
2022-03-13,40800.0,26.83
2022-03-14,40800.0,26.83
2022-03-15,41000.0,26.83
2022-03-16,40500.0,26.83
2022-03-17,41500.0,26.83
2022-03-18,41400.0,26.83
2022-03-19,41800.0,26.83
2022-03-20,41800.0,26.83
2022-03-21,41800.0,26.83
2022-03-22,41900.0,26.83
2022-03-23,41900.0,26.83
2022-03-24,41200.0,26.83
2022-03-25,41200.0,26.83
2022-03-26,41400.0,26.83
2022-03-27,41400.0,26.83
2022-03-28,41500.0,26.83
2022-03-29,41400.0,26.83
2022-03-30,41200.0,26.83
2022-03-31,41600.0,26.83
2022-04-01,41600.0,28.15
2022-04-02,41500.0,28.15
2022-04-03,41500.0,28.15
2022-04-04,41500.0,28.15
2022-04-05,41400.0,28.15
2022-04-06,41200.0,28.15
2022-04-07,41000.0,28.15
2022-04-08,40800.0,28.15
2022-04-09,41300.0,28.15
2022-04-10,41300.0,28.15
2022-04-11,41200.0,28.15
2022-04-12,41400.0,27.31
2022-04-13,41300.0,27.31
2022-04-14,41100.0,27.31
2022-04-15,41000.0,27.31
2022-04-16,41000.0,27.31
2022-04-17,41000.0,27.31
2022-04-18,41000.0,27.31
2022-04-19,41000.0,27.31
2022-04-20,41000.0,27.31
2022-04-21,41000.0,27.99
2022-04-22,41400.0,27.99
2022-04-23,41400.0,27.99
2022-04-24,41400.0,27.99
2022-04-25,41500.0,27.99
2022-04-26,40700.0,27.99
2022-04-27,40500.0,27.99
2022-04-28,40300.0,27.99
2022-04-29,41400.0,27.99
2022-04-30,41800.0,27.99
2022-05-01,41800.0,27.99
2022-05-02,41800.0,27.99
2022-05-03,41600.0,27.99
2022-05-04,41800.0,28.43
2022-05-05,42200.0,28.43
2022-05-06,42100.0,28.43
2022-05-07,41100.0,28.43
2022-05-08,41100.0,28.43
2022-05-09,41000.0,28.43
2022-05-10,40200.0,28.43
2022-05-11,40200.0,28.43
2022-05-12,41400.0,28.43
2022-05-13,41000.0,28.43
2022-05-14,40800.0,28.43
2022-05-15,40800.0,28.43
2022-05-16,40900.0,28.43
2022-05-17,41600.0,28.43
2022-05-18,41900.0,28.43
2022-05-19,41200.0,28.43
2022-05-20,41500.0,28.43
2022-05-21,41200.0,28.43
2022-05-22,41200.0,28.43
2022-05-23,41200.0,28.43
2022-05-24,41000.0,28.43
2022-05-25,41000.0,28.43
2022-05-26,41800.0,28.43
2022-05-27,42200.0,28.43
2022-05-28,42000.0,28.43
2022-05-29,42000.0,28.43
2022-05-30,42000.0,28.43
2022-05-31,42100.0,28.43
2022-06-01,42100.0,28.43
2022-06-02,43100.0,28.43
2022-06-03,43100.0,28.43
2022-06-04,43100.0,28.43
2022-06-05,43100.0,28.43
2022-06-06,42900.0,28.43
2022-06-07,42900.0,28.43
2022-06-08,42600.0,28.43
2022-06-09,42500.0,28.43
2022-06-10,42300.0,28.43
2022-06-11,42100.0,28.43
2022-06-12,42100.0,28.43
2022-06-13,42200.0,28.43
2022-06-14,41600.0,28.43
2022-06-15,41800.0,28.43
2022-06-16,42200.0,28.43
2022-06-17,43100.0,28.43
2022-06-18,42800.0,28.43
2022-06-19,42800.0,28.43
2022-06-20,42800.0,28.43
2022-06-21,42900.0,28.43
2022-06-22,43400.0,28.43
2022-06-23,43700.0,28.43
2022-06-24,43300.0,28.43
2022-06-25,43000.0,28.43
2022-06-26,43000.0,28.43
2022-06-27,43000.0,28.43
2022-06-28,42900.0,28.43
2022-06-29,42500.0,28.43
2022-06-30,43100.0,28.43
2022-07-01,42800.0,28.43
2022-07-02,42400.0,28.43
2022-07-03,42400.0,28.43
2022-07-04,42400.0,28.43
2022-07-05,42300.0,28.43
2022-07-06,41900.0,28.43
2022-07-07,41800.0,28.43
2022-07-08,41400.0,28.43
2022-07-09,43300.0,28.43
2022-07-10,43300.0,28.43
2022-07-11,42200.0,28.43
2022-07-12,42000.0,28.43
2022-07-13,41800.0,28.43
2022-07-14,42300.0,28.43
2022-07-15,41600.0,28.43
2022-07-16,41500.0,28.43
2022-07-17,41500.0,28.43
2022-07-18,41500.0,28.43
2022-07-19,42800.0,28.43
2022-07-20,43000.0,28.43
2022-07-21,43000.0,26.07
2022-07-22,42800.0,26.07
2022-07-23,42600.0,26.07
2022-07-24,42600.0,26.07
2022-07-25,42700.0,26.07
2022-07-26,42900.0,26.07
2022-07-27,42900.0,26.07
2022-07-28,43800.0,26.07
2022-07-29,44000.0,26.07
2022-07-30,44400.0,26.07
2022-07-31,44400.0,26.07
2022-08-01,44500.0,25.6
2022-08-02,44500.0,25.6
2022-08-03,44500.0,25.6
2022-08-04,44500.0,25.6
2022-08-05,44500.0,25.6
2022-08-06,44900.0,25.6
2022-08-07,44900.0,25.6
2022-08-08,45000.0,25.6
2022-08-09,45700.0,25.6
2022-08-10,46200.0,25.6
2022-08-11,46200.0,24.66
2022-08-12,46200.0,24.66
2022-08-13,49000.0,24.66
2022-08-14,49000.0,24.66
2022-08-15,49000.0,24.66
2022-08-16,49100.0,24.66
2022-08-17,48500.0,24.66
2022-08-18,48400.0,24.66
2022-08-19,48400.0,24.66
2022-08-20,48600.0,24.66
2022-08-21,48600.0,24.66
2022-08-22,48600.0,24.66
2022-08-23,48900.0,24.66
2022-08-24,49200.0,24.66
2022-08-25,50200.0,24.66
2022-08-26,49500.0,24.66
2022-08-27,49500.0,24.66
2022-08-28,49500.0,24.66
2022-08-29,48900.0,24.66
2022-08-30,48800.0,24.66
2022-08-31,48500.0,24.66
2022-09-01,48300.0,24.66
2022-09-02,48000.0,24.66
2022-09-03,47900.0,24.66
2022-09-04,47900.0,24.66
2022-09-05,47900.0,24.23
2022-09-06,47600.0,24.23
2022-09-07,48400.0,24.23
2022-09-08,48200.0,24.23
2022-09-09,48600.0,24.23
2022-09-10,48400.0,24.23
2022-09-11,48400.0,24.23
2022-09-12,48400.0,23.21
2022-09-13,48300.0,23.21
2022-09-14,47800.0,23.21
2022-09-15,47700.0,23.21
2022-09-16,47600.0,23.21
2022-09-17,47500.0,23.21
2022-09-18,47500.0,23.21
2022-09-19,47500.0,23.21
2022-09-20,47500.0,23.21
2022-09-21,48000.0,22.58
2022-09-22,47800.0,22.58
2022-09-23,48000.0,22.58
2022-09-24,47900.0,22.58
2022-09-25,47900.0,22.58
2022-09-26,47900.0,22.58
2022-09-27,47400.0,22.58
2022-09-28,47000.0,22.58
2022-09-29,47400.0,22.58
2022-09-30,46900.0,22.58
2022-10-01,46500.0,22.58
2022-10-02,46500.0,22.58
2022-10-03,46500.0,21.44
2022-10-04,46900.0,21.44
2022-10-05,46900.0,21.44
2022-10-06,47000.0,21.44
2022-10-07,46500.0,21.44
2022-10-08,46800.0,21.44
2022-10-09,46800.0,21.44
2022-10-10,46800.0,21.44
2022-10-11,46900.0,22.0
2022-10-12,47100.0,22.0
2022-10-13,46600.0,22.0
2022-10-14,45800.0,22.0
2022-10-15,45000.0,22.0
2022-10-16,45000.0,22.0
2022-10-17,45000.0,22.0
2022-10-18,45000.0,22.0
2022-10-19,44900.0,22.0
2022-10-20,43700.0,22.0
2022-10-21,44300.0,22.34
2022-10-22,44300.0,22.34
2022-10-23,43600.0,22.34
2022-10-24,43600.0,22.34
2022-10-25,43000.0,22.34
2022-10-26,42900.0,22.34
2022-10-27,41500.0,22.34
2022-10-28,41600.0,22.34
2022-10-29,41000.0,22.34
2022-10-30,41000.0,22.34
2022-10-31,41000.0,22.34
2022-11-01,41100.0,22.75
2022-11-02,40800.0,22.75
2022-11-03,41600.0,22.75
2022-11-04,40800.0,22.75
2022-11-05,41300.0,22.75
2022-11-06,41300.0,22.75
2022-11-07,41300.0,22.75
2022-11-08,40900.0,22.75
2022-11-09,40500.0,22.75
2022-11-10,40300.0,22.75
2022-11-11,40500.0,23.86
2022-11-12,40500.0,23.86
2022-11-13,40500.0,23.86
2022-11-14,40500.0,23.86
2022-11-15,40100.0,23.86
2022-11-16,39600.0,23.86
2022-11-17,39400.0,23.86
2022-11-18,39700.0,23.86
2022-11-19,39500.0,23.86
2022-11-20,39500.0,23.86
2022-11-21,39500.0,23.78
2022-11-22,39600.0,23.78
2022-11-23,40200.0,23.78
2022-11-24,39700.0,23.78
2022-11-25,40200.0,23.78
2022-11-26,40500.0,23.78
2022-11-27,40500.0,23.78
2022-11-28,40500.0,23.78
2022-11-29,40600.0,23.78
2022-11-30,40700.0,23.78
2022-12-01,41000.0,22.7
2022-12-02,41100.0,22.7
2022-12-03,41000.0,22.7
2022-12-04,41000.0,22.7
2022-12-05,41000.0,22.7
2022-12-06,41200.0,22.7
2022-12-07,41000.0,22.7
2022-12-08,40800.0,22.7
2022-12-09,40800.0,22.7
2022-12-10,40700.0,22.7
2022-12-11,40700.0,22.7
2022-12-12,40700.0,21.2
2022-12-13,41000.0,21.2
2022-12-14,40800.0,21.2
2022-12-15,40900.0,21.2
2022-12-16,40900.0,21.2
2022-12-17,40700.0,21.2
2022-12-18,40700.0,21.2
2022-12-19,40700.0,21.2
2022-12-20,40500.0,21.2
2022-12-21,40700.0,20.7
2022-12-22,40900.0,20.7
2022-12-23,40900.0,20.7
2022-12-24,40700.0,20.7
2022-12-25,40700.0,20.7
2022-12-26,40700.0,20.7
2022-12-27,40700.0,20.7
2022-12-28,40600.0,20.7
2022-12-29,40500.0,20.7
2022-12-30,39700.0,20.7
2022-12-31,39200.0,20.7
2023-01-01,39200.0,21.8
2023-01-02,39200.0,21.8
2023-01-03,39200.0,22.15
2023-01-04,40000.0,22.15
2023-01-05,40300.0,22.15
2023-01-06,39600.0,22.15
2023-01-07,39400.0,22.15
2023-01-08,39400.0,22.15
2023-01-09,39400.0,22.15
2023-01-10,39900.0,22.15
2023-01-11,39500.0,22.15
2023-01-12,39000.0,22.15
2023-01-13,40400.0,22.15
2023-01-14,41000.0,22.15
2023-01-15,41000.0,22.15
2023-01-16,41100.0,22.15
2023-01-17,41100.0,22.15
2023-01-18,40900.0,22.15
2023-01-19,40900.0,22.15
2023-01-20,41000.0,22.15
2023-01-21,41200.0,22.15
2023-01-22,41200.0,22.15
2023-01-23,41200.0,22.15
2023-01-24,41100.0,22.15
2023-01-25,41200.0,22.15
2023-01-26,41700.0,22.15
2023-01-27,42000.0,22.15
2023-01-28,42800.0,22.15
2023-01-29,42800.0,22.15
2023-01-30,42800.0,23.14
2023-01-31,42500.0,23.14
2023-02-01,43300.0,23.14
2023-02-02,42800.0,23.14
2023-02-03,43200.0,23.14
2023-02-04,42800.0,23.14
2023-02-05,42800.0,23.14
2023-02-06,42800.0,23.14
2023-02-07,43100.0,23.14
2023-02-08,43900.0,23.14
2023-02-09,43400.0,23.14
2023-02-10,43900.0,23.14
2023-02-11,44000.0,23.14
2023-02-12,44000.0,23.14
2023-02-13,44300.0,23.76
2023-02-14,44400.0,23.76
2023-02-15,44900.0,23.76
2023-02-16,44500.0,23.76
2023-02-17,45200.0,23.76
2023-02-18,45700.0,23.76
2023-02-19,45700.0,23.76
2023-02-20,45700.0,23.76
2023-02-21,46000.0,23.44
2023-02-22,46300.0,23.44
2023-02-23,46300.0,23.44
2023-02-24,47500.0,23.44
2023-02-25,47300.0,23.44
2023-02-26,47300.0,23.44
2023-02-27,47400.0,23.44
2023-02-28,47200.0,23.44
2023-03-01,47300.0,23.32
2023-03-02,48100.0,23.32
2023-03-03,48300.0,23.32
2023-03-04,48000.0,23.32
2023-03-05,48000.0,23.32
2023-03-06,48000.0,23.32
2023-03-07,47800.0,23.32
2023-03-08,47900.0,23.32
2023-03-09,48000.0,23.32
2023-03-10,48200.0,23.32
2023-03-11,47800.0,23.32
2023-03-12,47800.0,23.32
2023-03-13,47800.0,23.81
2023-03-14,47500.0,23.81
2023-03-15,46900.0,23.81
2023-03-16,46700.0,23.81
2023-03-17,47200.0,23.81
2023-03-18,46400.0,23.81
2023-03-19,46400.0,23.81
2023-03-20,46400.0,23.81
2023-03-21,46800.0,23.03
2023-03-22,47400.0,23.03
2023-03-23,47300.0,23.03
2023-03-24,47400.0,23.03
2023-03-25,48400.0,23.03
2023-03-26,48400.0,23.03
2023-03-27,48600.0,23.03
2023-03-28,48800.0,23.03
2023-03-29,48300.0,23.03
2023-03-30,48000.0,23.03
2023-03-31,49000.0,23.03
2023-04-01,49000.0,23.03
2023-04-02,49000.0,23.03
2023-04-03,49000.0,23.12
2023-04-04,49000.0,23.12
2023-04-05,49400.0,23.12
2023-04-06,50000.0,23.12
2023-04-07,49600.0,23.12
2023-04-08,49600.0,23.12
2023-04-09,49600.0,23.12
2023-04-10,49600.0,23.12
2023-04-11,49600.0,24.24
2023-04-12,50300.0,24.24
2023-04-13,50400.0,24.24
2023-04-14,51100.0,24.24
2023-04-15,50400.0,24.24
2023-04-16,50400.0,24.24
2023-04-17,50400.0,24.24
2023-04-18,50800.0,24.24
2023-04-19,51000.0,24.24
2023-04-20,51100.0,24.24
2023-04-21,50900.0,23.63
2023-04-22,51000.0,23.63
2023-04-23,51000.0,23.63
2023-04-24,51000.0,23.63
2023-04-25,51700.0,23.63
2023-04-26,51800.0,23.63
2023-04-27,51700.0,23.63
2023-04-28,51700.0,23.63
2023-04-29,51700.0,23.63
2023-04-30,51700.0,23.63
2023-05-01,51700.0,23.63
2023-05-02,51500.0,23.63
2023-05-03,52600.0,23.63
2023-05-04,52600.0,22.32
2023-05-05,52400.0,22.32
2023-05-06,53900.0,22.32
2023-05-07,53900.0,22.32
2023-05-08,53900.0,22.32
2023-05-09,53900.0,22.32
2023-05-10,53800.0,22.32
2023-05-11,54400.0,21.0
2023-05-12,53200.0,21.0
2023-05-13,55300.0,21.0
2023-05-14,55300.0,21.0
2023-05-15,55300.0,21.0
2023-05-16,56300.0,21.0
2023-05-17,56700.0,21.0
2023-05-18,58000.0,21.0
2023-05-19,57800.0,21.0
2023-05-20,59600.0,21.0
2023-05-21,60000.0,21.0
2023-05-22,60000.0,21.49
2023-05-23,61100.0,21.49
2023-05-24,60400.0,21.49
2023-05-25,61000.0,21.49
2023-05-26,60600.0,21.49
2023-05-27,61100.0,21.49
2023-05-28,61100.0,21.49
2023-05-29,61100.0,21.49
2023-05-30,61100.0,21.49
2023-05-31,60800.0,21.49
2023-06-01,60700.0,22.01
2023-06-02,61700.0,22.01
2023-06-03,61200.0,22.01
2023-06-04,61200.0,22.01
2023-06-05,61200.0,22.01
2023-06-06,61700.0,22.01
2023-06-07,61800.0,22.01
2023-06-08,62700.0,22.01
2023-06-09,65100.0,22.01
2023-06-10,64800.0,22.01
2023-06-11,64800.0,22.01
2023-06-12,65000.0,22.01
2023-06-13,64600.0,22.01
2023-06-14,64800.0,22.01
2023-06-15,64900.0,22.01
2023-06-16,64900.0,22.01
2023-06-17,64900.0,22.01
2023-06-18,64900.0,22.01
2023-06-19,64900.0,22.01
2023-06-20,64900.0,22.01
2023-06-21,64900.0,22.01
2023-06-22,64900.0,22.01
2023-06-23,64900.0,22.01
2023-06-24,64900.0,22.01
2023-06-25,64900.0,22.01
2023-06-26,64900.0,22.01
2023-06-27,64900.0,22.01
2023-06-28,64900.0,22.01
2023-06-29,64900.0,22.01
2023-06-30,65400.0,22.01
2023-07-01,64500.0,22.01
2023-07-02,64500.0,22.01
2023-07-03,64600.0,21.42
2023-07-04,65300.0,21.42
2023-07-05,65100.0,21.42
2023-07-06,65100.0,21.42
2023-07-07,64800.0,21.42
2023-07-08,64800.0,21.42
2023-07-09,64800.0,21.42
2023-07-10,64800.0,21.42
2023-07-11,64800.0,21.49
2023-07-12,64800.0,21.49
2023-07-13,65300.0,21.49
2023-07-14,65100.0,21.49
2023-07-15,65400.0,21.49
2023-07-16,65400.0,21.49
2023-07-17,65400.0,21.49
2023-07-18,65400.0,21.49
2023-07-19,65400.0,21.49
2023-07-20,65400.0,21.49
2023-07-21,65400.0,22.79
2023-07-22,65400.0,22.79
2023-07-23,65400.0,22.79
2023-07-24,65400.0,22.79
2023-07-25,65400.0,22.79
2023-07-26,65400.0,22.79
2023-07-27,65400.0,22.79
2023-07-28,65400.0,22.79
2023-07-29,65400.0,22.79
2023-07-30,65400.0,22.79
2023-07-31,65400.0,22.79
2023-08-01,65400.0,23.96
2023-08-02,65400.0,23.96
2023-08-03,65400.0,23.96
2023-08-04,65400.0,23.96
2023-08-05,65400.0,23.96
2023-08-06,65400.0,23.96
2023-08-07,65400.0,23.96
2023-08-08,65400.0,23.96
2023-08-09,65400.0,23.96
2023-08-10,65400.0,23.96
2023-08-11,65400.0,23.99
2023-08-12,65400.0,23.99
2023-08-13,65400.0,23.99
2023-08-14,65400.0,23.99
2023-08-15,65400.0,23.99
2023-08-16,65400.0,23.99
2023-08-17,64500.0,23.99
2023-08-18,64700.0,23.99
2023-08-19,64300.0,23.99
2023-08-20,64300.0,23.99
2023-08-21,64300.0,24.6
2023-08-22,64400.0,24.6
2023-08-23,64500.0,24.6
2023-08-24,65000.0,24.6
2023-08-25,65000.0,24.6
2023-08-26,65000.0,24.6
2023-08-27,65000.0,24.6
2023-08-28,65000.0,24.6
2023-08-29,65000.0,24.6
2023-08-30,65000.0,24.6
2023-08-31,65000.0,24.6
2023-09-01,65000.0,24.6
2023-09-02,65000.0,24.6
2023-09-03,65000.0,24.6
2023-09-04,65000.0,24.6
2023-09-05,65000.0,24.87
2023-09-06,65000.0,24.87
2023-09-07,65000.0,24.87
2023-09-08,65300.0,24.87
2023-09-09,65200.0,24.87
2023-09-10,65200.0,24.87
2023-09-11,65200.0,24.87
2023-09-12,65200.0,24.87
2023-09-13,65200.0,24.87
2023-09-14,65200.0,24.87
2023-09-15,65200.0,24.87
2023-09-16,65200.0,24.87
2023-09-17,65200.0,24.87
2023-09-18,65200.0,24.87
2023-09-19,65200.0,24.87
2023-09-20,65200.0,24.87
2023-09-21,65200.0,25.74
2023-09-22,65200.0,25.74
2023-09-23,65200.0,25.74
2023-09-24,65200.0,25.74
2023-09-25,65200.0,25.74
2023-09-26,65200.0,25.74
2023-09-27,65200.0,25.74
2023-09-28,65200.0,25.74
2023-09-29,65200.0,25.74
2023-09-30,65200.0,25.74
2023-10-01,65200.0,25.74
2023-10-02,65200.0,24.84
2023-10-03,65200.0,24.84
2023-10-04,65400.0,24.84
2023-10-05,65000.0,24.84
2023-10-06,64500.0,24.84
2023-10-07,64200.0,24.84
2023-10-08,64200.0,24.84
2023-10-09,64200.0,24.84
2023-10-10,63700.0,24.84
2023-10-11,63700.0,23.04
2023-10-12,63300.0,23.04
2023-10-13,63400.0,23.04
2023-10-14,63700.0,23.04
2023-10-15,63700.0,23.04
2023-10-16,63700.0,23.04
2023-10-17,63800.0,23.04
2023-10-18,64200.0,23.04
2023-10-19,57200.0,23.04
2023-10-20,58400.0,23.04
2023-10-21,59900.0,23.04
2023-10-22,59900.0,23.04
2023-10-23,60300.0,23.51
2023-10-24,61300.0,23.51
2023-10-25,61000.0,23.51
2023-10-26,61000.0,23.51
2023-10-27,59800.0,23.51
2023-10-28,59500.0,23.51
2023-10-29,59500.0,23.51
2023-10-30,59500.0,23.51
2023-10-31,58500.0,23.51
2023-11-01,59500.0,23.92
2023-11-02,57800.0,23.92
2023-11-03,57900.0,23.92
2023-11-04,58200.0,23.92
2023-11-05,58200.0,23.92
2023-11-06,58100.0,23.92
2023-11-07,58600.0,23.92
2023-11-08,57200.0,23.92
2023-11-09,58000.0,23.92
2023-11-10,58500.0,23.92
2023-11-11,58300.0,23.92
2023-11-12,58300.0,23.92
2023-11-13,58200.0,23.53
2023-11-14,59400.0,23.53
2023-11-15,59200.0,23.53
2023-11-16,60900.0,23.53
2023-11-17,60000.0,23.53
2023-11-18,58800.0,23.53
2023-11-19,58800.0,23.53
2023-11-20,58800.0,23.53
2023-11-21,58300.0,23.53
2023-11-22,57800.0,23.53
2023-11-23,57900.0,23.02
2023-11-24,57900.0,23.02
2023-11-25,58500.0,23.02
2023-11-26,58500.0,23.02
2023-11-27,58500.0,23.02
2023-11-28,58700.0,23.02
2023-11-29,58900.0,23.02
2023-11-30,58900.0,22.99
2023-12-01,60000.0,22.99
2023-12-02,59900.0,22.99
2023-12-03,59900.0,22.99
2023-12-04,59900.0,22.99
2023-12-05,59700.0,22.99
2023-12-06,60500.0,22.99
2023-12-07,60200.0,22.32
2023-12-08,60900.0,22.32
2023-12-09,60700.0,22.32
2023-12-10,60700.0,22.32
2023-12-11,60700.0,22.32
2023-12-12,62500.0,22.32
2023-12-13,64200.0,22.32
2023-12-14,64800.0,21.4
2023-12-15,64800.0,21.4
2023-12-16,64800.0,21.4
2023-12-17,64800.0,21.4
2023-12-18,64800.0,21.4
2023-12-19,64800.0,21.4
2023-12-20,64800.0,21.4
2023-12-21,64800.0,22.14
2023-12-22,64800.0,22.14
2023-12-23,64800.0,22.14
2023-12-24,64800.0,22.14
2023-12-25,64800.0,22.14
2023-12-26,64800.0,22.14
2023-12-27,64800.0,22.14
2023-12-28,64800.0,22.14
2023-12-29,64800.0,22.14
2023-12-30,64800.0,22.14
2023-12-31,64800.0,22.14
2024-01-01,64800.0,22.14
2024-01-02,64800.0,22.14
2024-01-03,64800.0,22.14
2024-01-04,64800.0,21.91
2024-01-05,64800.0,21.91
2024-01-06,64800.0,21.91
2024-01-07,64800.0,21.91
2024-01-08,64800.0,21.91
2024-01-09,64800.0,21.91
2024-01-10,64800.0,21.91
2024-01-11,64800.0,21.93
2024-01-12,64800.0,21.93
2024-01-13,64800.0,21.93
2024-01-14,64800.0,21.93
2024-01-15,64800.0,21.93
2024-01-16,64800.0,21.93
2024-01-17,64800.0,21.93
2024-01-18,64800.0,22.48
2024-01-19,64800.0,22.48
2024-01-20,64800.0,22.48
2024-01-21,64800.0,22.48
2024-01-22,64800.0,22.48
2024-01-23,64800.0,22.48
2024-01-24,64800.0,22.48
2024-01-25,64800.0,23.4
2024-01-26,64800.0,23.4
2024-01-27,64800.0,23.4
2024-01-28,64800.0,23.4
2024-01-29,64800.0,23.4
2024-01-30,64800.0,23.4
2024-01-31,64800.0,23.4
2024-02-01,64800.0,24.16
2024-02-02,64800.0,24.16
2024-02-03,64800.0,24.16
2024-02-04,64800.0,24.16
2024-02-05,64800.0,24.16
2024-02-06,64800.0,24.16
2024-02-07,64800.0,24.16
2024-02-08,64800.0,23.26
2024-02-09,64800.0,23.26
2024-02-10,64800.0,23.26
2024-02-11,64800.0,23.26
2024-02-12,64800.0,23.26
2024-02-13,64800.0,23.26
2024-02-14,64800.0,23.26
2024-02-15,64800.0,23.91
2024-02-16,64800.0,23.91
2024-02-17,64800.0,23.91
2024-02-18,64800.0,23.91
2024-02-19,64800.0,23.91
2024-02-20,64800.0,23.91
2024-02-21,64800.0,23.91
2024-02-22,64800.0,23.59
2024-02-23,64800.0,23.59
2024-02-24,64800.0,23.59
2024-02-25,64800.0,23.59
2024-02-26,64800.0,23.59
2024-02-27,64800.0,23.59
2024-02-28,64800.0,23.59
2024-02-29,64800.0,23.92
2024-03-01,64800.0,23.92
2024-03-02,64800.0,23.92
2024-03-03,64800.0,23.92
2024-03-04,64800.0,23.92
2024-03-05,64800.0,23.92
2024-03-06,64800.0,23.92
2024-03-07,64800.0,23.55
2024-03-08,64800.0,23.55
2024-03-09,64800.0,23.55
2024-03-10,64800.0,23.55
2024-03-11,64800.0,23.55
2024-03-12,64800.0,23.55
2024-03-13,64800.0,23.55
2024-03-14,64800.0,23.54
2024-03-15,64800.0,23.54
2024-03-16,64800.0,23.54
2024-03-17,64800.0,23.54
2024-03-18,64800.0,23.54
2024-03-19,64800.0,23.54
2024-03-20,64800.0,23.54
2024-03-21,64800.0,24.28
2024-03-22,64800.0,24.28
2024-03-23,64800.0,24.28
2024-03-24,64800.0,24.28
2024-03-25,64800.0,24.28
2024-03-26,64800.0,24.28
2024-03-27,64800.0,24.28
2024-03-28,64800.0,24.81
2024-03-29,64800.0,24.81
2024-03-30,64800.0,24.81
2024-03-31,64800.0,24.81
2024-04-01,64800.0,24.81
2024-04-02,64800.0,24.81
2024-04-03,64800.0,24.81
2024-04-04,64800.0,24.8
2024-04-05,64800.0,24.8
2024-04-06,64800.0,24.8
2024-04-07,64800.0,24.8
2024-04-08,64800.0,24.8
2024-04-09,64800.0,24.8
2024-04-10,64800.0,24.8
2024-04-11,64800.0,24.82
2024-04-12,64800.0,24.82
2024-04-13,64800.0,24.82
2024-04-14,64800.0,24.82
2024-04-16,64800.0,24.82
2024-04-17,64800.0,25.23
2024-04-18,64800.0,25.23
2024-04-19,64800.0,25.23
2024-04-20,64800.0,25.23
2024-04-22,64800.0,25.23
2024-04-23,64800.0,25.23
2024-04-24,64800.0,25.23
2024-04-25,64800.0,24.91
2024-04-26,64800.0,24.91
2024-04-27,64800.0,24.91
2024-04-28,64800.0,24.91
2024-04-29,64800.0,24.91
2024-04-30,64800.0,24.91
2024-05-01,64800.0,24.91
2024-05-02,64800.0,24.95
2024-05-03,64800.0,24.95
2024-05-04,64800.0,24.95
2024-05-05,64800.0,24.95
2024-05-06,64800.0,24.95
2024-05-07,64800.0,24.95
2024-05-08,64800.0,24.95
2024-05-09,64800.0,23.54
2024-05-10,64800.0,23.54
2024-05-11,64800.0,23.54
2024-05-12,64800.0,23.54
2024-05-14,64800.0,23.54
2024-05-15,64800.0,23.54
2024-05-16,64800.0,23.13
2024-05-17,64800.0,23.13
2024-05-18,64800.0,23.13
2024-05-19,64800.0,23.13
2024-05-20,64800.0,23.13
2024-05-21,64800.0,23.13
2024-05-22,64800.0,23.13
2024-05-23,64800.0,23.21
2024-05-24,64800.0,23.21
2024-05-25,64800.0,23.21
2024-05-26,64800.0,23.21
2024-05-27,64800.0,23.21
2024-05-28,64800.0,23.21
2024-05-29,64800.0,23.21
