date,price,tavg,tmin,tmax,prcp,wdir,wspd,pres
2014-11-20,18000,82.6,77.0,89.6,0.268,24.0,3.1,1011.0
2014-11-27,18000,82.8,75.2,91.4,0.268,24.0,3.1,1011.0
2014-12-04,18000,83.5,77.0,89.6,0.268,24.0,6.1,1011.0
2014-12-11,18000,82.0,75.2,87.8,0.268,24.0,7.8,1011.0
2014-12-25,18000,83.8,75.2,91.4,0.268,143.0,3.4,1011.0
2015-01-01,18000,78.6,73.4,87.8,0.268,143.0,4.9,1011.0
2015-01-08,18000,81.9,75.2,91.4,0.268,143.0,3.7,1011.0
2015-01-15,18000,76.8,68.0,87.8,0.268,143.0,3.9,1011.0
2015-01-22,18000,78.1,71.6,87.8,0.268,143.0,5.2,1011.0
2015-01-29,18000,78.8,69.8,91.4,0.268,143.0,6.0,1011.0
2015-02-05,20000,79.2,68.0,89.6,0.268,143.0,4.2,1011.0
2015-02-12,20000,78.1,69.8,89.6,0.268,143.0,6.3,1011.0
2015-03-05,20000,83.1,78.8,91.4,0.268,149.0,8.4,1011.0
2015-03-12,20000,83.8,75.2,93.2,0.268,130.0,8.2,1011.0
2015-03-19,18000,83.7,77.0,95.0,0.268,137.0,7.2,1011.0
2015-03-26,18000,86.9,77.0,96.8,0.268,153.0,8.6,1011.0
2015-04-02,18000,85.5,80.6,95.0,0.268,153.0,6.8,1011.0
2015-04-09,18000,87.1,80.6,96.8,0.268,141.0,8.1,1011.0
2015-04-16,20000,84.9,78.8,93.2,0.268,141.0,8.3,1011.0
2015-04-30,15000,86.7,80.6,95.0,0.268,229.0,5.9,1011.0
2015-05-07,15000,87.3,82.4,93.2,0.268,229.0,7.1,1011.0
2015-05-14,10000,87.6,78.8,95.0,0.268,229.0,6.6,1011.0
2015-05-21,10000,88.3,80.6,98.6,0.268,229.0,7.4,1011.0
2015-05-28,15000,86.4,77.0,93.2,0.268,246.0,6.7,1011.0
2015-06-04,15000,86.7,78.8,95.0,0.268,246.0,4.5,1011.0
2015-06-11,15000,87.1,80.6,95.0,0.268,246.0,4.9,1011.0
2015-06-18,10000,82.2,77.0,89.6,0.268,246.0,7.8,1011.0
2015-06-25,10000,82.4,75.2,87.8,0.268,257.0,8.3,1011.0
2015-07-02,10000,85.1,80.6,91.4,0.268,251.0,11.7,1011.0
2015-07-09,10000,82.6,80.6,91.4,0.268,240.0,12.5,1011.0
2015-07-16,10000,82.8,77.0,91.4,0.268,286.0,6.9,1011.0
2015-07-23,10000,83.7,77.0,95.0,0.268,286.0,4.6,1011.0
2015-07-30,10000,79.5,75.2,89.6,0.268,286.0,4.4,1011.0
2015-08-06,15000,84.0,78.8,91.4,0.268,252.0,9.8,1011.0
2015-08-13,15000,83.7,77.0,95.0,0.268,270.0,6.2,1011.0
2015-08-20,12000,83.3,78.8,93.2,0.268,270.0,11.0,1011.0
2015-08-27,12000,84.4,77.0,93.2,0.268,251.0,5.8,1011.0
2015-09-03,12000,85.3,77.0,95.0,0.268,239.0,6.6,1011.0
2015-09-10,15000,82.2,75.2,89.6,0.268,269.0,7.0,1010.3
2015-09-17,15000,80.8,75.2,87.8,0.268,171.0,7.8,1009.9
2015-09-24,15000,84.7,78.8,91.4,0.268,256.0,8.5,1006.9
2015-10-01,15000,85.5,78.8,93.2,0.268,75.0,6.9,1010.9
2015-10-08,15000,81.9,75.2,93.2,0.268,75.0,5.3,1010.1
2015-10-15,15000,80.4,75.2,89.6,0.268,75.0,3.4,1010.6
2015-10-22,15000,82.4,75.2,93.2,0.268,75.0,3.9,1010.6
2015-10-29,15000,85.8,77.0,95.0,0.268,75.0,5.7,1011.7
2015-11-05,15000,80.2,73.4,87.8,0.268,117.0,3.1,1010.0
2015-11-12,15000,83.8,78.8,91.4,0.268,98.0,8.3,1010.9
2015-11-20,18000,85.5,77.0,95.0,0.268,80.0,6.2,1008.7
2015-11-26,18000,82.9,77.0,89.6,0.268,7.0,3.4,1011.8
2015-12-03,18000,84.9,78.8,93.2,0.268,7.0,5.6,1010.7
2015-12-10,18000,84.4,80.6,91.4,0.268,7.0,5.9,1009.7
2015-12-17,18000,80.8,73.4,91.4,0.268,7.0,6.3,1012.8
2015-12-24,18000,82.8,73.4,93.2,0.268,82.0,6.2,1015.5
2015-12-31,18000,82.6,73.4,91.4,0.268,143.0,4.9,1014.3
2016-01-07,18000,83.5,77.0,93.2,0.268,118.0,5.8,1010.5
2016-04-04,24000,85.3,80.6,93.2,0.268,155.0,7.8,1010.1
2016-04-06,24000,84.9,80.6,93.2,0.268,150.0,8.3,1010.1
2016-04-07,24000,85.5,80.6,93.2,0.268,154.0,8.0,1010.2
2016-04-08,24000,86.2,80.6,93.2,0.268,154.0,8.5,1009.9
2016-04-11,24000,86.7,82.4,95.0,0.268,183.0,7.8,1007.9
2016-04-12,24000,86.7,82.4,96.8,0.268,172.0,8.9,1008.3
2016-04-14,24000,88.2,82.4,98.6,0.268,199.0,8.8,1008.3
2016-04-15,24000,88.3,82.4,98.6,0.268,196.0,8.6,1009.1
2016-05-04,24000,90.0,84.2,98.6,0.268,147.0,8.5,1007.3
2016-05-06,24000,88.5,84.2,98.6,0.268,132.0,6.6,1007.3
2016-05-13,24000,90.7,84.2,98.6,0.268,146.0,5.7,1007.5
2016-05-17,24000,84.7,77.0,98.6,0.268,244.0,5.3,1008.5
2016-05-18,24000,83.7,77.0,91.4,0.268,244.0,4.3,1008.5
2016-05-19,32000,84.7,80.6,93.2,0.268,244.0,4.2,1006.8
2016-05-20,32000,87.4,80.6,95.0,0.268,244.0,5.6,1006.8
2016-05-24,32000,83.1,78.8,95.0,0.268,244.0,12.0,1007.0
2016-05-25,32000,86.0,78.8,93.2,0.268,243.0,10.4,1006.4
2016-06-02,15000,87.4,80.6,95.0,0.268,224.0,7.1,1008.5
2016-06-03,15000,84.0,80.6,95.0,0.268,224.0,6.3,1009.0
2016-06-13,20000,85.5,78.8,93.2,0.268,245.0,5.7,1008.2
2016-08-22,18000,82.6,77.0,93.2,0.268,269.0,8.1,1005.1
2016-08-23,18000,83.8,77.0,93.2,0.268,241.0,5.8,1007.2
2016-08-24,18000,82.4,78.8,87.8,0.268,241.0,4.9,1007.2
2016-08-29,18000,83.5,77.0,91.4,0.268,260.0,6.1,1007.5
2016-08-30,18000,81.9,77.0,91.4,0.268,260.0,3.4,1010.0
2016-08-31,18000,83.5,77.0,93.2,0.268,260.0,4.7,1010.0
2016-09-01,18000,86.2,77.0,93.2,0.268,260.0,4.7,1007.8
2016-09-06,18000,84.7,78.8,91.4,0.268,236.0,8.6,1007.8
2016-09-12,18000,78.4,75.2,84.2,0.268,251.0,8.2,1007.3
2016-09-13,18000,81.1,75.2,87.8,0.268,243.0,9.8,1007.3
2016-09-15,18000,82.2,77.0,89.6,0.268,232.0,6.2,1007.5
2016-09-20,18000,82.0,77.0,91.4,0.268,232.0,4.3,1007.6
2016-09-21,18000,81.7,77.0,91.4,0.268,232.0,4.3,1007.6
2016-09-23,20000,82.8,77.0,87.8,0.268,232.0,3.8,1006.4
2016-09-27,20000,80.1,73.4,91.4,0.268,236.0,3.5,1006.8
2016-09-28,20000,81.1,77.0,89.6,0.268,236.0,3.6,1006.2
2016-09-30,20000,80.8,77.0,89.6,0.268,236.0,4.2,1006.2
2016-10-03,20000,77.7,75.2,84.2,0.268,236.0,2.9,1006.6
2016-10-05,22000,82.8,77.0,91.4,0.268,236.0,4.7,1006.4
2016-10-07,22000,80.6,75.2,89.6,0.268,236.0,4.7,1008.0
2016-10-12,24000,81.1,77.0,87.8,0.268,236.0,3.0,1006.3
2016-10-17,20000,80.8,75.2,89.6,0.268,236.0,4.4,1005.8
2016-10-20,20000,80.8,77.0,86.0,0.268,345.0,7.8,1006.0
2016-10-21,18000,81.1,75.2,89.6,0.268,345.0,6.5,1007.0
2016-10-24,18000,80.4,75.2,87.8,0.268,98.0,3.1,1007.8
2016-10-25,20000,79.0,77.0,86.0,0.268,98.0,3.4,1007.8
2016-10-26,20000,83.5,77.0,89.6,0.268,98.0,9.1,1010.8
2016-10-27,20000,82.0,77.0,93.2,0.268,332.0,6.4,1010.8
2016-10-28,20000,81.5,75.2,91.4,0.268,332.0,4.0,1009.5
2016-10-31,20000,80.4,75.2,89.6,0.268,332.0,4.4,1009.3
2016-11-01,20000,81.1,75.2,89.6,0.268,332.0,4.4,1009.3
2016-11-02,20000,80.1,75.2,89.6,0.268,332.0,3.6,1009.3
2016-11-03,20000,81.0,77.0,86.0,0.268,332.0,5.3,1007.8
2016-11-04,20000,79.2,75.2,84.2,0.268,332.0,5.2,1007.8
2016-11-07,18000,83.5,77.0,91.4,0.268,129.0,4.3,1010.0
2016-11-08,18000,83.5,77.0,89.6,0.268,129.0,5.2,1011.0
2016-11-09,18000,82.6,75.2,91.4,0.268,129.0,5.7,1011.2
2016-11-10,18000,83.8,77.0,93.2,0.268,129.0,4.4,1011.3
2016-11-11,18000,84.4,77.0,93.2,0.268,129.0,4.1,1010.5
2016-11-15,18000,84.6,78.8,93.2,0.268,129.0,3.9,1009.3
2016-11-16,18000,84.0,77.0,95.0,0.268,129.0,5.0,1009.3
2016-11-17,18000,83.1,78.8,91.4,0.268,129.0,3.4,1007.2
2016-11-18,18000,84.6,78.8,91.4,0.268,129.0,6.0,1007.2
2016-11-22,18000,83.1,78.8,89.6,0.268,129.0,6.6,1007.6
2016-11-23,18000,84.9,78.8,91.4,0.268,129.0,7.8,1008.4
2016-11-24,18000,84.0,78.8,93.2,0.268,76.0,5.8,1008.4
2016-11-25,18000,84.4,77.0,93.2,0.268,76.0,4.2,1007.5
2016-11-28,15000,83.8,78.8,91.4,0.268,76.0,4.2,1009.4
2016-11-29,15000,85.6,77.0,93.2,0.268,76.0,5.5,1010.0
2016-11-30,15000,80.2,73.4,87.8,0.268,76.0,3.5,1010.8
2016-12-01,15000,79.5,75.2,86.0,0.268,76.0,3.5,1010.8
2016-12-02,15000,79.5,75.2,86.0,0.268,76.0,3.5,1010.8
2016-12-05,15000,82.6,75.2,89.6,0.268,311.0,5.3,1009.5
2016-12-06,15000,81.7,75.2,89.6,0.268,311.0,3.7,1009.5
2016-12-08,15000,81.1,77.0,87.8,0.268,311.0,3.2,1007.0
2016-12-27,18000,80.4,75.2,91.4,0.268,355.0,4.3,1009.2
2016-12-29,18000,79.5,73.4,86.0,0.268,355.0,7.1,1010.6
2017-01-05,18000,83.3,77.0,89.6,0.268,107.0,4.8,1008.2
2017-01-10,18000,81.9,75.2,87.8,0.268,281.0,4.6,1008.5
2017-02-03,32000,79.3,75.2,84.2,0.268,131.0,2.3,1010.6
2017-02-06,32000,81.3,75.2,89.6,0.268,131.0,5.5,1009.3
2017-02-07,32000,81.0,75.2,91.4,0.268,131.0,5.5,1009.5
2017-02-08,32000,82.0,75.2,89.6,0.268,131.0,4.7,1009.6
2017-02-09,32000,82.6,77.0,93.2,0.268,131.0,5.0,1010.8
2017-02-10,32000,80.2,75.2,91.4,0.268,131.0,5.4,1010.8
2017-02-13,32000,80.2,69.8,91.4,0.268,131.0,4.5,1015.2
2017-02-15,32000,80.1,73.4,89.6,0.268,131.0,6.2,1013.5
2017-02-20,32000,81.9,75.2,86.0,0.268,131.0,4.3,1009.5
2017-02-21,25000,83.5,77.0,91.4,0.268,131.0,7.6,1010.7
2017-02-22,25000,83.8,78.8,93.2,0.268,131.0,8.3,1010.5
2017-02-23,25000,82.8,78.8,91.4,0.268,139.0,8.0,1011.3
2017-02-24,25000,83.1,77.0,91.4,0.268,143.0,6.6,1011.9
2017-02-27,25000,83.1,75.2,93.2,0.268,143.0,4.3,1009.9
2017-03-01,25000,83.8,77.0,91.4,0.268,143.0,4.0,1009.9
2017-03-02,25000,82.4,75.2,93.2,0.268,143.0,5.1,1009.9
2017-03-03,25000,81.1,73.4,89.6,0.268,143.0,5.0,1008.8
2017-03-07,18000,81.7,77.0,91.4,0.268,143.0,7.9,1009.7
2017-03-13,25000,83.8,77.0,93.2,0.268,166.0,5.4,1009.5
2017-03-14,25000,83.3,77.0,91.4,0.268,166.0,7.2,1009.8
2017-03-15,25000,83.8,77.0,93.2,0.268,132.0,7.7,1009.7
2017-03-16,25000,82.9,78.8,91.4,0.268,132.0,9.0,1009.5
2017-03-17,25000,83.1,78.8,91.4,0.268,132.0,9.0,1009.5
2017-03-23,25000,84.2,78.8,93.2,0.268,148.0,8.1,1010.4
2017-03-27,25000,85.5,77.0,95.0,0.268,128.0,6.5,1011.1
2017-03-28,25000,85.6,77.0,95.0,0.268,128.0,7.4,1011.1
2017-03-29,25000,84.0,77.0,95.0,0.268,128.0,7.7,1011.1
2017-03-30,25000,81.7,75.2,93.2,0.268,128.0,3.9,1011.1
2017-04-10,25000,86.0,80.6,95.0,0.268,147.0,8.0,1007.5
2017-04-13,25000,86.0,82.4,95.0,0.268,120.0,7.3,1010.4
2017-04-14,25000,86.7,78.8,96.8,0.268,120.0,9.2,1010.2
2017-04-17,25000,85.8,80.6,93.2,0.268,196.0,7.3,1009.6
2017-04-18,25000,85.8,80.6,93.2,0.268,196.0,5.8,1009.2
2017-04-19,25000,87.6,80.6,96.8,0.268,196.0,6.4,1009.1
2017-04-21,25000,88.2,82.4,96.8,0.268,217.0,8.0,1008.7
2017-04-24,25000,86.2,78.8,93.2,0.268,145.0,5.5,1009.7
2017-04-25,25000,84.7,78.8,95.0,0.268,145.0,4.8,1009.3
2017-05-05,25000,84.2,78.8,93.2,0.268,266.0,4.4,1011.4
2017-05-10,27000,84.0,77.0,91.4,0.268,266.0,6.5,1009.0
2017-05-11,27000,84.7,78.8,91.4,0.268,266.0,5.8,1008.3
2017-05-12,27000,86.7,77.0,95.0,0.268,266.0,5.6,1008.3
2017-05-17,27000,85.1,78.8,91.4,0.268,266.0,5.2,1006.9
2017-05-18,27000,86.4,78.8,95.0,0.268,266.0,5.3,1007.5
2017-05-19,27000,83.5,78.8,93.2,0.268,266.0,5.8,1007.8
2017-05-25,27000,84.4,80.6,93.2,0.268,266.0,5.0,1006.5
2017-05-26,27000,82.0,78.8,89.6,0.268,266.0,4.6,1006.8
2017-05-30,27000,81.1,77.0,91.4,0.268,266.0,3.6,1007.5
2017-06-02,27000,82.9,78.8,89.6,0.268,266.0,7.0,1008.5
2017-06-06,27000,81.1,78.8,89.6,0.268,266.0,7.1,1008.2
2017-06-07,27000,84.6,77.0,89.6,0.268,266.0,6.4,1008.4
2017-06-12,27000,86.5,78.8,93.2,0.268,266.0,6.5,1007.8
2017-06-15,27000,86.0,77.0,93.2,0.268,226.0,5.3,1009.3
2017-06-19,27000,86.4,78.8,93.2,0.268,248.0,7.0,1006.9
2017-06-20,27000,85.5,80.6,93.2,0.268,248.0,9.1,1006.8
2017-06-22,27000,80.8,77.0,87.8,0.268,192.0,5.5,1007.4
2017-06-23,27000,80.4,77.0,87.8,0.268,192.0,5.0,1006.8
2017-06-26,27000,81.9,77.0,89.6,0.268,192.0,5.4,969.9
2017-06-29,27000,84.4,77.0,93.2,0.268,289.0,5.0,1008.0
2017-06-30,27000,82.6,78.8,91.4,0.268,289.0,6.1,1007.7
2017-07-03,27000,84.0,77.0,91.4,0.268,289.0,6.0,1007.7
2017-07-05,27000,81.7,77.0,89.6,0.268,268.0,3.4,1008.8
2017-07-11,27000,84.2,77.0,91.4,0.268,238.0,6.7,1007.5
2017-07-14,27000,83.5,75.2,89.6,0.268,247.0,10.4,1007.5
2017-07-17,27000,78.1,75.2,87.8,0.268,252.0,6.8,1007.3
2017-07-20,27000,78.3,75.2,89.6,0.268,252.0,5.2,1007.3
2017-07-28,27000,83.5,78.8,89.6,0.268,238.0,11.8,1007.5
2017-08-01,27000,83.7,80.6,91.4,0.268,244.0,10.8,1008.0
2017-08-02,27000,82.4,77.0,89.6,0.268,235.0,9.8,1007.4
2017-08-03,27000,82.8,80.6,89.6,0.268,232.0,10.4,1005.8
2017-08-04,27000,81.1,78.8,89.6,0.268,232.0,8.9,1005.6
2017-08-07,27000,86.2,77.0,93.2,0.268,220.0,4.9,1008.7
2017-08-08,27000,84.0,80.6,93.2,0.268,220.0,6.3,1008.9
2017-08-09,27000,82.0,77.0,93.2,0.268,220.0,5.3,1009.1
2017-08-10,27000,82.9,78.8,91.4,0.268,220.0,4.3,1008.0
2017-08-11,27000,82.9,78.8,91.4,0.268,220.0,4.3,1008.0
2017-08-14,27000,82.9,78.8,89.6,0.268,220.0,5.3,1008.9
2017-08-15,27000,82.2,78.8,91.4,0.268,220.0,7.0,1008.1
2017-08-17,27000,80.4,77.0,86.0,0.268,245.0,7.5,1006.1
2017-08-18,27000,79.3,75.2,86.0,0.268,265.0,6.7,1006.9
2017-08-21,27000,84.0,77.0,91.4,0.268,265.0,7.2,1005.8
2017-08-22,30000,82.8,77.0,93.2,0.268,265.0,9.4,1005.6
2017-08-23,30000,80.4,78.8,89.6,0.268,232.0,8.9,1006.3
2017-08-24,30000,83.8,75.2,91.4,0.268,256.0,7.2,1006.7
2017-08-25,30000,82.6,75.2,91.4,0.268,256.0,8.9,968.8
2017-08-28,30000,82.8,78.8,91.4,0.268,220.0,6.9,1007.2
2017-08-29,30000,84.6,77.0,91.4,0.268,209.0,5.3,1007.8
2017-08-31,30000,85.6,77.0,93.2,0.268,209.0,5.2,1008.3
2017-09-01,30000,81.7,77.0,89.6,0.268,209.0,4.9,1007.5
2017-09-05,30000,84.4,77.0,95.0,0.268,209.0,5.9,1008.2
2017-09-06,30000,85.8,78.8,93.2,0.268,209.0,5.8,1008.1
2017-09-07,30000,85.5,80.6,93.2,0.268,209.0,5.2,1008.4
2017-09-11,30000,82.8,77.0,91.4,0.268,209.0,4.3,1009.0
2017-09-13,30000,85.5,80.6,93.2,0.268,209.0,6.2,1007.1
2017-09-14,30000,82.6,71.6,89.6,0.268,209.0,7.0,1005.3
2017-09-15,30000,83.8,80.6,91.4,0.268,209.0,9.6,1005.1
2017-09-18,30000,83.7,73.4,93.2,0.268,233.0,6.5,1007.3
2017-09-19,30000,81.9,73.4,91.4,0.268,233.0,5.2,1007.3
2017-09-20,30000,80.4,77.0,87.8,0.268,233.0,3.8,1007.3
2017-09-22,30000,79.5,77.0,87.8,0.268,233.0,2.7,1007.5
2017-09-25,30000,82.0,77.0,87.8,0.268,240.0,9.6,1007.4
2017-09-26,30000,84.9,78.8,93.2,0.268,298.0,5.7,1008.2
2017-09-27,30000,82.6,78.8,91.4,0.268,298.0,5.0,1008.1
2017-09-28,30000,81.9,73.4,91.4,0.268,298.0,4.0,1007.6
2017-09-29,30000,84.7,77.0,93.2,0.268,298.0,4.7,1008.3
2017-10-02,30000,77.7,73.4,80.6,0.268,298.0,4.6,1007.8
2017-10-03,30000,79.0,77.0,84.2,0.268,298.0,5.8,1008.3
2017-10-04,30000,81.5,75.2,91.4,0.268,298.0,4.4,1009.3
2017-10-05,30000,83.1,77.0,91.4,0.268,298.0,4.2,1008.4
2017-10-06,30000,83.5,75.2,89.6,0.268,298.0,4.4,1008.4
2017-10-09,30000,83.1,77.0,89.6,0.268,298.0,3.4,1005.3
2017-10-10,30000,85.8,78.8,93.2,0.268,298.0,4.8,1004.8
2017-10-11,30000,82.6,78.8,89.6,0.268,298.0,3.3,1006.5
2017-10-13,30000,81.1,77.0,87.8,0.268,298.0,4.8,1005.3
2017-10-16,30000,83.8,77.0,89.6,0.268,298.0,5.2,1006.6
2017-10-17,30000,79.2,75.2,89.6,0.268,298.0,4.7,1007.8
2017-10-20,30000,81.3,77.0,89.6,0.268,19.0,4.9,1009.5
2017-10-23,30000,82.2,78.8,87.8,0.268,19.0,5.1,1010.0
2017-10-30,30000,84.0,77.0,89.6,0.268,19.0,5.2,1008.3
2017-10-31,30000,82.0,77.0,89.6,0.268,19.0,5.2,1008.3
2017-11-01,30000,79.5,77.0,84.2,0.268,359.0,4.7,1008.4
2017-11-02,30000,82.2,77.0,91.4,0.268,359.0,3.5,1006.9
2017-11-03,30000,83.1,73.4,91.4,0.268,359.0,5.0,1006.2
2017-11-06,30000,83.7,77.0,91.4,0.268,359.0,3.0,1007.3
2017-11-07,30000,80.6,73.4,91.4,0.268,359.0,4.7,1007.9
2017-11-09,30000,80.2,75.2,89.6,0.268,359.0,4.2,1007.7
2017-11-10,30000,80.4,77.0,91.4,0.268,359.0,2.5,1008.2
2017-11-13,30000,81.0,77.0,89.6,0.268,359.0,4.2,1007.6
2017-11-14,30000,81.3,75.2,91.4,0.268,359.0,3.4,1008.3
2017-11-15,30000,82.8,77.0,89.6,0.268,359.0,4.5,1008.8
2017-11-16,30000,85.3,78.8,93.2,0.268,359.0,7.6,1009.0
2017-11-17,30000,84.0,73.4,93.2,0.268,359.0,4.9,1007.1
2017-11-20,30000,81.7,75.2,87.8,0.268,359.0,7.9,1008.4
2017-11-21,30000,82.9,75.2,91.4,0.268,359.0,4.5,1008.3
2017-11-22,30000,84.0,77.0,91.4,0.268,359.0,4.7,1007.4
2017-11-23,30000,84.2,77.0,93.2,0.268,359.0,3.9,1007.8
2017-11-24,30000,82.0,75.2,91.4,0.268,359.0,5.1,1009.5
2017-11-27,30000,83.1,75.2,89.6,0.268,359.0,5.0,1007.5
2017-11-28,30000,82.2,77.0,89.6,0.268,359.0,5.6,1007.6
2017-12-01,30000,83.7,75.2,93.2,0.268,359.0,4.1,1007.2
2017-12-04,30000,80.2,77.0,89.6,0.268,359.0,3.6,1007.9
2017-12-06,30000,83.1,75.2,89.6,0.268,359.0,3.0,1009.0
2017-12-07,30000,83.1,77.0,91.4,0.268,359.0,3.2,1009.3
2017-12-08,30000,81.7,77.0,93.2,0.268,359.0,4.3,1010.4
2017-12-11,30000,82.0,71.6,89.6,0.268,359.0,5.1,1011.3
2017-12-12,30000,81.7,77.0,89.6,0.268,359.0,4.3,1011.0
2017-12-13,30000,82.2,75.2,89.6,0.268,359.0,4.0,1010.5
2017-12-15,30000,81.9,75.2,89.6,0.268,359.0,4.0,1010.4
2017-12-18,30000,76.6,68.0,86.0,0.268,359.0,6.5,1012.9
2017-12-19,30000,75.9,68.0,82.4,0.268,5.0,7.4,1012.6
2017-12-21,30000,75.7,69.8,84.2,0.268,2.0,11.4,1011.5
2017-12-25,30000,71.2,69.8,78.8,0.268,358.0,9.3,1007.0
2017-12-27,30000,81.5,77.0,87.8,0.268,132.0,5.6,1009.8
2017-12-28,30000,83.5,77.0,91.4,0.268,132.0,4.9,1010.0
2017-12-29,30000,82.6,75.2,91.4,0.268,132.0,3.9,1010.4
2018-01-02,30000,80.1,71.6,89.6,0.268,132.0,4.0,1008.8
2018-01-03,30000,81.7,73.4,89.6,0.268,132.0,4.4,1007.8
2018-01-04,30000,82.9,75.2,91.4,0.268,132.0,5.0,1007.6
2018-01-09,30000,82.9,77.0,91.4,0.268,123.0,5.2,1010.8
2018-01-10,30000,81.7,77.0,91.4,0.268,123.0,4.0,1011.4
2018-01-12,30000,79.0,71.6,89.6,0.268,123.0,6.9,1011.9
2018-01-15,30000,80.1,75.2,86.0,0.268,123.0,4.2,1009.5
2018-01-17,30000,80.8,77.0,87.8,0.268,123.0,4.0,1008.5
2018-01-18,30000,79.9,75.2,89.6,0.268,123.0,3.4,1008.3
2018-01-24,30000,81.5,75.2,89.6,0.268,123.0,4.8,1006.8
2018-01-25,30000,81.1,75.2,89.6,0.268,123.0,4.8,1006.8
2018-02-28,40000,84.2,75.2,93.2,0.268,146.0,5.0,1009.0
2018-03-01,40000,83.8,78.8,93.2,0.268,146.0,8.3,1008.6
2018-03-02,40000,83.7,78.8,91.4,0.268,150.0,7.3,1008.5
2018-03-05,40000,84.7,78.8,93.2,0.268,125.0,7.8,1009.0
2018-03-06,40000,84.6,78.8,91.4,0.268,125.0,7.4,1009.5
2018-03-07,40000,85.6,78.8,98.6,0.268,125.0,8.0,1009.1
2018-03-08,40000,85.5,75.2,98.6,0.268,125.0,7.8,1009.1
2018-03-09,40000,84.0,73.4,95.0,0.268,141.0,4.7,1009.5
2018-03-13,40000,83.8,77.0,93.2,0.268,141.0,6.6,1010.4
2018-03-14,40000,83.5,78.8,93.2,0.268,141.0,8.7,1009.9
2018-03-15,40000,84.4,78.8,93.2,0.268,141.0,8.6,1010.0
2018-03-16,40000,84.0,78.8,93.2,0.268,131.0,9.0,1010.3
2018-03-19,40000,84.7,78.8,95.0,0.268,144.0,7.6,1009.5
2018-03-20,40000,84.7,78.8,95.0,0.268,144.0,7.4,1009.0
2018-03-21,40000,84.9,78.8,95.0,0.268,144.0,6.8,1009.2
2018-03-22,40000,83.1,78.8,91.4,0.268,144.0,6.3,1008.0
2018-03-23,40000,84.4,75.2,93.2,0.268,144.0,5.4,1009.1
2018-03-26,40000,84.7,77.0,95.0,0.268,144.0,5.8,1010.3
2018-03-27,40000,83.8,75.2,93.2,0.268,144.0,5.5,1010.3
2018-03-28,40000,83.1,77.0,95.0,0.268,144.0,6.3,1009.8
2018-03-29,40000,83.5,78.8,91.4,0.268,144.0,7.4,1009.9
2018-03-30,40000,83.1,78.8,91.4,0.268,144.0,7.5,1009.7
2018-04-02,40000,83.7,77.0,91.4,0.268,151.0,5.4,1009.3
2018-04-03,40000,82.9,78.8,91.4,0.268,151.0,6.6,1009.3
2018-04-04,40000,83.5,78.8,93.2,0.268,151.0,8.8,1008.5
2018-04-05,40000,84.0,78.8,89.6,0.268,143.0,7.5,1007.8
2018-04-06,40000,84.4,78.8,91.4,0.268,147.0,8.5,1008.3
2018-04-09,40000,87.6,75.2,96.8,0.268,144.0,5.8,1009.9
2018-04-10,40000,86.5,82.4,95.0,0.268,144.0,7.6,1009.3
2018-04-11,40000,86.4,80.6,95.0,0.268,144.0,9.6,1008.3
2018-04-12,40000,86.2,80.6,96.8,0.268,144.0,8.3,1008.3
2018-04-13,40000,86.2,80.6,95.0,0.268,151.0,8.5,1008.7
2018-04-16,40000,87.1,80.6,96.8,0.268,138.0,8.0,1008.9
2018-04-17,40000,86.7,80.6,96.8,0.268,138.0,6.0,1010.0
2018-04-18,40000,85.5,78.8,93.2,0.268,138.0,5.6,1009.7
2018-04-19,40000,86.0,80.6,93.2,0.268,138.0,8.3,1008.9
2018-04-20,40000,86.5,80.6,95.0,0.268,138.0,9.1,1008.6
2018-04-23,40000,85.5,80.6,95.0,0.268,120.0,6.2,1007.4
2018-04-26,40000,87.6,82.4,96.8,0.268,120.0,7.8,1008.5
2018-05-16,40000,87.4,80.6,95.0,0.268,132.0,7.1,1007.0
2018-05-17,40000,86.2,80.6,95.0,0.268,246.0,3.9,1006.4
2018-05-18,40000,84.7,77.0,96.8,0.268,246.0,3.9,1006.4
2018-05-21,40000,83.5,77.0,93.2,0.268,246.0,3.9,1007.9
2018-05-22,40000,80.8,78.8,89.6,0.268,246.0,3.7,1007.9
2018-05-23,40000,84.0,77.0,93.2,0.268,246.0,5.1,1007.9
2018-05-24,40000,81.1,77.0,95.0,0.268,246.0,4.0,1007.5
2018-05-28,40000,84.6,77.0,95.0,0.268,246.0,3.6,1008.7
2018-05-29,40000,82.0,78.8,93.2,0.268,246.0,3.9,1008.7
2018-05-30,40000,86.7,77.0,93.2,0.268,246.0,6.2,1008.1
2018-06-01,40000,82.9,75.2,91.4,0.268,246.0,4.8,1008.3
2018-06-04,40000,82.6,78.8,89.6,0.268,246.0,5.8,1006.0
2018-06-05,40000,83.1,78.8,91.4,0.268,246.0,8.2,1007.4
2018-06-07,40000,83.7,78.8,93.2,0.268,246.0,9.0,1006.9
2018-06-08,40000,81.9,78.8,87.8,0.268,246.0,9.9,1006.8
2018-06-11,40000,82.2,78.8,89.6,0.268,248.0,8.3,1009.4
2018-06-12,40000,82.8,78.8,91.4,0.268,253.0,6.8,1008.5
2018-06-13,40000,81.1,77.0,89.6,0.268,253.0,6.6,1008.5
2018-06-14,40000,82.9,77.0,91.4,0.268,253.0,7.4,1007.0
2018-06-15,40000,83.1,75.2,91.4,0.268,253.0,9.6,1006.8
2018-06-18,40000,80.8,77.0,87.8,0.268,217.0,9.4,1006.1
2018-06-19,40000,82.2,78.8,89.6,0.268,221.0,8.9,1007.6
2018-06-20,40000,83.7,77.0,91.4,0.268,223.0,7.8,1009.0
2018-06-21,40000,85.5,80.6,91.4,0.268,253.0,8.3,1009.0
2018-06-22,40000,85.6,78.8,93.2,0.268,248.0,7.2,1008.0
2018-06-25,40000,84.0,80.6,93.2,0.268,250.0,7.0,1007.4
2018-06-26,40000,79.9,77.0,87.8,0.268,250.0,4.8,1008.4
2018-06-27,40000,82.6,75.2,89.6,0.268,250.0,4.2,1009.0
2018-06-28,40000,83.5,77.0,91.4,0.268,250.0,3.1,1008.2
2018-06-29,40000,85.5,78.8,95.0,0.268,250.0,6.3,1006.7
2018-07-02,40000,82.6,80.6,93.2,0.268,234.0,10.1,1007.0
2018-07-03,40000,83.5,77.0,91.4,0.268,249.0,9.9,1007.0
2018-07-04,40000,82.8,77.0,91.4,0.268,246.0,12.9,1007.3
2018-07-05,40000,81.7,77.0,87.8,0.268,240.0,12.4,1005.3
2018-07-06,40000,79.3,77.0,89.6,0.268,268.0,9.3,1005.3
2018-07-09,40000,82.6,75.2,91.4,0.268,257.0,7.8,1005.1
2018-07-11,40000,82.8,77.0,89.6,0.268,257.0,12.5,1005.2
2018-07-12,40000,81.7,75.2,87.8,0.268,256.0,14.1,1005.1
2018-07-13,40000,82.8,77.0,87.8,0.268,254.0,13.1,1004.6
2018-07-24,40000,84.9,80.6,91.4,0.268,244.0,12.7,1006.7
2018-07-25,40000,81.0,77.0,86.0,0.268,242.0,8.9,1007.6
2018-07-26,40000,84.9,78.8,93.2,0.268,256.0,10.4,1007.4
2018-07-27,40000,84.9,80.6,91.4,0.268,245.0,11.3,1007.0
2018-08-01,40000,84.9,78.8,91.4,0.268,263.0,9.4,1007.5
2018-08-02,40000,83.1,77.0,91.4,0.268,264.0,11.6,1007.4
2018-08-03,40000,83.8,77.0,91.4,0.268,256.0,11.3,1007.0
2018-08-06,40000,80.1,75.2,89.6,0.268,258.0,7.0,1006.2
2018-08-07,40000,81.3,77.0,89.6,0.268,269.0,8.0,1005.0
2018-08-08,40000,79.5,77.0,89.6,0.268,270.0,7.3,1004.9
2018-08-09,40000,79.2,75.2,87.8,0.268,250.0,9.8,1006.2
2018-08-10,40000,79.5,75.2,87.8,0.268,236.0,10.9,1007.7
2018-08-13,40000,81.9,75.2,87.8,0.268,254.0,8.4,1007.1
2018-08-14,40000,79.2,77.0,86.0,0.268,243.0,7.9,1007.1
2018-08-15,40000,82.2,77.0,87.8,0.268,245.0,9.3,1007.3
2018-08-16,40000,83.7,78.8,89.6,0.268,253.0,11.4,1005.4
2018-08-17,40000,84.4,78.8,89.6,0.268,242.0,13.5,1003.2
2018-08-20,40000,82.9,75.2,89.6,0.268,255.0,8.7,1007.8
2018-08-21,40000,83.3,77.0,89.6,0.268,250.0,9.9,1006.4
2018-08-22,40000,84.6,78.8,91.4,0.268,235.0,11.7,1005.8
2018-08-23,40000,82.9,77.0,93.2,0.268,221.0,9.8,1007.5
2018-08-24,40000,83.7,78.8,89.6,0.268,235.0,7.6,1007.9
2018-08-27,40000,83.1,78.8,89.6,0.268,244.0,10.4,1007.7
2018-08-28,40000,83.1,77.0,91.4,0.268,258.0,8.8,1008.8
2018-08-29,40000,83.5,78.8,93.2,0.268,252.0,9.7,1007.8
2018-08-30,40000,84.9,78.8,91.4,0.268,244.0,11.4,1007.5
2018-08-31,40000,85.3,80.6,91.4,0.268,249.0,8.5,1008.7
2018-09-04,40000,81.1,75.2,89.6,0.268,239.0,5.8,1009.3
2018-09-05,40000,83.1,75.2,91.4,0.268,264.0,9.6,1008.3
2018-09-06,40000,83.8,75.2,91.4,0.268,274.0,6.5,1006.4
2018-09-07,40000,81.0,75.2,89.6,0.268,269.0,5.2,1005.7
2018-09-10,40000,83.8,77.0,91.4,0.268,251.0,5.3,1010.4
2018-09-11,40000,83.5,77.0,89.6,0.268,254.0,5.4,1009.5
2018-09-12,40000,79.2,75.2,87.8,0.268,256.0,6.9,1008.1
2018-09-13,40000,80.6,73.4,89.6,0.268,240.0,6.1,1007.0
2018-09-14,40000,80.8,77.0,87.8,0.268,252.0,7.0,1006.9
2018-09-17,40000,78.8,77.0,84.2,0.268,235.0,10.2,1006.2
2018-09-18,40000,79.2,77.0,89.6,0.268,246.0,7.9,1008.6
2018-09-19,40000,82.2,77.0,93.2,0.268,314.0,4.8,1008.6
2018-09-20,40000,80.8,77.0,89.6,0.268,355.0,3.7,1008.4
2018-09-21,40000,82.8,77.0,91.4,0.268,109.0,4.2,1009.3
2018-09-24,40000,78.6,75.2,87.8,0.268,21.0,3.5,1010.5
2018-09-25,40000,83.1,75.2,91.4,0.268,289.0,5.5,1009.2
2018-09-26,40000,84.0,75.2,93.2,0.268,267.0,5.1,1008.1
2018-10-05,40000,80.8,77.0,89.6,0.268,69.0,4.5,1010.2
2018-10-10,40000,85.3,77.9,93.2,0.268,110.0,5.4,1009.2
2018-10-15,40000,83.7,77.0,91.4,0.268,113.0,5.1,1011.2
2018-10-16,40000,84.7,80.6,91.4,0.268,150.0,6.0,1010.7
2018-10-17,40000,81.7,78.8,91.4,0.268,210.0,4.3,1009.6
2018-10-18,40000,81.7,75.2,93.2,0.268,296.0,3.7,1009.0
2018-10-19,40000,79.5,75.2,84.2,0.268,51.0,3.7,1009.3
2018-10-22,40000,81.9,75.2,93.2,0.268,353.0,4.2,1011.0
2018-10-25,40000,83.8,75.2,91.4,0.268,106.0,6.5,1011.4
2018-10-26,40000,84.6,77.0,93.2,0.268,104.0,5.7,1011.4
2018-10-29,40000,83.8,77.0,93.2,0.268,18.0,4.0,1008.9
2018-10-30,40000,81.7,73.4,89.6,0.268,11.0,4.1,1008.8
2018-10-31,40000,82.2,71.6,91.4,0.268,14.0,5.0,1009.6
2018-11-01,40000,83.5,73.4,91.4,0.268,144.0,5.2,1009.0
2018-11-02,40000,83.1,77.0,89.6,0.268,49.0,3.6,1009.9
2018-11-06,40000,86.0,77.0,95.0,0.268,44.0,3.5,1008.3
2018-11-07,40000,78.8,77.0,84.2,0.268,74.0,7.8,1009.0
2018-11-08,40000,83.8,77.0,91.4,0.268,84.0,7.6,1008.9
2018-11-09,40000,84.0,77.0,93.2,0.268,84.0,7.3,1008.5
2018-11-10,40000,85.8,77.0,95.0,0.268,88.0,6.2,1009.3
2018-11-12,40000,82.2,78.8,93.2,0.268,71.0,5.6,1009.0
2018-11-13,40000,82.8,78.8,91.4,0.268,99.0,4.6,1007.6
2018-11-14,40000,83.3,77.0,91.4,0.268,96.0,4.6,1008.4
2018-11-15,40000,84.9,77.0,93.2,0.268,102.0,5.2,1009.6
2018-11-16,40000,82.8,77.0,91.4,0.268,108.0,5.8,1010.4
2018-11-19,40000,82.6,75.2,87.8,0.268,89.0,8.5,1010.8
2018-11-20,40000,83.8,77.0,91.4,0.268,113.0,7.4,1011.1
2018-11-21,40000,84.2,77.0,93.2,0.268,79.0,4.7,1010.3
2018-11-22,40000,83.8,75.2,91.4,0.268,297.0,4.5,1010.6
2018-11-23,40000,83.8,77.0,91.4,0.268,347.0,7.6,1010.5
2018-11-26,40000,77.4,73.4,78.8,0.268,148.0,9.0,1008.2
2018-11-27,40000,82.2,75.2,89.6,0.268,134.0,6.6,1011.6
2018-12-24,40000,81.1,77.0,91.4,0.268,1.0,4.0,1008.8
2018-12-25,40000,82.2,77.0,91.4,0.268,255.0,3.7,1008.4
2018-12-26,40000,80.6,77.0,87.8,0.268,261.0,5.0,1008.2
2018-12-28,40000,78.3,75.2,82.4,0.268,334.0,3.5,1008.6
2019-01-03,40000,82.0,73.4,87.8,0.268,51.0,7.6,1011.9
2019-01-04,40000,84.7,77.0,93.2,0.268,92.0,12.1,1012.5
2019-01-07,40000,83.8,75.2,95.0,0.268,91.0,6.7,1011.5
2019-01-08,40000,81.7,73.4,89.6,0.268,84.0,4.8,1012.0
2019-01-09,40000,83.3,73.4,93.2,0.268,99.0,5.3,1012.0
2019-01-16,40000,83.7,78.8,91.4,0.268,75.0,4.5,1010.2
2019-01-17,40000,82.0,75.2,93.2,0.268,68.0,4.3,1010.2
2019-01-18,40000,82.2,73.4,93.2,0.268,66.0,5.7,1010.6
2019-01-25,40000,80.4,69.8,91.4,0.268,1.0,4.6,1013.5
2019-02-12,48000,84.2,78.8,96.8,0.268,88.0,9.1,1014.6
2019-02-13,48000,83.7,75.2,93.2,0.268,101.0,7.3,1014.4
2019-02-14,48000,84.2,73.4,95.0,0.268,108.0,8.8,1012.7
2019-02-15,48000,84.0,77.0,95.0,0.268,109.0,10.0,1013.3
2019-02-18,48000,83.3,77.0,93.2,0.268,144.0,9.3,1011.7
2019-02-19,48000,83.5,77.0,91.4,0.268,133.0,8.4,1012.6
2019-02-20,48000,84.4,77.0,93.2,0.268,132.0,8.3,1013.8
2019-02-22,48000,82.9,78.8,89.6,0.268,141.0,8.8,1011.4
2019-02-25,48000,84.0,78.8,95.0,0.268,128.0,10.3,1010.9
2019-02-26,48000,84.0,78.8,95.0,0.268,121.0,9.1,1010.5
2019-02-28,48000,83.8,78.8,93.2,0.268,132.0,9.9,1009.5
2019-03-01,48000,83.5,77.0,93.2,0.268,126.0,8.9,1010.1
2019-03-04,48000,81.7,77.0,89.6,0.268,150.0,7.1,1009.3
2019-03-05,48000,82.4,75.2,93.2,0.268,151.0,7.5,1010.0
2019-03-06,48000,83.5,75.2,95.0,0.268,151.0,6.2,1010.9
2019-03-07,48000,83.8,77.0,91.4,0.268,172.0,7.0,1010.5
2019-03-08,48000,84.4,78.8,93.2,0.268,147.0,7.8,1010.8
2019-03-11,48000,85.8,78.8,96.8,0.268,190.0,6.8,1010.7
2019-03-12,48000,84.7,80.6,93.2,0.268,168.0,7.3,1011.2
2019-03-13,48000,87.1,80.6,95.0,0.268,149.0,7.5,1011.7
2019-03-14,48000,84.4,80.6,93.2,0.268,142.0,8.2,1012.7
2019-03-15,48000,86.5,78.8,96.8,0.268,133.0,8.6,1011.9
2019-03-18,48000,87.3,78.8,98.6,0.268,129.0,8.4,1010.5
2019-04-01,48000,84.9,80.6,95.0,0.268,128.0,8.8,1011.1
2019-04-02,48000,86.7,78.8,96.8,0.268,125.0,9.2,1011.1
2019-04-03,48000,85.8,82.4,93.2,0.268,137.0,8.1,1010.9
2019-04-05,48000,84.9,77.0,91.4,0.268,125.0,6.3,1011.0
2019-04-08,48000,86.2,82.4,93.2,0.268,143.0,7.7,1009.3
2019-04-09,48000,87.1,80.6,95.0,0.268,145.0,7.5,1009.1
2019-04-10,48000,88.0,82.4,95.0,0.268,147.0,6.0,1008.8
2019-04-11,48000,87.1,82.4,95.0,0.268,165.0,6.8,1008.0
2019-04-12,48000,88.0,80.6,95.0,0.268,173.0,6.8,1008.0
2019-04-16,48000,88.5,82.4,96.8,0.268,158.0,6.7,1008.9
2019-04-17,48000,87.4,78.8,96.8,0.268,178.0,6.6,1009.1
2019-04-18,40000,87.6,84.2,95.0,0.268,166.0,7.4,1008.3
2019-04-19,40000,88.9,82.4,98.6,0.268,177.0,6.4,1007.3
2019-04-22,36000,88.5,82.4,96.8,0.268,141.0,7.5,1006.4
2019-04-24,36000,88.9,84.2,98.6,0.268,138.0,8.7,1007.4
2019-04-25,36000,88.3,84.2,96.8,0.268,143.0,8.4,1007.1
2019-04-26,36000,88.0,82.4,95.0,0.268,143.0,8.2,1007.0
2019-05-02,36000,84.6,77.0,95.0,0.268,176.0,6.3,1008.3
2019-05-03,36000,85.8,77.0,95.0,0.268,185.0,5.3,1009.2
2019-05-04,36000,88.2,80.6,96.8,0.268,183.0,6.1,1009.4
2019-05-09,36000,83.5,78.8,93.2,0.268,214.0,6.2,1006.1
2019-05-10,36000,81.9,75.2,91.4,0.268,241.0,5.3,1007.8
2019-05-13,30000,85.8,78.8,95.0,0.268,191.0,6.1,1007.7
2019-05-14,30000,85.5,80.6,93.2,0.268,165.0,5.3,1008.1
2019-05-15,30000,86.7,80.6,96.8,0.268,218.0,5.0,1008.6
2019-05-17,30000,88.0,78.8,95.0,0.268,246.0,6.6,1008.2
2019-05-20,30000,85.3,78.8,95.0,0.268,220.0,7.1,1008.2
2019-05-21,30000,84.6,80.6,95.0,0.268,218.0,6.3,1008.4
2019-05-22,30000,82.6,77.0,95.0,0.268,216.0,4.8,1008.6
2019-05-31,30000,86.9,78.8,95.0,0.268,143.0,5.5,1007.0
2019-06-03,30000,82.2,78.8,93.2,0.268,225.0,4.2,1007.5
2019-06-04,30000,83.5,77.0,95.0,0.268,104.0,3.0,1007.4
2019-06-05,30000,83.7,78.8,93.2,0.268,139.0,4.2,1006.9
2019-06-06,30000,83.3,78.8,93.2,0.268,134.0,5.2,1008.2
2019-06-07,32000,82.9,75.2,89.6,0.268,192.0,4.9,1009.4
2019-06-10,32000,84.6,78.8,91.4,0.268,257.0,10.0,1006.7
2019-06-12,32000,85.3,80.6,91.4,0.268,257.0,8.3,1007.4
2019-06-14,32000,84.0,80.6,91.4,0.268,249.0,7.8,1007.4
2019-06-17,32000,82.0,80.6,87.8,0.268,243.0,8.3,1007.9
2019-06-18,32000,85.1,77.0,93.2,0.268,264.0,8.0,1007.8
2019-06-19,32000,86.7,78.8,95.0,0.268,290.0,7.3,1007.0
2019-06-20,32000,86.7,80.6,95.0,0.268,271.0,5.7,1006.3
2019-06-21,32000,83.7,78.8,95.0,0.268,271.0,5.0,1005.6
2019-06-24,32000,82.2,75.2,91.4,0.268,197.0,7.1,1007.9
2019-06-25,32000,84.4,78.8,93.2,0.268,233.0,5.8,1008.5
2019-06-26,32000,84.4,78.8,93.2,0.268,246.0,8.6,1007.9
2019-06-27,32000,85.3,78.8,91.4,0.268,253.0,10.5,1006.7
2019-07-02,42000,82.9,78.8,91.4,0.268,241.0,10.7,1005.9
2019-07-03,42000,78.1,75.2,82.4,0.268,245.0,10.8,1007.4
2019-07-04,42000,80.2,73.4,87.8,0.268,234.0,6.6,1009.0
2019-07-05,42000,83.7,77.0,91.4,0.268,260.0,6.5,1007.9
2019-07-08,42000,84.7,78.8,93.2,0.268,224.0,7.6,1008.7
2019-07-10,42000,86.2,78.8,93.2,0.268,248.0,8.6,1008.6
2019-07-11,42000,87.3,80.6,95.0,0.268,261.0,9.0,1009.8
2019-07-12,42000,86.7,80.6,93.2,0.268,248.0,8.4,1009.2
2019-07-15,42000,84.7,80.6,95.0,0.268,258.0,8.3,1005.4
2019-07-17,42000,79.9,75.2,87.8,0.268,247.0,5.6,1004.8
2019-07-18,42000,83.5,77.0,89.6,0.268,245.0,8.9,1005.0
2019-07-19,42000,82.8,78.8,89.6,0.268,244.0,9.0,1005.9
2019-07-22,42000,83.1,78.8,93.2,0.268,283.0,6.1,1007.2
2019-07-23,42000,83.7,77.0,93.2,0.268,279.0,6.0,1006.8
2019-07-24,42000,82.8,75.2,93.2,0.268,282.0,6.5,1007.7
2019-07-25,42000,79.9,75.2,89.6,0.268,271.0,6.8,1010.1
2019-07-26,42000,82.6,77.0,93.2,0.268,310.0,7.0,1008.7
2019-07-29,42000,80.4,73.4,91.4,0.268,249.0,7.6,1008.1
2019-07-30,42000,83.7,77.0,91.4,0.268,253.0,8.6,1006.6
2019-07-31,42000,82.9,75.2,93.2,0.268,252.0,10.8,1005.6
2019-08-01,42000,82.6,78.8,91.4,0.268,250.0,11.7,1006.9
2019-08-02,42000,79.5,77.0,86.0,0.268,246.0,11.8,1007.6
2019-08-05,42000,80.8,77.0,87.8,0.268,246.0,10.9,1005.9
2019-08-06,42000,78.4,75.2,86.0,0.268,257.0,9.9,1006.2
2019-08-07,42000,79.5,75.2,84.2,0.268,256.0,8.1,1005.3
2019-08-08,42000,79.9,75.2,86.0,0.268,250.0,10.2,1004.6
2019-08-09,42000,79.5,75.2,84.2,0.268,244.0,10.8,1003.8
2019-08-12,42000,84.6,78.8,93.2,0.268,232.0,8.0,1007.8
2019-08-13,42000,84.2,78.8,89.6,0.268,255.0,8.5,1008.5
2019-08-14,42000,85.5,78.8,93.2,0.268,260.0,8.6,1008.0
2019-08-15,42000,85.3,80.6,93.2,0.268,243.0,12.0,1007.9
2019-08-16,42000,83.7,78.8,91.4,0.268,218.0,11.1,1008.1
2019-08-19,40000,85.6,78.8,95.0,0.268,251.0,9.1,1007.7
2019-08-20,40000,83.8,78.8,91.4,0.268,231.0,9.5,1006.7
2019-08-22,40000,81.9,78.8,87.8,0.268,237.0,7.6,1008.8
2019-08-23,40000,83.3,77.0,91.4,0.268,251.0,8.5,1008.8
2019-09-11,40000,85.6,78.8,93.2,0.268,269.0,7.3,1011.2
2019-09-12,40000,85.5,78.8,93.2,0.268,300.0,7.1,1009.7
2019-09-13,40000,79.5,77.0,86.0,0.268,318.0,7.0,1007.8
2019-09-16,40000,80.4,75.2,87.8,0.268,231.0,6.2,1006.5
2019-09-17,40000,81.5,78.8,86.0,0.268,242.0,9.4,1007.1
2019-09-18,40000,78.8,77.0,84.2,0.268,236.0,9.2,1008.5
2019-09-19,40000,80.8,77.0,87.8,0.268,243.0,7.5,1009.9
2019-09-20,40000,81.1,77.0,87.8,0.268,243.0,4.5,1009.3
2019-09-23,40000,81.3,75.2,91.4,0.268,75.0,4.0,1011.6
2019-09-24,40000,85.3,75.2,91.4,0.268,75.0,3.9,1010.9
2019-09-25,40000,85.5,78.8,95.0,0.268,55.0,4.5,1011.1
2019-09-26,40000,81.0,73.4,93.2,0.268,55.0,2.9,1011.8
2019-09-27,40000,82.2,75.2,93.2,0.268,21.0,4.5,1011.4
2019-10-01,40000,81.9,75.2,89.6,0.268,198.0,3.9,1010.4
2019-10-02,40000,81.3,77.0,89.6,0.268,254.0,3.5,1010.5
2019-10-07,40000,84.2,73.4,89.6,0.268,88.0,4.1,1009.6
2019-10-08,40000,84.7,77.0,91.4,0.268,108.0,5.5,1009.8
2019-10-10,45000,82.9,75.2,91.4,0.268,79.0,3.9,1010.0
2019-10-11,45000,84.6,77.0,91.4,0.268,79.0,4.5,1009.3
2019-10-14,45000,83.7,75.2,93.2,0.268,79.0,4.8,1010.2
2019-10-15,40000,84.6,77.0,93.2,0.268,87.0,6.1,1009.7
2019-10-16,40000,83.5,77.0,95.0,0.268,45.0,4.5,1009.6
2019-10-17,40000,83.8,77.0,93.2,0.268,62.0,4.7,1009.3
2019-10-21,40000,83.5,77.0,89.6,0.268,138.0,3.2,1008.5
2019-10-22,40000,84.9,78.8,91.4,0.268,138.0,4.0,1007.6
2019-10-24,40000,84.9,80.6,93.2,0.268,108.0,5.6,1008.8
2019-10-28,40000,82.8,75.2,93.2,0.268,93.0,4.3,1008.7
2019-10-29,40000,84.7,75.2,93.2,0.268,22.0,6.5,1008.5
2019-10-30,40000,85.3,78.8,93.2,0.268,340.0,5.8,1006.8
2019-10-31,40000,80.4,77.0,86.0,0.268,118.0,6.8,1006.8
2019-11-05,40000,82.8,73.4,93.2,0.268,21.0,5.7,1008.1
2019-11-06,40000,80.8,77.0,86.0,0.268,150.0,3.9,1007.8
2019-11-07,40000,82.2,77.0,89.6,0.268,61.0,3.0,1009.0
2019-11-08,40000,82.0,77.0,91.4,0.268,345.0,3.1,1010.4
2019-11-19,40000,82.2,75.2,91.4,0.268,51.0,3.6,1009.9
2019-11-22,40000,81.7,73.4,89.6,0.268,346.0,3.0,1010.6
2019-11-25,40000,82.9,77.0,91.4,0.268,15.0,3.5,1010.3
2019-12-13,30000,80.4,71.6,91.4,0.268,357.0,3.8,1012.1
2019-12-16,30000,83.8,75.2,91.4,0.268,89.0,6.5,1010.0
2019-12-17,30000,83.5,73.4,91.4,0.268,91.0,4.8,1010.5
2019-12-18,30000,83.3,77.0,93.2,0.268,98.0,5.0,1011.0
2019-12-19,30000,82.2,75.2,89.6,0.268,102.0,5.0,1010.9
2019-12-20,30000,80.8,75.2,89.6,0.268,143.0,5.3,1010.1
2019-12-21,30000,81.7,73.4,91.4,0.268,70.0,5.0,1010.3
2019-12-25,30000,81.7,71.6,89.6,0.268,141.0,4.5,1010.5
2019-12-26,30000,80.8,75.2,87.8,0.268,162.0,4.7,1011.0
2020-01-09,35000,83.7,75.2,95.0,0.268,104.0,5.3,1009.2
2020-01-15,40000,82.2,71.6,93.2,0.268,90.0,5.8,1010.9
2020-01-20,40000,84.0,73.4,93.2,0.268,114.0,5.3,1012.4
2020-01-31,32000,80.8,73.4,87.8,0.268,110.0,5.0,1011.8
2020-02-03,32000,81.1,69.8,91.4,0.268,100.0,5.8,1012.8
2020-02-04,32000,81.9,71.6,95.0,0.268,102.0,7.3,1011.6
2020-02-05,25000,81.3,71.6,93.2,0.268,98.0,6.3,1011.3
2020-02-06,25000,81.1,71.6,89.6,0.268,111.0,5.9,1012.3
2020-02-07,25000,81.7,73.4,95.0,0.268,105.0,6.8,1012.5
2020-02-10,25000,82.8,73.4,91.4,0.268,103.0,4.8,1012.5
2020-02-11,25000,85.5,73.4,95.0,0.268,103.0,8.1,1012.8
2020-02-12,25000,84.9,78.8,95.0,0.268,122.0,10.2,1012.5
2020-02-13,25000,83.8,78.8,95.0,0.268,138.0,9.1,1011.5
2020-02-14,25000,82.0,77.0,89.6,0.268,154.0,7.6,1010.3
2020-02-17,25000,82.9,75.2,96.8,0.268,100.0,7.5,1012.8
2020-02-18,22000,82.6,77.0,91.4,0.268,86.0,4.3,1012.9
2020-02-19,22000,82.0,71.6,95.0,0.268,77.0,5.0,1013.1
2020-02-20,22000,83.5,73.4,93.2,0.268,5.0,4.2,1013.0
2020-02-21,22000,83.7,73.4,95.0,0.268,42.0,6.5,1014.1
2020-02-24,22000,82.9,71.6,95.0,0.268,74.0,4.7,1012.1
2020-02-25,25000,84.0,73.4,93.2,0.268,104.0,5.4,1010.8
2020-02-26,25000,84.4,75.2,96.8,0.268,104.0,7.8,1011.0
2020-02-27,25000,84.0,75.2,95.0,0.268,116.0,7.9,1010.2
2020-02-28,25000,83.7,73.4,95.0,0.268,102.0,6.2,1009.8
2020-03-02,25000,85.5,78.8,96.8,0.268,132.0,9.1,1009.7
2020-03-03,25000,84.6,78.8,95.0,0.268,114.0,7.5,1009.8
2020-03-04,25000,84.0,78.8,93.2,0.268,133.0,8.0,1010.0
2020-03-05,25000,84.4,78.8,93.2,0.268,137.0,9.2,1010.6
2020-03-09,25000,85.3,80.6,95.0,0.268,187.0,6.8,1007.9
2020-03-10,25000,85.8,80.6,95.0,0.268,167.0,6.7,1008.2
2020-03-11,25000,84.2,80.6,91.4,0.268,147.0,8.3,1010.6
2020-03-12,25000,86.4,78.8,96.8,0.268,137.0,9.1,1011.2
2020-03-13,25000,84.6,78.8,93.2,0.268,152.0,8.1,1011.5
2020-03-16,25000,86.5,78.8,98.6,0.268,113.0,8.0,1011.1
2020-03-17,25000,85.8,78.8,96.8,0.268,128.0,8.8,1011.5
2020-03-18,25000,85.3,78.8,95.0,0.268,144.0,8.6,1010.4
2020-03-19,25000,85.3,80.6,95.0,0.268,146.0,8.6,1010.3
2020-03-20,25000,84.7,78.8,93.2,0.268,144.0,9.6,1011.3
2020-03-23,25000,84.6,80.6,93.2,0.268,143.0,8.3,1010.0
2020-03-24,25000,84.9,78.8,93.2,0.268,139.0,8.9,1009.4
2020-03-25,25000,85.5,80.6,95.0,0.268,137.0,10.0,1008.3
2020-03-26,22000,85.5,80.6,93.2,0.268,140.0,9.4,1009.4
2020-03-27,22000,84.9,78.8,95.0,0.268,144.0,7.7,1009.8
2020-03-30,20000,86.4,80.6,95.0,0.268,146.0,7.8,1008.8
2020-03-31,20000,87.1,80.6,95.0,0.268,149.0,6.5,1009.1
2020-04-01,20000,86.7,80.6,95.0,0.268,145.0,8.5,1008.9
2020-04-02,20000,87.1,80.6,96.8,0.268,136.0,9.1,1009.6
2020-04-03,12000,88.0,82.4,98.6,0.268,132.0,10.1,1010.0
2020-04-06,10000,87.3,80.6,95.0,0.268,139.0,9.3,1009.8
2020-04-07,10000,86.0,82.4,93.2,0.268,149.0,8.0,1009.7
2020-04-08,10000,85.6,80.6,93.2,0.268,144.0,7.0,1010.2
2020-04-09,18000,85.3,78.8,95.0,0.268,109.0,8.0,1010.6
2020-04-10,18000,84.6,78.8,95.0,0.268,129.0,7.6,1011.4
2020-04-13,18000,81.5,78.8,87.8,0.268,71.0,4.5,1010.3
2020-04-14,18000,83.5,78.8,93.2,0.268,46.0,3.9,1010.7
2020-04-15,18000,84.7,77.0,95.0,0.268,4.0,4.1,1010.6
2020-04-16,18000,86.4,78.8,95.0,0.268,132.0,8.7,1009.7
2020-04-17,18000,85.8,80.6,95.0,0.268,137.0,9.2,1010.2
2020-04-20,16000,87.1,82.4,96.8,0.268,145.0,8.1,1009.8
2020-04-21,16000,87.6,80.6,98.6,0.268,139.0,8.3,1008.8
2020-04-22,16000,88.0,80.6,95.0,0.268,145.0,7.5,1008.9
2020-04-23,16000,89.6,84.2,98.6,0.268,139.0,9.1,1008.6
2020-04-24,16000,85.5,82.4,98.6,0.268,78.0,5.8,1009.0
2020-04-27,18000,84.7,77.0,95.0,0.268,62.0,4.2,1010.2
2020-04-28,18000,85.6,78.8,96.8,0.268,62.0,5.0,1009.7
2020-04-29,18000,87.8,78.8,96.8,0.268,117.0,6.2,1009.1
2020-05-04,22000,88.0,82.4,95.0,0.268,143.0,6.5,1008.5
2020-05-05,22000,88.5,84.2,96.8,0.268,161.0,6.5,1007.6
2020-05-06,22000,89.1,84.2,96.8,0.268,160.0,6.9,1007.4
2020-05-07,18000,88.9,82.4,95.0,0.268,148.0,8.0,1006.8
2020-05-08,18000,88.9,84.2,96.8,0.268,159.0,6.3,1007.1
2020-05-11,18000,89.2,86.0,96.8,0.268,159.0,7.0,1008.3
2020-05-12,18000,89.4,84.2,98.6,0.268,138.0,5.9,1008.0
2020-05-13,20000,89.6,84.2,98.6,0.268,143.0,8.0,1007.8
2020-05-14,20000,89.4,84.2,98.6,0.268,125.0,8.0,1007.6
2020-05-15,25000,88.5,84.2,96.8,0.268,146.0,7.3,1005.5
2020-05-18,25000,89.4,82.4,98.6,0.268,216.0,6.8,1005.2
2020-05-19,25000,86.5,77.0,100.4,0.268,206.0,7.1,1005.6
2020-05-20,25000,83.8,80.6,91.4,0.268,185.0,4.7,1006.7
2020-05-21,25000,89.1,78.8,96.8,0.268,236.0,5.4,1006.8
2020-05-22,25000,87.6,82.4,96.8,0.268,199.0,6.5,1006.3
2020-05-25,25000,83.1,78.8,95.0,0.268,184.0,2.9,1010.3
2020-05-26,25000,88.9,78.8,96.8,0.268,227.0,5.1,1009.8
2020-05-27,25000,85.8,73.4,95.0,0.268,246.0,4.2,1009.3
2020-05-28,28000,84.4,80.6,93.2,0.268,207.0,3.6,1009.2
2020-05-29,28000,84.4,78.8,93.2,0.268,190.0,4.2,1009.6
2020-06-01,28000,84.4,75.2,96.8,0.268,300.0,4.8,1010.0
2020-06-02,28000,82.2,75.2,91.4,0.268,206.0,4.3,1009.6
2020-06-03,28000,83.7,77.0,95.0,0.268,186.0,3.9,1008.1
2020-06-04,28000,81.3,77.0,91.4,0.268,270.0,3.4,1008.4
2020-06-05,28000,83.7,77.0,91.4,0.268,230.0,4.7,1008.5
2020-06-08,28000,88.0,78.8,95.0,0.268,255.0,6.7,1006.7
2020-06-09,28000,85.5,75.2,93.2,0.268,223.0,6.0,1007.1
2020-06-10,28000,80.1,77.0,89.6,0.268,232.0,5.7,1007.9
2020-06-11,28000,84.0,77.0,89.6,0.268,290.0,4.3,1006.7
2020-06-12,28000,86.0,77.0,93.2,0.268,256.0,6.7,1004.7
2020-06-15,20000,81.7,77.0,91.4,0.268,193.0,4.8,1009.0
2020-06-16,20000,82.4,75.2,91.4,0.268,195.0,3.7,1008.8
2020-06-17,20000,82.2,77.0,93.2,0.268,354.0,3.3,1008.3
2020-06-18,20000,86.5,78.8,95.0,0.268,316.0,5.3,1007.8
2020-06-19,20000,85.5,80.6,93.2,0.268,247.0,4.2,1007.6
2020-06-22,25000,84.7,77.0,93.2,0.268,185.0,3.7,1006.5
2020-06-23,25000,86.7,78.8,95.0,0.268,228.0,3.0,1007.1
2020-06-24,25000,83.5,77.0,95.0,0.268,239.0,4.5,1007.3
2020-06-25,25000,80.4,77.0,89.6,0.268,254.0,4.5,1007.3
2020-06-26,25000,82.6,77.0,93.2,0.268,249.0,4.0,1007.4
2020-06-29,25000,79.0,75.2,86.0,0.268,241.0,4.5,1007.9
2020-06-30,25000,80.4,77.0,87.8,0.268,254.0,4.3,1007.6
2020-07-01,25000,82.9,77.0,89.6,0.268,281.0,5.8,1006.5
2020-07-02,25000,81.9,75.2,89.6,0.268,244.0,8.7,1006.0
2020-07-03,25000,81.3,77.0,84.2,0.268,229.0,6.3,1007.9
2020-07-06,25000,82.6,78.8,86.0,0.268,170.0,4.4,1006.3
2020-07-07,25000,85.3,80.6,91.4,0.268,164.0,6.4,1008.3
2020-07-08,25000,79.9,75.2,87.8,0.268,182.0,3.0,1008.5
2020-07-09,25000,85.6,75.2,93.2,0.268,263.0,3.6,1006.3
2020-07-10,25000,83.8,80.6,93.2,0.268,225.0,5.1,1007.2
2020-07-13,25000,81.5,77.0,89.6,0.268,236.0,5.2,1007.0
2020-07-14,25000,84.7,75.2,96.8,0.268,319.0,4.7,1006.6
2020-07-17,25000,85.8,78.8,93.2,0.268,174.0,5.3,1007.1
2020-07-20,25000,82.0,75.2,91.4,0.268,237.0,3.4,1007.1
2020-07-21,25000,82.4,77.0,89.6,0.268,137.0,3.5,1007.8
2020-07-22,25000,86.4,78.8,93.2,0.268,188.0,3.4,1007.4
2020-07-23,25000,81.1,73.4,94.5,0.268,188.0,4.5,1007.8
2020-07-24,25000,80.2,75.2,91.4,0.268,238.0,3.8,1008.0
2020-07-27,25000,85.6,78.8,95.0,0.268,212.0,4.0,1006.5
2020-07-28,25000,82.6,75.2,91.4,0.268,250.0,4.5,1007.0
2020-08-10,27000,81.3,75.2,87.8,0.268,246.0,7.8,1007.8
2020-08-11,25000,86.4,80.6,91.4,0.268,251.0,10.2,1007.4
2020-08-12,27000,81.7,78.8,87.8,0.268,220.0,6.6,1008.4
2020-08-13,27000,80.4,77.0,87.8,0.268,205.0,5.0,1008.8
2020-08-14,27000,81.3,77.0,89.6,0.268,201.0,3.5,1008.4
2020-08-17,27000,84.6,77.0,91.4,0.268,281.0,5.6,1006.7
2020-08-18,27000,84.6,78.8,93.2,0.268,278.0,5.3,1006.1
2020-08-19,27000,81.1,77.0,89.6,0.268,259.0,7.1,1006.6
2020-08-21,27000,85.6,78.8,93.2,0.268,249.0,5.8,1007.7
2020-08-24,27000,84.0,78.8,93.2,0.268,239.0,4.5,1008.8
2020-08-25,27000,86.9,78.8,95.0,0.268,255.0,5.2,1007.8
2020-08-26,27000,87.1,80.6,95.0,0.268,250.0,8.6,1007.0
2020-08-27,27000,86.5,80.6,93.2,0.268,252.0,9.9,1005.8
2020-08-31,32000,83.7,78.8,95.0,0.268,267.0,4.7,1006.3
2020-09-01,32000,81.0,77.0,89.6,0.268,320.0,3.8,1006.9
2020-09-03,32000,85.3,77.0,91.4,0.268,290.0,3.6,1007.4
2020-09-07,32000,84.4,75.2,93.2,0.268,270.0,5.7,1007.3
2020-09-08,32000,85.5,78.8,91.4,0.268,244.0,4.7,1008.3
2020-09-10,32000,82.8,75.2,93.2,0.268,299.0,4.1,1006.5
2020-09-11,32000,82.6,77.0,93.2,0.268,316.0,3.1,1007.3
2020-09-14,32000,79.2,75.2,86.0,0.268,311.0,3.7,1008.5
2020-09-15,32000,81.9,75.2,87.8,0.268,294.0,4.7,1008.2
2020-09-23,32000,81.1,73.4,89.6,0.268,176.0,4.0,1008.6
2020-09-24,32000,82.2,77.0,91.4,0.268,325.0,3.2,1009.6
2020-09-25,32000,81.9,75.2,91.4,0.268,325.0,6.0,1008.3
2020-09-28,32000,81.1,77.0,87.8,0.268,219.0,6.5,1007.0
2020-09-29,32000,80.8,77.0,86.0,0.268,260.0,5.7,1008.1
2020-10-06,32000,82.0,77.0,86.0,0.268,307.0,4.2,1006.6
2020-10-07,32000,78.4,77.0,82.4,0.268,184.0,4.7,1004.8
2020-10-08,32000,81.7,77.0,89.6,0.268,184.0,4.3,1005.0
2020-10-09,32000,79.0,77.0,86.0,0.268,184.0,3.4,1006.2
2020-10-12,32000,80.8,77.0,87.8,0.268,278.0,6.2,1003.5
2020-10-13,32000,80.2,77.0,86.0,0.268,260.0,6.3,1004.2
2020-10-14,32000,78.4,77.0,80.6,0.268,217.0,5.2,1005.2
2020-10-15,32000,79.9,77.0,87.8,0.268,261.0,6.1,1005.3
2020-10-19,32000,82.6,77.0,87.8,0.268,262.0,4.3,1007.7
2020-10-20,32000,83.3,77.0,89.6,0.268,316.0,5.0,1007.5
2020-10-21,32000,82.0,78.8,87.8,0.268,322.0,5.1,1006.9
2020-10-22,32000,84.4,77.0,91.4,0.268,322.0,3.7,1006.8
2020-10-23,32000,82.8,78.8,89.6,0.268,287.0,5.0,1008.0
2020-10-26,32000,82.8,77.0,89.6,0.268,293.0,5.2,1008.2
2020-10-27,32000,81.5,77.0,87.8,0.268,315.0,7.6,1006.3
2020-10-28,32000,80.8,78.8,84.2,0.268,279.0,8.1,1005.3
2020-10-29,32000,80.8,77.0,91.4,0.268,219.0,6.8,1008.2
2020-11-02,32000,82.2,77.0,89.6,0.268,310.0,4.2,1009.6
2020-11-04,32000,81.7,78.8,89.6,0.268,262.0,5.2,1010.0
2020-11-05,32000,84.7,77.0,93.2,0.268,302.0,3.9,1009.5
2020-11-06,32000,81.1,78.8,86.0,0.268,316.0,4.4,1009.9
2020-11-09,32000,81.3,73.4,87.8,0.268,359.0,5.5,1008.3
2020-11-10,32000,78.1,77.0,84.2,0.268,323.0,10.1,1007.3
2020-11-11,32000,78.6,71.6,86.0,0.268,12.0,4.6,1009.5
2020-11-12,32000,81.1,73.4,91.4,0.268,12.0,3.9,1010.3
2020-11-13,32000,81.1,75.2,87.8,0.268,317.0,3.8,1008.6
2020-11-16,32000,82.9,75.2,95.0,0.268,14.0,3.6,1009.7
2020-11-17,32000,84.9,77.0,93.2,0.268,76.0,3.6,1008.3
2020-11-18,35000,83.7,77.0,91.4,0.268,35.0,3.6,1007.9
2020-11-19,35000,83.3,78.8,91.4,0.268,110.0,4.7,1007.9
2020-11-20,35000,83.5,78.8,91.4,0.268,92.0,5.5,1008.4
2020-11-23,35000,81.7,77.0,91.4,0.268,343.0,3.5,1009.6
2020-11-24,35000,82.8,75.2,91.4,0.268,39.0,3.5,1009.5
2020-11-26,30000,83.1,78.8,89.6,0.268,56.0,3.7,1010.1
2020-11-27,30000,82.6,77.0,91.4,0.268,28.0,4.2,1010.1
2020-11-30,30000,81.1,75.2,87.8,0.268,33.0,4.1,1009.2
2020-12-01,30000,81.9,77.0,87.8,0.268,54.0,5.2,1010.0
2020-12-02,30000,82.2,75.2,91.4,0.268,57.0,4.2,1009.6
2020-12-03,30000,81.3,71.6,91.4,0.268,23.0,4.7,1009.5
2020-12-04,30000,80.2,71.6,89.6,0.268,25.0,6.0,1009.5
2020-12-07,30000,81.0,75.2,87.8,0.268,14.0,5.0,1010.5
2020-12-08,30000,82.0,73.4,89.6,0.268,33.0,5.9,1010.3
2020-12-09,30000,81.7,77.0,87.8,0.268,5.0,6.0,1009.0
2020-12-10,30000,80.2,77.0,87.8,0.268,349.0,4.0,1008.8
2020-12-11,30000,81.9,75.2,87.8,0.268,325.0,3.0,1009.2
2020-12-14,30000,82.8,77.0,93.2,0.268,70.0,4.1,1008.7
2020-12-15,30000,82.2,77.0,91.4,0.268,42.0,2.7,1010.0
2020-12-16,30000,82.9,75.2,91.4,0.268,42.0,3.3,1010.1
2020-12-17,30000,83.1,77.0,91.4,0.268,15.0,3.6,1009.3
2020-12-21,30000,79.9,71.6,87.8,0.268,9.0,10.8,1008.9
2020-12-22,30000,77.2,73.4,82.4,0.268,342.0,8.2,1008.1
2020-12-23,30000,78.4,73.4,87.8,0.268,329.0,6.6,1007.3
2020-12-28,30000,82.0,75.2,91.4,0.268,297.0,3.9,1008.3
2020-12-31,30000,78.8,75.2,84.2,0.268,25.0,8.1,1010.1
2021-01-04,30000,82.0,75.2,91.4,0.268,39.0,4.8,1009.5
2021-01-06,30000,82.6,75.2,89.6,0.268,71.0,4.5,1008.9
2021-01-07,30000,82.6,75.2,93.2,0.268,57.0,4.4,1008.3
2021-01-08,30000,81.7,75.2,91.4,0.268,355.0,3.7,1008.1
2021-01-11,30000,79.3,71.6,89.6,0.268,347.0,4.4,1010.5
2021-01-12,30000,75.9,69.8,87.8,0.268,11.0,6.5,1011.3
2021-01-13,30000,74.7,66.2,82.4,0.268,323.0,4.5,1011.6
2021-01-14,30000,76.8,64.4,86.0,0.268,230.0,3.8,1011.1
2021-01-15,30000,78.1,69.8,87.8,0.268,97.0,4.5,1009.6
2021-01-18,30000,78.1,69.8,87.8,0.268,29.0,6.3,1011.5
2021-01-19,30000,75.9,68.0,82.4,0.268,317.0,4.2,1011.3
2021-01-20,30000,80.2,71.6,87.8,0.268,280.0,3.8,1010.5
2021-01-21,30000,81.0,75.2,89.6,0.268,236.0,5.2,1009.8
2021-01-22,30000,79.5,75.2,86.0,0.268,211.0,5.5,1009.6
2021-01-25,30000,81.0,75.2,89.6,0.268,92.0,4.3,1010.0
2021-01-26,30000,82.0,77.0,91.4,0.268,90.0,4.3,1009.2
2021-01-28,35000,80.4,75.2,91.4,0.268,64.0,4.8,1010.6
2021-02-03,35000,79.9,73.4,87.8,0.268,170.0,4.2,1011.7
2021-02-18,35000,79.5,69.8,87.8,0.268,356.0,3.4,1013.3
2021-02-19,35000,83.8,69.8,91.4,0.268,35.0,5.2,1013.1
2021-02-22,35000,78.3,73.4,87.8,0.268,158.0,6.7,1011.3
2021-02-23,35000,80.1,71.6,89.6,0.268,107.0,5.6,1010.2
2021-02-24,35000,80.2,75.2,89.6,0.268,170.0,6.4,1009.2
2021-02-25,35000,81.1,73.4,89.6,0.268,174.0,5.6,1007.8
2021-02-26,35000,82.4,77.0,91.4,0.268,166.0,6.6,1006.6
2021-03-01,25000,84.4,77.0,93.2,0.268,140.0,8.9,1011.5
2021-03-02,25000,83.7,77.0,93.2,0.268,138.0,8.2,1011.3
2021-03-05,25000,83.5,75.2,96.8,0.268,131.0,10.5,1011.4
2021-03-08,25000,84.6,77.0,95.0,0.268,115.0,6.3,1011.6
2021-03-10,25000,84.7,77.0,95.0,0.268,99.0,5.8,1011.0
2021-03-11,25000,85.5,77.0,95.0,0.268,101.0,7.6,1010.9
2021-03-12,25000,86.2,78.8,95.0,0.268,120.0,6.4,1011.3
2021-03-15,25000,82.9,77.0,93.2,0.268,148.0,6.3,1009.3
2021-03-16,25000,82.2,77.0,89.6,0.268,149.0,8.0,1009.1
2021-03-17,25000,82.6,77.0,91.4,0.268,147.0,7.5,1009.1
2021-03-18,25000,83.7,78.8,89.6,0.268,150.0,7.8,1008.9
2021-03-19,25000,85.3,78.8,93.2,0.268,154.0,7.5,1007.9
2021-03-22,25000,86.7,78.8,96.8,0.268,75.0,5.7,1009.4
2021-03-23,35000,86.5,78.8,95.0,0.268,58.0,6.0,1009.3
2021-03-24,35000,87.3,80.6,95.0,0.268,108.0,7.5,1008.6
2021-03-25,25000,86.5,80.6,96.8,0.268,112.0,7.0,1008.6
2021-03-26,25000,85.8,78.8,98.1,0.268,119.0,9.4,1008.3
2021-03-29,25000,85.5,80.6,95.0,0.268,158.0,6.3,1007.7
2021-03-30,25000,85.6,80.6,96.8,0.268,192.0,6.8,1006.5
2021-03-31,25000,86.4,80.6,95.0,0.268,196.0,6.8,1005.5
2021-04-02,25000,86.7,82.4,98.6,0.268,207.0,6.5,1006.4
2021-04-05,23000,85.5,78.8,93.2,0.268,120.0,6.4,1009.5
2021-04-06,22000,86.7,78.8,95.0,0.268,120.0,8.2,1010.0
2021-04-07,22000,86.7,78.8,96.8,0.268,115.0,6.5,1010.0
2021-04-08,22000,83.7,80.6,91.4,0.268,121.0,6.5,1009.4
2021-04-09,22000,83.5,78.8,87.8,0.268,156.0,6.3,1009.5
2021-04-12,22000,84.9,78.8,95.0,0.268,124.0,7.1,1011.6
2021-04-13,22000,85.8,80.6,93.2,0.268,144.0,7.9,1010.9
2021-04-14,22000,84.6,82.4,95.0,0.268,169.0,6.2,1010.3
2021-04-15,19000,84.9,75.2,95.0,0.268,200.0,4.8,1009.4
2021-04-16,19000,82.2,71.6,93.2,0.268,189.0,7.0,1009.5
2021-04-19,19000,83.1,78.8,91.4,0.268,203.0,4.8,1009.5
2021-04-20,19000,86.2,78.8,93.2,0.268,228.0,4.7,1009.0
2021-04-22,19000,81.9,75.2,89.6,0.268,239.0,5.0,1009.0
2021-04-23,19000,82.8,77.0,91.4,0.268,258.0,5.2,1008.1
2021-04-27,19000,85.5,80.6,93.2,0.268,168.0,5.8,1010.0
2021-04-28,19000,86.2,80.6,93.2,0.268,127.0,7.3,1010.9
2021-04-29,19000,86.4,82.4,95.0,0.268,121.0,7.2,1010.2
2021-05-04,19000,88.5,80.6,96.8,0.268,106.0,6.5,1007.3
2021-05-07,19000,86.4,77.0,93.2,0.268,32.0,5.9,1010.0
2021-05-10,19000,87.6,82.4,93.2,0.268,147.0,7.1,1007.7
2021-05-11,21000,88.0,82.4,95.0,0.268,154.0,6.6,1007.3
2021-05-12,21000,87.6,82.4,95.0,0.268,146.0,4.9,1006.8
2021-05-13,21000,88.3,84.2,96.8,0.268,129.0,5.6,1006.1
2021-05-14,21000,87.1,84.2,93.2,0.268,143.0,6.7,1006.3
2021-05-17,21000,83.8,78.8,93.2,0.268,152.0,5.2,1007.6
2021-05-18,22000,85.3,78.8,93.2,0.268,181.0,4.8,1008.3
2021-05-19,22000,84.0,80.6,95.0,0.268,216.0,4.0,1007.6
2021-05-20,22000,88.3,78.8,95.0,0.268,198.0,4.2,1007.6
2021-05-21,19000,82.4,77.0,93.2,0.268,218.0,4.8,1007.7
2021-05-24,19000,80.8,77.0,86.0,0.268,293.0,5.4,1007.3
2021-05-25,19000,76.6,73.4,82.4,0.268,260.0,3.5,1008.1
2021-05-26,19000,81.3,75.2,86.0,0.268,241.0,5.2,1007.8
2021-05-27,19000,81.3,77.0,87.8,0.268,203.0,3.7,1008.3
2021-05-28,19000,84.9,78.8,91.4,0.268,195.0,3.9,1009.5
2021-05-31,19000,87.6,80.6,93.2,0.268,264.0,7.8,1006.4
2021-06-01,14000,85.6,82.4,93.2,0.268,240.0,6.2,1006.7
2021-06-02,14000,83.1,75.2,93.2,0.268,227.0,5.7,1007.3
2021-07-05,17000,80.8,77.0,87.8,0.268,228.0,4.7,1006.0
2021-07-06,17000,81.7,77.0,87.8,0.268,241.0,7.1,1005.8
2021-07-07,17000,81.9,77.0,93.2,0.268,233.0,7.6,1007.1
2021-07-08,17000,81.1,77.0,87.8,0.268,239.0,7.0,1007.6
2021-07-09,17000,82.6,77.0,87.8,0.268,212.0,7.7,1007.2
2021-07-12,17000,84.7,78.8,95.0,0.268,140.0,5.4,1008.5
2021-07-13,17000,84.4,77.0,93.2,0.268,139.0,4.2,1007.5
2021-07-14,17000,82.4,77.0,91.4,0.268,203.0,4.6,1006.9
2021-07-15,17000,80.2,77.0,89.6,0.268,261.0,5.1,1008.3
2021-07-16,17000,84.6,75.2,93.2,0.268,291.0,6.0,1009.3
2021-07-19,17000,79.5,71.6,91.4,0.268,266.0,7.1,1007.6
2021-07-22,20000,81.0,73.4,89.6,0.268,240.0,9.4,1007.7
2021-07-23,20000,81.0,73.4,86.0,0.268,245.0,8.9,1006.9
2021-07-26,20000,84.2,78.8,91.4,0.268,248.0,11.7,1006.8
2021-07-27,20000,81.1,77.0,91.4,0.268,250.0,11.4,1006.0
2021-07-28,20000,81.7,77.0,87.8,0.268,257.0,11.3,1005.8
2021-07-29,20000,79.5,77.0,89.6,0.268,242.0,9.2,1006.9
2021-07-30,20000,83.7,77.0,89.6,0.268,250.0,10.1,1007.7
2021-08-02,20000,83.8,78.8,89.6,0.268,249.0,12.6,1007.0
2021-08-03,20000,84.9,80.6,89.6,0.268,250.0,14.2,1007.6
2021-08-04,20000,83.8,80.6,91.4,0.268,253.0,12.4,1008.2
2021-08-05,20000,84.0,80.6,91.4,0.268,242.0,14.0,1008.0
2021-08-06,20000,84.9,80.6,91.4,0.268,248.0,12.4,1008.5
2021-08-09,20000,86.5,80.6,93.2,0.268,254.0,8.7,1007.2
2021-08-10,20000,83.7,78.8,95.0,0.268,219.0,7.6,1007.0
2021-08-11,20000,81.9,78.8,89.6,0.268,210.0,5.8,1009.2
2021-08-12,20000,82.8,77.0,87.8,0.268,214.0,4.8,1010.8
2021-08-13,20000,82.8,78.8,93.2,0.268,253.0,5.5,1009.2
2021-08-16,20000,83.5,77.0,95.0,0.268,312.0,4.0,1011.5
2021-08-17,20000,81.5,73.4,93.2,0.268,301.0,3.7,1010.7
2021-08-18,20000,82.2,73.4,93.2,0.268,244.0,3.5,1008.4
2021-08-19,20000,83.5,75.2,95.0,0.268,284.0,3.8,1008.3
2021-08-20,20000,81.7,75.2,91.4,0.268,164.0,3.2,1009.1
2021-08-23,20000,81.7,77.0,89.6,0.268,162.0,5.7,1007.9
2021-08-24,20000,80.6,75.2,87.8,0.268,205.0,5.3,1007.2
2021-08-25,20000,81.3,77.0,87.8,0.268,225.0,6.4,1007.5
2021-08-26,20000,80.1,77.0,87.8,0.268,182.0,5.7,1008.0
2021-08-27,20000,84.0,77.0,91.4,0.268,268.0,4.0,1007.5
2021-08-30,20000,81.1,73.4,91.4,0.268,248.0,3.5,1008.1
2021-08-31,20000,81.9,77.0,93.2,0.268,181.0,2.6,1008.8
2021-09-01,20000,83.1,77.0,91.4,0.268,191.0,4.1,1008.5
2021-09-06,20000,82.2,75.2,89.6,0.268,274.0,4.3,1008.9
2021-09-07,20000,82.8,77.0,91.4,0.268,272.0,4.0,1007.9
2021-09-08,20000,82.0,78.8,89.6,0.268,223.0,8.7,1006.5
2021-09-09,20000,80.4,77.0,89.6,0.268,220.0,9.3,1007.8
2021-09-10,20000,81.3,77.0,86.0,0.268,240.0,8.0,1008.3
2021-09-13,25000,80.4,77.0,89.6,0.268,257.0,7.2,1005.8
2021-09-14,25000,79.9,75.2,86.0,0.268,235.0,4.1,1008.0
2021-09-15,25000,82.2,77.0,87.8,0.268,208.0,5.1,1009.9
2021-09-16,25000,81.9,77.0,89.6,0.268,287.0,2.5,1009.5
2021-09-17,25000,81.7,77.0,91.4,0.268,172.0,2.4,1009.1
2021-09-20,25000,81.3,75.2,89.6,0.268,248.0,6.4,1008.4
2021-09-21,25000,80.8,77.0,89.6,0.268,199.0,4.3,1008.3
2021-09-22,25000,81.3,77.0,89.6,0.268,234.0,6.0,1008.2
2021-09-23,25000,82.6,77.0,89.6,0.268,298.0,4.8,1008.5
2021-09-24,25000,80.6,75.2,91.4,0.268,227.0,5.9,1008.4
2021-09-27,25000,85.1,75.2,91.4,0.268,122.0,4.5,1007.9
2021-09-28,25000,83.8,78.8,93.2,0.268,79.0,3.6,1008.1
2021-09-29,25000,83.5,78.8,91.4,0.268,259.0,3.5,1007.7
2021-09-30,25000,81.9,77.0,89.6,0.268,229.0,3.5,1008.7
2021-10-01,20000,81.1,77.0,89.6,0.268,305.0,3.5,1009.3
2021-10-04,20000,82.0,77.0,89.6,0.268,331.0,2.7,1006.9
2021-10-05,20000,81.3,75.2,89.6,0.268,232.0,3.9,1005.8
2021-10-06,20000,80.2,77.0,84.2,0.268,262.0,3.5,1004.7
2021-10-07,20000,80.2,75.2,86.0,0.268,274.0,5.2,1003.9
2021-10-08,20000,82.8,77.0,87.8,0.268,258.0,9.1,1004.6
2021-10-11,20000,79.5,75.2,86.0,0.268,253.0,8.5,1005.4
2021-10-12,20000,81.9,77.0,87.8,0.268,257.0,10.5,1005.2
2021-10-13,20000,83.5,78.8,89.6,0.268,260.0,10.6,1004.0
2021-10-14,20000,83.8,80.6,89.6,0.268,230.0,8.5,1005.3
2021-10-15,20000,82.0,77.0,93.2,0.268,268.0,5.3,1006.4
2021-10-18,20000,83.8,78.8,89.6,0.268,142.0,4.3,1010.0
2021-10-19,20000,84.4,78.8,91.4,0.268,150.0,5.0,1012.3
2021-10-20,20000,80.2,77.0,89.6,0.268,314.0,2.9,1012.3
2021-10-21,20000,82.0,77.0,89.6,0.268,89.0,4.0,1011.8
2021-10-26,20000,82.6,77.0,89.6,0.268,17.0,5.5,1008.3
2021-10-27,20000,79.0,75.2,84.2,0.268,323.0,5.4,1008.7
2021-10-28,20000,84.4,75.2,91.4,0.268,120.0,5.8,1010.3
2021-10-29,30000,83.8,78.8,95.0,0.268,112.0,5.4,1011.5
2021-11-02,30000,84.7,77.0,93.2,0.268,85.0,3.9,1010.8
2021-11-03,15000,85.1,77.0,93.2,0.268,81.0,3.2,1009.8
2021-11-05,15000,83.8,77.0,91.4,0.268,90.0,5.2,1008.6
2021-11-09,15000,82.6,77.0,89.6,0.268,22.0,2.7,1009.0
2021-11-10,15000,83.5,77.0,91.4,0.268,27.0,5.7,1009.0
2021-11-11,15000,79.9,77.0,87.8,0.268,20.0,3.6,1009.3
2021-11-12,15000,82.6,75.2,93.2,0.268,22.0,3.9,1009.3
2021-11-15,15000,82.2,75.2,89.6,0.268,69.0,4.5,1008.5
2021-11-16,15000,81.9,77.0,89.6,0.268,56.0,4.2,1008.8
2021-11-17,15000,82.2,77.0,93.2,0.268,17.0,2.7,1009.0
2021-11-18,15000,82.0,77.0,89.6,0.268,32.0,3.1,1008.3
2021-11-19,15000,83.5,77.0,91.4,0.268,322.0,3.9,1007.2
2021-11-23,15000,81.3,75.2,91.4,0.268,1.0,2.0,1009.0
2021-11-24,15000,84.0,75.2,93.2,0.268,33.0,2.6,1009.6
2021-11-25,15000,82.0,77.0,89.6,0.268,23.0,4.4,1009.9
2021-11-26,15000,82.2,75.2,89.6,0.268,20.0,5.2,1009.3
2021-11-29,15000,80.4,77.0,86.0,0.268,47.0,3.7,1007.8
2021-11-30,15000,78.3,77.0,84.2,0.268,77.0,5.4,1009.2
2021-12-01,15000,79.9,75.2,87.8,0.268,24.0,4.8,1010.3
2021-12-02,15000,79.3,71.6,87.8,0.268,3.0,3.9,1011.5
2021-12-06,15000,80.1,69.8,87.8,0.268,2.0,4.5,1011.3
2021-12-07,20000,79.2,71.6,87.8,0.268,354.0,3.9,1012.0
2021-12-08,20000,82.6,69.8,89.6,0.268,13.0,2.9,1012.0
2021-12-09,20000,80.2,77.0,87.8,0.268,12.0,3.1,1012.3
2021-12-10,20000,80.8,71.6,91.4,0.268,30.0,4.3,1012.0
2021-12-14,20000,81.9,73.4,89.6,0.268,43.0,4.7,1009.4
2021-12-15,20000,84.0,75.2,93.2,0.268,34.0,4.3,1009.0
2021-12-16,20000,83.8,78.8,89.6,0.268,40.0,2.9,1009.5
2021-12-17,20000,81.9,77.0,89.6,0.268,46.0,3.2,1009.7
2021-12-20,20000,80.1,73.4,87.8,0.268,331.0,4.8,1011.9
2021-12-21,20000,82.0,73.4,91.4,0.268,126.0,4.8,1011.9
2021-12-22,20000,79.9,77.0,87.8,0.268,95.0,3.9,1011.4
2021-12-23,20000,81.0,77.0,89.6,0.268,30.0,3.9,1011.0
2021-12-24,20000,79.0,73.4,89.6,0.268,5.0,3.7,1011.2
2021-12-27,20000,81.1,75.2,91.4,0.268,345.0,3.2,1012.8
2021-12-28,20000,80.2,73.4,87.8,0.268,32.0,3.2,1012.2
2021-12-29,20000,81.7,75.2,89.6,0.268,16.0,4.3,1012.3
2021-12-30,20000,82.2,75.2,91.4,0.268,48.0,7.2,1013.4
2021-12-31,20000,81.3,73.4,91.4,0.268,38.0,5.9,1013.3
2022-01-04,20000,81.0,75.2,89.6,0.268,40.0,4.0,1011.5
2022-01-05,20000,82.2,75.2,89.6,0.268,94.0,4.0,1011.4
2022-01-06,20000,81.5,75.2,87.8,0.268,54.0,2.9,1011.8
2022-01-07,20000,82.4,78.8,91.4,0.268,34.0,3.7,1012.3
2022-01-11,20000,81.3,75.2,93.2,0.268,98.0,5.0,1012.5
2022-01-14,20000,80.2,71.6,91.4,0.268,66.0,4.6,1013.2
2022-01-17,20000,81.3,75.2,89.6,0.268,112.0,3.7,1012.4
2022-01-18,20000,81.5,73.4,91.4,0.268,71.0,3.7,1011.6
2022-02-18,30000,84.4,78.8,93.2,0.268,146.0,9.1,1008.7
2022-02-21,30000,81.7,77.0,93.2,0.268,149.0,5.1,1010.5
2022-03-04,30000,85.3,77.0,95.0,0.268,96.0,6.1,1009.5
2022-03-07,30000,84.7,78.8,95.0,0.268,113.0,7.4,1009.6
2022-03-08,30000,85.3,77.0,96.8,0.268,111.0,5.3,1009.3
2022-03-09,30000,82.9,77.0,93.2,0.268,96.0,6.8,1009.0
2022-03-10,30000,81.7,77.0,87.8,0.268,148.0,5.0,1008.8
2022-03-11,30000,84.0,77.0,93.2,0.268,282.0,4.7,1007.5
2022-03-14,30000,85.1,80.6,95.0,0.268,137.0,8.3,1007.9
2022-03-15,30000,85.5,80.6,95.0,0.268,147.0,8.1,1007.4
2022-03-17,30000,85.1,78.8,93.2,0.268,148.0,7.0,1007.2
2022-03-18,30000,84.9,78.8,93.2,0.268,157.0,6.5,1007.4
2022-03-21,30000,84.9,80.6,93.2,0.268,139.0,8.8,1009.5
2022-03-22,30000,82.8,78.8,91.4,0.268,127.0,7.6,1010.2
2022-03-23,30000,85.3,77.0,95.0,0.268,135.0,6.2,1009.6
2022-03-24,30000,86.2,80.6,95.0,0.268,146.0,8.0,1009.2
2022-03-25,30000,86.5,80.6,95.0,0.268,146.0,9.4,1009.8
2022-03-30,30000,84.0,75.2,93.2,0.268,307.0,6.1,1008.2
2022-03-31,30000,82.8,77.0,91.4,0.268,206.0,4.3,1008.0
2022-04-05,30000,82.0,75.2,93.2,0.268,11.0,4.8,1011.9
2022-04-06,22000,84.0,77.0,93.2,0.268,295.0,3.7,1010.9
2022-04-07,22000,83.8,77.0,91.4,0.268,1.0,4.5,1010.0
2022-04-08,22000,85.3,77.0,93.2,0.268,302.0,5.5,1009.6
2022-04-12,20000,85.3,78.8,91.4,0.268,174.0,6.4,1007.8
2022-04-13,20000,86.4,80.6,95.0,0.268,218.0,6.5,1006.5
2022-04-14,20000,85.6,80.6,95.0,0.268,221.0,6.5,1006.5
2022-04-18,20000,85.8,82.4,91.4,0.268,131.0,8.4,1008.9
2022-04-19,20000,85.8,78.8,93.2,0.268,134.0,5.2,1009.7
2022-04-20,15000,85.5,78.8,95.0,0.268,100.0,5.7,1009.3
2022-04-21,15000,86.7,80.6,95.0,0.268,125.0,8.6,1008.7
2022-04-22,15000,87.1,80.6,95.0,0.268,137.0,8.6,1009.2
2022-04-25,15000,87.3,82.4,93.2,0.268,156.0,7.4,1007.2
2022-04-26,15000,86.5,78.8,95.0,0.268,172.0,5.8,1007.2
2022-04-27,15000,89.1,80.6,96.8,0.268,52.0,4.3,1006.6
2022-04-28,15000,87.6,84.2,95.0,0.268,154.0,8.0,1007.0
2022-04-29,15000,78.4,73.4,84.2,0.268,254.0,4.8,1007.5
2022-05-04,15000,80.4,77.0,91.4,0.268,341.0,4.7,1009.0
2022-05-05,15000,82.8,75.2,89.6,0.268,119.0,5.2,1007.4
2022-05-06,15000,85.8,77.0,93.2,0.268,109.0,6.3,1007.1
2022-05-09,15000,86.5,80.6,95.0,0.268,128.0,9.7,1007.8
2022-05-10,15000,85.5,80.6,95.0,0.268,122.0,6.8,1008.0
2022-05-11,15000,86.4,80.6,95.0,0.268,159.0,5.5,1007.8
2022-05-16,15000,83.5,80.6,89.6,0.268,221.0,4.8,1008.4
2022-05-17,15000,84.0,77.0,91.4,0.268,209.0,5.2,1008.9
2022-05-18,15000,81.0,78.8,86.0,0.268,164.0,3.9,1009.5
2022-05-19,15000,81.7,77.0,91.4,0.268,242.0,3.2,1010.0
2022-05-26,15000,82.8,73.4,91.4,0.268,283.0,7.6,1006.5
2022-05-31,15000,86.5,78.8,93.2,0.74,230.0,5.0,1005.5
2022-06-07,15000,86.5,80.6,93.2,0.185,280.0,5.4,1006.9
2022-06-08,15000,88.0,80.6,95.0,0.272,312.0,4.8,1007.3
2022-06-09,15000,86.7,75.2,96.8,0.106,286.0,4.8,1006.8
2022-06-10,15000,85.8,78.8,93.2,0.543,287.0,4.8,1007.5
2022-06-13,20000,84.7,77.0,91.4,0.118,212.0,4.6,1008.1
2022-06-14,20000,86.5,78.8,93.2,0.15,206.0,5.3,1008.0
2022-06-16,20000,86.4,78.8,93.2,0.402,204.0,3.7,1009.2
2022-06-17,20000,84.7,80.6,91.4,0.37,217.0,3.9,1009.0
2022-06-20,20000,83.1,77.0,93.2,0.22,206.0,4.5,1006.3
2022-06-23,20000,80.4,77.0,91.4,0.453,209.0,4.7,1008.8
2022-06-24,20000,81.1,75.2,89.6,0.291,200.0,4.7,1007.6
2022-06-27,20000,84.6,78.8,93.2,0.114,248.0,4.2,1008.0
2022-07-08,20000,81.3,77.0,89.6,0.563,261.0,6.4,1006.9
2022-07-13,20000,81.3,77.0,87.8,0.335,266.0,10.3,1004.1
2022-07-14,20000,81.9,77.0,87.8,0.15,258.0,8.1,1004.8
2022-07-15,20000,81.7,77.0,89.6,0.339,256.0,7.1,1006.2
2022-07-18,20000,83.7,78.8,91.4,0.449,261.0,6.7,1007.0
2022-07-19,20000,81.0,77.0,89.6,0.496,258.0,6.1,1006.0
2022-07-20,20000,78.4,77.0,86.0,0.976,190.0,5.3,1006.9
2022-07-21,20000,78.1,77.0,84.2,0.752,169.0,4.2,1009.5
2022-07-22,20000,84.2,75.2,95.0,0.0,46.0,4.1,1009.9
2022-07-25,30000,85.6,78.8,95.0,0.354,121.0,6.1,1007.5
2022-07-26,30000,82.2,77.0,89.6,0.079,119.0,4.3,1008.0
2022-07-27,30000,83.1,77.0,89.6,0.193,194.0,4.2,1007.5
2022-07-29,30000,85.5,77.0,95.0,0.035,251.0,5.8,1006.8
2022-08-01,30000,82.0,77.0,91.4,0.72,199.0,5.2,1006.3
2022-08-02,30000,82.9,78.8,89.6,0.547,237.0,5.4,1007.3
2022-08-03,30000,82.2,78.8,91.4,0.819,270.0,5.8,1008.4
2022-08-04,30000,81.1,77.0,87.8,0.256,271.0,4.4,1008.2
2022-08-05,30000,82.6,77.0,89.6,0.823,292.0,5.8,1007.6
2022-08-08,30000,79.7,75.2,86.0,0.74,262.0,8.4,1006.6
2022-08-09,30000,82.0,77.0,89.6,0.543,267.0,9.2,1006.0
2022-08-10,30000,83.7,78.8,89.6,0.268,253.0,12.1,1005.9
2022-08-11,30000,78.6,77.0,86.0,0.185,235.0,8.1,1007.6
2022-08-15,30000,80.2,73.4,89.6,0.307,224.0,6.5,1007.8
2022-08-16,30000,80.6,77.0,89.6,0.276,218.0,4.8,1007.8
2022-08-17,30000,82.2,78.8,89.6,0.169,232.0,6.1,1008.1
2022-08-18,30000,84.4,78.8,91.4,0.354,256.0,6.5,1007.5
2022-08-22,30000,84.4,78.8,95.0,0.067,237.0,6.2,1007.5
2022-08-23,30000,84.2,77.0,91.4,0.28,253.0,6.4,1007.3
2022-08-24,30000,82.9,77.0,91.4,0.22,259.0,5.0,1006.5
2022-09-07,30000,79.3,77.0,84.2,0.457,263.0,4.7,1008.7
2022-09-08,30000,81.3,77.0,87.8,0.598,239.0,8.7,1010.2
2022-09-09,30000,85.3,77.0,93.2,0.134,243.0,4.8,1009.8
2022-09-12,30000,80.8,77.0,91.4,0.256,126.0,3.6,1008.5
2022-09-13,30000,83.8,77.0,91.4,0.374,190.0,4.3,1009.2
2022-09-14,30000,82.2,77.0,89.6,0.374,241.0,8.5,1010.3
2022-09-16,30000,82.8,77.0,89.6,0.37,252.0,7.3,1007.5
2022-09-19,30000,81.5,75.2,89.6,0.642,276.0,5.1,1008.5
2022-09-20,30000,82.0,77.0,87.8,0.492,269.0,5.8,1007.4
2022-09-21,30000,83.5,77.0,91.4,0.327,238.0,6.6,1006.8
2022-09-22,30000,82.0,78.8,89.6,0.315,229.0,8.1,1007.8
2022-09-23,30000,82.8,77.0,91.4,0.106,241.0,5.8,1008.2
2022-09-26,30000,78.4,75.2,87.8,0.752,318.0,5.3,1008.3
2022-09-27,30000,79.7,73.4,86.0,0.508,288.0,6.8,1005.7
2022-09-28,30000,79.9,77.0,87.8,0.492,249.0,12.7,1002.9
2022-09-29,30000,79.3,75.2,86.0,0.106,217.0,8.6,1005.6
2022-09-30,23000,81.9,77.0,87.8,0.102,229.0,6.3,1008.1
2022-10-03,30000,83.1,77.0,89.6,0.146,125.0,6.5,1008.2
2022-10-04,30000,83.1,77.0,89.6,0.047,76.0,6.1,1009.1
2022-10-05,30000,83.5,77.0,91.4,1.248,127.0,6.4,1009.6
2022-10-06,30000,81.1,77.0,87.8,0.134,132.0,5.2,1010.4
2022-10-07,30000,82.9,77.0,93.2,0.409,74.0,3.9,1009.5
2022-10-10,30000,80.6,75.2,89.6,0.425,17.0,4.2,1011.0
2022-10-11,30000,80.8,75.2,87.8,0.193,305.0,3.6,1010.3
2022-10-13,30000,83.8,77.0,91.4,0.008,332.0,6.1,1007.5
2022-10-14,30000,80.4,77.0,87.8,0.0,328.0,5.8,1006.4
2022-10-17,30000,84.6,75.2,91.4,0.142,306.0,5.3,1009.1
2022-10-18,30000,82.9,77.0,93.2,0.492,76.0,4.8,1008.5
2022-10-19,30000,78.3,75.2,84.2,0.764,159.0,5.2,1008.8
2022-10-20,30000,80.2,75.2,84.2,0.508,125.0,6.9,1010.3
2022-10-21,30000,84.0,77.0,91.4,0.441,131.0,5.2,1010.8
2022-10-24,30000,82.8,73.4,95.0,0.445,300.0,3.9,1009.4
2022-10-25,30000,81.9,75.2,89.6,0.24,260.0,5.3,1009.6
2022-10-26,30000,83.8,77.0,89.6,0.283,147.0,4.2,1009.0
2022-10-27,30000,80.1,77.0,89.6,0.224,333.0,4.8,1008.7
2022-10-31,30000,84.0,75.2,93.2,0.0,4.0,5.6,1007.8
2022-11-01,30000,82.2,77.0,89.6,0.008,7.0,5.1,1008.7
2022-11-02,30000,81.7,77.0,87.8,0.083,111.0,3.7,1009.6
2022-11-03,30000,78.1,75.2,84.2,0.878,83.0,4.2,1010.4
2022-11-07,30000,82.0,75.2,91.4,0.0,291.0,3.1,1011.2
2022-11-08,30000,83.5,77.0,91.4,0.0,3.0,3.8,1010.5
2022-11-09,30000,84.4,77.0,91.4,0.024,28.0,3.1,1010.3
2022-11-14,25000,82.9,77.0,91.4,0.327,88.0,5.0,1009.2
2022-11-15,25000,82.9,77.0,91.4,0.28,104.0,4.7,1009.2
2022-11-16,25000,82.6,75.2,93.2,0.024,40.0,4.6,1008.3
2022-11-17,25000,83.5,77.0,91.4,0.425,67.0,3.6,1008.0
2022-11-18,25000,82.9,78.8,91.4,0.366,304.0,5.0,1008.6
2022-11-21,25000,79.9,75.2,84.2,0.52,323.0,3.2,1005.3
2022-11-22,25000,78.8,77.0,84.2,0.287,305.0,3.0,1006.2
2022-11-23,32000,79.3,77.0,86.0,0.272,143.0,6.2,1007.8
2022-11-24,32000,80.4,77.0,86.0,0.228,123.0,8.5,1009.6
2022-11-25,32000,82.6,77.0,89.6,0.354,133.0,7.4,1010.6
2022-11-28,32000,84.0,78.8,91.4,0.319,128.0,7.0,1009.4
2022-11-29,32000,83.7,78.8,91.4,0.067,123.0,6.4,1009.5
2022-12-05,32000,83.5,77.0,91.4,0.075,93.0,4.5,1009.5
2022-12-08,32000,84.0,75.2,91.4,0.0,44.0,3.1,1008.4
2022-12-13,32000,80.4,70.9,89.6,0.0,329.0,4.5,1010.5
2022-12-14,32000,79.9,73.4,86.0,0.0,344.0,3.3,1010.8
2022-12-19,32000,79.7,71.6,89.6,0.0,17.0,5.5,1009.0
2022-12-20,32000,81.5,71.6,89.6,0.0,318.0,4.0,1008.4
2022-12-23,32000,77.7,69.8,89.6,0.0,54.0,6.0,1010.2
2022-12-26,32000,78.4,68.0,87.8,0.0,23.0,4.3,1013.8
2022-12-27,32000,77.4,71.6,84.2,0.0,325.0,2.9,1013.7
2023-01-03,32000,82.8,75.2,91.4,0.039,28.0,6.0,1012.3
2023-01-09,32000,79.9,77.0,87.8,0.929,58.0,4.8,1011.7
2023-01-10,35000,79.7,75.2,84.2,0.638,104.0,7.6,1011.2
2023-01-16,45000,82.6,77.0,93.2,0.008,128.0,5.5,1010.4
2023-01-17,45000,81.3,73.4,89.6,0.004,8.0,4.5,1011.1
2023-01-30,45000,77.7,69.8,86.0,0.0,317.0,5.8,1011.8
2023-01-31,45000,81.9,69.8,91.4,0.0,223.0,4.5,1010.1
2023-02-01,45000,81.7,75.2,87.8,0.016,271.0,4.5,1009.5
2023-02-02,45000,82.0,75.2,89.6,0.098,104.0,4.7,1009.8
2023-02-03,45000,84.6,77.0,93.2,0.0,114.0,7.7,1010.3
2023-02-06,45000,84.4,77.0,93.2,0.0,128.0,7.7,1009.5
2023-02-07,45000,83.5,78.8,93.2,0.024,142.0,8.6,1009.8
2023-02-08,45000,84.6,77.0,95.0,0.016,127.0,4.7,1009.6
2023-02-09,45000,84.9,78.8,95.0,0.02,126.0,8.9,1009.5
2023-02-10,45000,84.6,78.8,95.0,0.0,129.0,8.8,1009.9
2023-02-13,45000,82.9,78.8,91.4,0.0,169.0,7.7,1010.6
2023-02-14,45000,82.4,77.0,91.4,0.0,148.0,6.0,1010.4
2023-02-15,45000,82.6,77.0,93.2,0.0,109.0,5.5,1010.8
2023-02-17,25000,83.8,73.4,93.2,0.024,97.0,5.4,1011.5
2023-02-20,25000,81.3,75.2,91.4,0.0,316.0,4.5,1010.9
2023-02-21,25000,82.0,73.4,93.2,0.0,27.0,4.6,1011.8
2023-02-22,25000,81.9,73.4,91.4,0.035,2.0,4.5,1011.8
2023-02-24,25000,81.7,75.2,93.2,0.0,86.0,5.4,1010.9
2023-02-27,25000,82.8,71.6,93.2,0.0,42.0,5.2,1014.5
2023-02-28,25000,83.8,75.2,93.2,0.0,68.0,4.9,1013.3
2023-03-01,25000,83.8,77.0,95.0,0.0,131.0,4.8,1013.4
2023-03-03,27000,80.2,73.4,91.4,0.0,4.0,5.7,1014.5
2023-03-07,27000,80.8,69.8,93.2,0.0,97.0,5.3,1013.7
2023-03-08,27000,81.1,71.6,91.4,0.0,118.0,4.9,1013.6
2023-03-09,27000,81.1,73.4,91.4,0.0,118.0,6.3,1012.5
2023-03-10,27000,80.8,71.6,91.4,0.0,131.0,5.9,1011.8
2023-03-13,27000,81.9,73.4,91.4,0.0,84.0,5.2,1011.9
2023-03-15,27000,81.3,73.4,91.9,0.0,107.0,7.7,1011.0
2023-03-16,27000,83.7,70.9,95.0,0.0,118.0,7.2,1011.9
2023-03-17,27000,83.5,75.2,95.0,0.0,129.0,6.9,1011.6
2023-03-20,27000,84.7,78.8,93.2,0.008,160.0,7.5,1009.7
2023-03-21,27000,84.4,78.8,95.0,0.0,158.0,7.1,1009.3
2023-03-22,27000,84.2,78.8,95.0,0.0,153.0,7.4,1008.2
2023-03-23,27000,84.9,78.8,91.4,0.0,170.0,6.7,1008.5
2023-03-24,27000,84.9,78.8,95.0,0.0,169.0,7.1,1009.0
2023-03-27,27000,85.3,80.6,93.2,0.0,155.0,7.9,1009.6
2023-03-28,27000,86.2,80.6,96.8,0.051,141.0,10.7,1010.3
2023-03-29,27000,86.4,78.8,96.8,0.004,127.0,7.6,1010.5
2023-03-30,30000,84.9,80.6,93.2,0.043,155.0,8.0,1009.3
2023-03-31,30000,84.6,80.6,91.4,0.016,161.0,8.1,1009.7
2023-04-03,30000,84.6,78.8,93.2,0.303,158.0,5.5,1008.8
2023-04-05,30000,86.4,80.6,95.0,0.008,184.0,7.5,1008.6
2023-04-06,30000,86.9,78.8,95.0,0.004,169.0,6.2,1009.0
2023-04-07,30000,86.7,82.4,95.0,0.0,165.0,8.6,1010.5
2023-04-10,25000,86.4,78.8,93.2,0.114,162.0,5.0,1010.3
2023-04-11,25000,86.4,82.4,93.2,0.028,155.0,7.0,1009.8
2023-04-12,25000,86.4,82.4,95.0,0.098,170.0,6.3,1008.8
2023-04-13,25000,88.0,82.4,95.0,0.035,174.0,6.0,1008.6
2023-04-14,25000,87.8,84.2,95.0,0.118,170.0,6.5,1008.2
2023-04-17,25000,86.5,80.6,93.2,0.039,151.0,7.5,1009.5
2023-04-18,25000,86.5,82.4,93.2,0.0,159.0,7.4,1009.7
2023-04-19,25000,87.1,82.4,93.2,0.0,185.0,6.4,1007.1
2023-04-20,25000,87.4,82.4,96.8,0.031,215.0,7.8,1005.4
2023-04-21,25000,88.2,82.4,96.8,0.067,202.0,8.0,1005.7
2023-04-24,25000,87.8,80.6,98.6,0.031,119.0,6.1,1009.6
2023-04-25,25000,88.9,82.4,98.6,0.004,135.0,8.6,1007.9
2023-04-26,25000,87.8,82.4,95.0,0.0,121.0,6.6,1008.3
2023-04-27,25000,88.7,82.4,96.8,0.059,123.0,7.3,1008.3
2023-05-04,25000,88.3,84.2,96.8,0.008,159.0,8.8,1007.8
2023-05-05,25000,88.9,82.4,95.0,0.016,205.0,6.6,1005.7
2023-05-08,25000,83.7,77.0,95.0,0.039,221.0,7.4,1006.5
2023-05-10,25000,87.4,78.8,96.8,0.264,142.0,5.5,1008.3
2023-05-11,25000,86.2,82.4,91.4,0.13,155.0,5.5,1009.8
2023-05-12,25000,85.3,80.6,93.2,0.161,131.0,6.3,1010.2
2023-05-15,25000,87.1,80.6,96.8,0.075,222.0,5.0,1010.3
2023-05-19,25000,89.4,82.4,96.8,0.252,246.0,7.8,1007.8
2023-05-22,25000,84.4,77.0,95.0,0.457,223.0,5.8,1010.1
2023-05-23,25000,86.7,80.6,95.0,0.516,231.0,6.7,1009.3
2023-05-24,25000,87.1,82.4,95.0,0.406,232.0,8.3,1009.2
2023-05-25,25000,86.4,82.4,93.2,0.358,228.0,6.6,1009.6
2023-05-26,25000,82.0,78.8,91.4,0.469,229.0,6.6,1009.3
2023-05-29,25000,83.8,80.6,93.2,0.398,223.0,6.0,1007.5
2023-05-30,25000,85.3,80.6,93.2,0.114,236.0,8.1,1007.6
2023-06-01,25000,86.2,80.6,93.2,0.409,252.0,11.6,1006.6
2023-06-02,25000,86.7,82.4,93.2,0.126,246.0,10.1,1007.5
2023-06-05,25000,82.0,77.0,91.4,1.098,306.0,5.9,1006.8
2023-06-06,25000,82.6,78.8,89.6,0.807,259.0,6.6,1007.3
2023-06-07,25000,83.5,78.8,87.8,0.472,235.0,8.1,1008.7
2023-06-08,25000,83.8,78.8,87.8,0.421,252.0,8.2,1008.7
2023-06-09,25000,83.5,78.8,89.6,0.205,260.0,7.8,1007.8
2023-06-12,25000,82.8,78.8,93.2,0.327,241.0,9.4,1007.8
2023-06-13,25000,83.1,77.0,91.4,0.067,261.0,6.1,1008.3
2023-06-15,25000,85.5,80.6,95.0,0.201,275.0,8.1,1008.5
2023-06-16,25000,86.2,80.6,93.2,0.465,250.0,7.5,1007.8
2023-06-19,25000,87.3,77.0,95.0,0.189,281.0,4.7,1008.4
2023-06-20,25000,88.2,80.6,96.8,0.283,269.0,8.0,1008.1
2023-06-21,25000,86.5,80.6,95.0,0.0,273.0,6.5,1009.0
2023-06-22,25000,85.6,73.4,95.0,0.98,275.0,6.8,1008.7
2023-06-23,25000,87.3,77.0,96.8,0.803,240.0,5.7,1007.1
2023-06-27,25000,83.8,77.0,93.2,0.323,241.0,4.1,1007.7
2023-06-28,25000,83.3,78.8,93.2,0.406,216.0,5.0,1008.8
2023-06-29,25000,82.9,75.2,89.6,0.591,229.0,5.5,1008.4
2023-06-30,25000,83.1,77.0,95.0,0.413,213.0,6.6,1008.2
2023-07-04,25000,85.3,75.2,93.2,0.0,326.0,4.7,1009.2
2023-07-05,25000,82.9,77.0,93.2,0.386,6.0,4.7,1008.5
2023-07-06,25000,82.6,77.0,93.2,0.264,118.0,3.1,1009.4
2023-07-07,25000,86.7,78.8,95.0,0.106,159.0,5.4,1009.4
2023-07-10,25000,84.9,77.0,91.4,0.161,228.0,4.7,1009.0
2023-07-11,25000,86.4,78.8,93.2,0.075,262.0,5.8,1008.9
2023-07-12,25000,85.8,80.6,93.2,0.441,246.0,4.5,1008.8
2023-07-13,25000,82.8,73.4,93.2,0.945,266.0,6.8,1008.2
2023-07-17,25000,81.1,78.8,87.8,0.425,252.0,13.4,1004.7
2023-07-18,25000,82.2,78.8,89.6,0.472,250.0,13.0,1005.6
2023-07-19,25000,82.4,78.8,91.4,0.638,265.0,10.4,1005.5
2023-07-20,25000,79.3,77.0,86.0,0.579,266.0,6.8,1006.3
2023-07-21,20000,79.9,75.2,84.2,0.469,247.0,5.5,1007.9
2023-07-25,25000,81.3,77.0,91.4,0.346,248.0,9.8,1008.3
2023-07-26,25000,82.9,77.0,93.2,0.598,261.0,8.9,1008.0
2023-08-01,25000,84.6,77.0,91.4,0.425,260.0,8.4,1008.3
2023-08-02,25000,84.2,80.6,91.4,0.362,258.0,11.2,1008.5
2023-08-03,22000,83.7,80.6,91.4,0.118,238.0,11.0,1009.3
2023-08-04,22000,84.4,80.6,93.2,0.016,240.0,10.2,1011.4
2023-08-08,22000,85.8,80.6,93.2,0.146,254.0,11.4,1009.3
2023-08-09,22000,86.5,80.6,95.0,0.126,259.0,11.6,1010.1
2023-08-10,22000,86.4,80.6,95.0,0.008,265.0,9.3,1009.3
2023-08-11,22000,86.7,80.6,95.0,0.067,260.0,12.0,1008.5
2023-08-14,22000,85.3,80.6,95.0,0.268,239.0,8.8,1008.2
2023-08-15,22000,85.3,80.6,91.4,0.378,240.0,11.3,1008.9
2023-08-16,22000,84.6,80.6,91.4,0.11,251.0,8.7,1009.3
2023-08-17,22000,82.8,78.8,93.2,0.461,256.0,7.3,1008.4
2023-08-18,22000,83.5,78.8,93.2,0.665,260.0,6.0,1007.3
2023-08-21,22000,84.4,78.8,91.4,0.157,213.0,7.3,1008.3
2023-08-22,22000,83.8,78.8,93.2,0.15,237.0,7.3,1008.6
2023-08-23,22000,85.3,80.6,95.0,0.0,261.0,9.1,1008.2
2023-08-24,22000,85.5,78.8,93.2,0.083,256.0,9.9,1008.3
2023-08-25,22000,87.3,80.6,95.0,0.35,263.0,8.6,1008.1
2023-08-28,30000,85.1,78.8,93.2,0.622,265.0,8.7,1006.1
2023-08-29,30000,83.5,75.2,93.2,0.24,248.0,10.1,1006.2
2023-08-31,27000,81.7,77.0,87.8,0.409,248.0,8.9,1007.6
2023-09-05,35000,81.9,78.8,87.8,0.626,245.0,10.6,1007.3
2023-09-06,35000,84.4,78.8,91.4,0.213,267.0,5.7,1008.5
2023-09-07,35000,83.8,78.8,89.6,0.394,252.0,5.7,1008.7
2023-09-08,35000,81.3,75.2,93.2,0.488,246.0,6.0,1008.6
2023-09-11,35000,82.9,75.2,87.8,0.146,257.0,8.6,1009.5
2023-09-12,35000,82.2,78.8,87.8,0.331,246.0,8.1,1010.0
2023-09-14,35000,81.5,77.0,91.4,0.362,272.0,6.1,1009.1
2023-09-15,35000,83.1,77.0,87.8,0.531,255.0,10.1,1009.0
2023-09-19,35000,86.2,77.0,95.0,0.362,326.0,4.2,1010.0
2023-09-21,35000,82.2,77.0,91.4,0.76,122.0,3.0,1009.4
2023-09-26,35000,80.6,78.8,87.8,0.453,234.0,10.7,1007.0
2023-09-27,35000,80.6,77.0,87.8,0.945,233.0,7.3,1008.5
2023-09-28,35000,84.0,77.0,91.4,0.087,288.0,4.7,1009.9
2023-09-29,35000,84.4,80.6,93.2,0.85,295.0,5.2,1010.9
2023-10-02,35000,78.3,77.0,80.6,1.835,264.0,3.4,1009.7
2023-10-03,35000,81.3,75.2,86.0,0.205,255.0,6.4,1010.0
2023-10-04,35000,83.1,78.8,89.6,0.339,215.0,6.6,1009.9
2023-10-05,35000,82.8,77.0,89.6,0.425,217.0,4.7,1009.4
2023-10-09,35000,84.2,77.0,91.4,0.0,342.0,5.5,1011.1
2023-10-10,35000,83.1,75.2,89.6,0.276,172.0,3.5,1010.4
2023-10-11,35000,85.6,78.8,95.0,0.476,123.0,4.8,1010.7
2023-10-12,35000,83.7,77.0,93.2,0.197,72.0,5.3,1011.8
2023-10-16,35000,81.1,77.0,86.0,1.48,271.0,3.0,1009.5
2023-10-17,35000,82.9,77.0,91.4,0.953,247.0,5.8,1010.2
2023-10-18,35000,84.0,78.8,93.2,0.469,246.0,4.0,1010.8
2023-10-19,35000,83.7,75.2,91.4,0.378,185.0,4.1,1010.9
2023-10-23,35000,80.2,75.2,91.4,0.488,247.0,3.8,1012.0
2023-10-24,35000,82.2,75.2,91.4,0.217,309.0,3.8,1011.0
2023-10-26,35000,82.8,77.0,91.4,0.528,107.0,3.5,1011.7
2023-10-27,35000,83.8,77.0,93.2,0.098,142.0,3.7,1011.0
2023-10-30,35000,82.0,75.2,91.4,0.138,27.0,3.9,1010.3
2023-10-31,35000,81.9,77.0,93.2,0.087,43.0,2.5,1010.6
2023-11-01,35000,83.1,77.0,91.4,0.209,38.0,3.1,1010.8
2023-11-02,35000,82.8,77.0,89.6,0.516,306.0,3.8,1010.5
2023-11-03,35000,82.0,77.0,91.4,0.244,327.0,3.5,1009.4
2023-11-06,35000,83.5,75.2,93.2,0.079,77.0,5.6,1010.7
2023-11-07,35000,82.8,78.8,89.6,0.075,0.0,4.2,1010.5
2023-11-08,35000,84.6,77.0,91.4,0.126,79.0,5.0,1009.9
2023-11-10,35000,83.7,78.8,89.6,0.429,38.0,4.7,1011.7
2023-11-13,35000,85.3,78.8,95.0,0.118,22.0,4.0,1011.2
2023-11-14,35000,84.0,78.8,93.2,0.213,40.0,3.9,1011.7
2023-11-15,35000,82.2,77.0,87.8,0.146,34.0,5.0,1012.3
2023-11-17,35000,82.8,78.8,89.6,0.197,21.0,5.6,1013.1
2023-11-20,35000,82.4,75.2,89.6,0.0,28.0,4.8,1011.3
2023-11-21,35000,84.2,78.8,91.4,0.0,3.0,3.9,1010.0
2023-11-22,30000,82.6,75.2,89.6,0.0,326.0,3.5,1009.2
2023-11-23,30000,81.5,78.8,87.8,0.012,296.0,4.1,1009.3
2023-11-24,30000,80.2,77.0,84.2,0.028,26.0,4.0,1010.0
2023-11-27,35000,83.3,77.0,91.4,0.0,45.0,6.7,1010.0
2023-11-28,35000,82.6,75.2,91.4,0.004,15.0,4.9,1010.0
2023-11-30,35000,85.5,78.8,91.4,0.13,109.0,4.2,1010.4
2023-12-01,35000,85.3,78.8,95.0,0.0,64.0,4.3,1009.8
2023-12-04,35000,84.2,77.0,93.2,0.028,92.0,4.3,1010.8
2023-12-06,35000,84.0,78.8,89.6,0.004,105.0,4.7,1011.0
2023-12-07,35000,83.7,77.0,89.6,0.008,102.0,4.1,1010.8
2023-12-08,35000,82.0,78.8,89.6,0.0,51.0,3.2,1011.3
2023-12-13,35000,85.1,77.0,93.2,0.193,93.0,4.4,1011.0
2023-12-18,35000,84.2,75.2,93.2,0.224,40.0,4.5,1011.8
2023-12-20,35000,84.0,77.0,93.2,0.028,43.0,7.1,1010.9
2023-12-22,35000,82.6,75.2,95.0,0.031,40.0,8.5,1012.5
2024-01-05,35000,81.9,75.2,87.8,0.0,341.0,3.2,1012.1
2024-01-08,35000,83.5,78.8,89.6,0.0,87.0,3.1,1012.0
2024-01-09,35000,83.8,78.8,93.2,0.0,93.0,4.5,1011.3
2024-01-11,35000,83.3,75.2,93.2,0.0,102.0,4.9,1011.2
2024-01-12,35000,81.5,73.4,89.6,0.0,131.0,4.9,1011.0
2024-01-15,35000,82.0,73.4,93.2,0.0,47.0,4.2,1011.5
2024-01-16,35000,82.9,75.2,91.4,0.0,63.0,3.9,1011.3
2024-01-19,35000,83.5,75.2,93.2,0.0,123.0,4.7,1010.9
2024-01-22,35000,84.7,77.0,95.0,0.0,118.0,6.8,1012.5
2024-01-23,35000,83.8,75.2,95.0,0.0,101.0,5.2,1013.4
2024-01-24,35000,83.7,75.2,95.0,0.0,154.0,5.5,1013.7
2024-02-19,35000,84.6,78.8,93.2,0.0,143.0,8.8,1012.3
2024-02-20,35000,84.0,78.8,93.2,0.0,156.0,7.6,1011.9
2024-02-26,35000,86.7,77.0,96.8,0.0,104.0,7.0,1011.7
2024-02-28,35000,85.6,77.0,95.0,0.0,116.0,8.5,1010.2
2024-02-29,35000,85.8,77.0,96.8,0.0,120.0,9.1,1010.7
2024-03-04,35000,84.4,78.8,93.2,0.0,149.0,9.4,1010.6
2024-03-05,35000,83.8,75.4,94.1,0.0,77.0,4.1,1010.0
2024-03-06,35000,84.9,75.9,95.7,0.0,147.0,3.4,1009.0
2024-03-11,35000,83.3,75.0,94.1,,69.0,6.0,1013.1
2024-03-12,35000,83.3,74.3,94.1,,69.0,6.1,1012.9
